{"type": "FeatureCollection", "features": [{"geometry":{"coordinates":[[[-71.09949400000001,42.3354770],[-71.0993120,42.3354080],[-71.0993560,42.3353440],[-71.09941499999999,42.3353670],[-71.099520,42.3354080],[-71.0995370,42.3354130]]],"type":"Polygon"},"id":21947,"properties":{"bra_use":"A","foots_1003":"90910","gm_layer":"Unknown Area Type","gm_type":"Unknown Area Type","layer":"Unknown Area Type","lnduse":"","name":"","objectid_1":"91551","parcel_id":"0","story_ht_":"0"},"type":"Feature"}
,{"geometry":{"coordinates":[[[-71.099520,42.3354080],[-71.09941499999999,42.3353670],[-71.0994760,42.3352810],[-71.099490,42.3352870],[-71.0995810,42.3353220]]],"type":"Polygon"},"id":21948,"properties":{"bra_use":"A","foots_1003":"90911","gm_layer":"Unknown Area Type","gm_type":"Unknown Area Type","layer":"Unknown Area Type","lnduse":"","name":"","objectid_1":"91552","parcel_id":"0","story_ht_":"0"},"type":"Feature"}
,{"geometry":{"coordinates":[[[-71.09960100000001,42.3353310],[-71.0995810,42.3353220],[-71.099490,42.3352870],[-71.0995650,42.335180],[-71.0995880,42.3351880],[-71.0996760,42.3352230]]],"type":"Polygon"},"id":21949,"properties":{"bra_use":"A","foots_1003":"90912","gm_layer":"Unknown Area Type","gm_type":"Unknown Area Type","layer":"Unknown Area Type","lnduse":"","name":"","objectid_1":"91553","parcel_id":"0","story_ht_":"0"},"type":"Feature"}
,{"geometry":{"coordinates":[[[-71.0996930,42.335230],[-71.0996760,42.3352230],[-71.0995880,42.3351880],[-71.0996480,42.3351030],[-71.0997540,42.3351430]]],"type":"Polygon"},"id":21950,"properties":{"bra_use":"A","foots_1003":"90913","gm_layer":"Unknown Area Type","gm_type":"Unknown Area Type","layer":"Unknown Area Type","lnduse":"","name":"","objectid_1":"91554","parcel_id":"0","story_ht_":"0"},"type":"Feature"}
,{"geometry":{"coordinates":[[[-71.0997720,42.3351160],[-71.0997540,42.3351430],[-71.0996480,42.3351030],[-71.09964100000001,42.3350990],[-71.09966799999999,42.3350630],[-71.0997790,42.3351050]]],"type":"Polygon"},"id":21951,"properties":{"bra_use":"A","foots_1003":"90914","gm_layer":"Unknown Area Type","gm_type":"Unknown Area Type","layer":"Unknown Area Type","lnduse":"","name":"","objectid_1":"91555","parcel_id":"0","story_ht_":"0"},"type":"Feature"}
,{"geometry":{"coordinates":[[[-71.09980400000001,42.3350710],[-71.0997790,42.3351050],[-71.09966799999999,42.3350630],[-71.0996930,42.3350250],[-71.0998220,42.3350750]]],"type":"Polygon"},"id":21952,"properties":{"bra_use":"A","foots_1003":"90915","gm_layer":"Unknown Area Type","gm_type":"Unknown Area Type","layer":"Unknown Area Type","lnduse":"","name":"","objectid_1":"91556","parcel_id":"0","story_ht_":"0"},"type":"Feature"}
,{"geometry":{"coordinates":[[[-71.0998220,42.3350750],[-71.0996930,42.3350250],[-71.0996720,42.3350170],[-71.0997180,42.3349530],[-71.09986600000001,42.3350110]]],"type":"Polygon"},"id":21953,"properties":{"bra_use":"A","foots_1003":"90916","gm_layer":"Unknown Area Type","gm_type":"Unknown Area Type","layer":"Unknown Area Type","lnduse":"","name":"","objectid_1":"91557","parcel_id":"0","story_ht_":"0"},"type":"Feature"}
,{"geometry":{"coordinates":[[[-71.0993550,42.3349860],[-71.09926900000001,42.3349530],[-71.0992870,42.3349290],[-71.0993520,42.3348330],[-71.0993620,42.334820],[-71.0994480,42.3348520]]],"type":"Polygon"},"id":21966,"properties":{"bra_use":"A","foots_1003":"90929","gm_layer":"Unknown Area Type","gm_type":"Unknown Area Type","layer":"Unknown Area Type","lnduse":"","name":"","objectid_1":"91570","parcel_id":"0","story_ht_":"0"},"type":"Feature"}
,{"geometry":{"coordinates":[[[-71.09992200000001,42.334410],[-71.0998350,42.334380],[-71.09984300000001,42.3343690],[-71.0998970,42.3342810],[-71.0999070,42.3342660],[-71.0999940,42.3342970]]],"type":"Polygon"},"id":22021,"properties":{"bra_use":"A","foots_1003":"90984","gm_layer":"Unknown Area Type","gm_type":"Unknown Area Type","layer":"Unknown Area Type","lnduse":"","name":"","objectid_1":"91625","parcel_id":"0","story_ht_":"0"},"type":"Feature"}
,{"geometry":{"coordinates":[[[-71.09984300000001,42.3343690],[-71.0997350,42.3343320],[-71.0997910,42.3342440],[-71.0998970,42.3342810]]],"type":"Polygon"},"id":22022,"properties":{"bra_use":"A","foots_1003":"90985","gm_layer":"Unknown Area Type","gm_type":"Unknown Area Type","layer":"Unknown Area Type","lnduse":"","name":"","objectid_1":"91626","parcel_id":"0","story_ht_":"0"},"type":"Feature"}
,{"geometry":{"coordinates":[[[-71.0996830,42.3342070],[-71.0996270,42.3342940],[-71.0996210,42.3343040],[-71.09953299999999,42.3342740],[-71.0996050,42.334160],[-71.09969200000001,42.3341910]]],"type":"Polygon"},"id":22023,"properties":{"bra_use":"A","foots_1003":"90986","gm_layer":"Unknown Area Type","gm_type":"Unknown Area Type","layer":"Unknown Area Type","lnduse":"","name":"","objectid_1":"91627","parcel_id":"0","story_ht_":"0"},"type":"Feature"}
,{"geometry":{"coordinates":[[[-71.0997350,42.3343320],[-71.0996270,42.3342940],[-71.0996830,42.3342070],[-71.0997910,42.3342440]]],"type":"Polygon"},"id":22024,"properties":{"bra_use":"A","foots_1003":"90987","gm_layer":"Unknown Area Type","gm_type":"Unknown Area Type","layer":"Unknown Area Type","lnduse":"","name":"","objectid_1":"91628","parcel_id":"0","story_ht_":"0"},"type":"Feature"}
,{"geometry":{"coordinates":[[[-71.09998899999999,42.3348050],[-71.0998060,42.3347420],[-71.0998460,42.3346770],[-71.09988800000001,42.3346920],[-71.1000050,42.3347330],[-71.10002900000001,42.3347410]]],"type":"Polygon"},"id":22025,"properties":{"bra_use":"A","foots_1003":"90988","gm_layer":"Unknown Area Type","gm_type":"Unknown Area Type","layer":"Unknown Area Type","lnduse":"","name":"","objectid_1":"91629","parcel_id":"0","story_ht_":"0"},"type":"Feature"}
,{"geometry":{"coordinates":[[[-71.1000050,42.3347330],[-71.09988800000001,42.3346920],[-71.0999370,42.3346120],[-71.1000560,42.3346520]]],"type":"Polygon"},"id":22026,"properties":{"bra_use":"A","foots_1003":"90989","gm_layer":"Unknown Area Type","gm_type":"Unknown Area Type","layer":"Unknown Area Type","lnduse":"","name":"","objectid_1":"91630","parcel_id":"0","story_ht_":"0"},"type":"Feature"}
,{"geometry":{"coordinates":[[[-71.1000560,42.3346520],[-71.0999370,42.3346120],[-71.0999880,42.3345320],[-71.1001060,42.3345720]]],"type":"Polygon"},"id":22027,"properties":{"bra_use":"A","foots_1003":"90990","gm_layer":"Unknown Area Type","gm_type":"Unknown Area Type","layer":"Unknown Area Type","lnduse":"","name":"","objectid_1":"91631","parcel_id":"0","story_ht_":"0"},"type":"Feature"}
,{"geometry":{"coordinates":[[[-71.1001060,42.3345720],[-71.0999880,42.3345320],[-71.0999590,42.3345180],[-71.1000140,42.3344340],[-71.1000250,42.3344380],[-71.1001620,42.3344850]]],"type":"Polygon"},"id":22028,"properties":{"bra_use":"A","foots_1003":"90991","gm_layer":"Unknown Area Type","gm_type":"Unknown Area Type","layer":"Unknown Area Type","lnduse":"","name":"","objectid_1":"91632","parcel_id":"0","story_ht_":"0"},"type":"Feature"}
,{"geometry":{"coordinates":[[[-71.1001780,42.3344920],[-71.1001620,42.3344850],[-71.1000250,42.3344380],[-71.1000650,42.3343740],[-71.10021999999999,42.3344260]]],"type":"Polygon"},"id":22029,"properties":{"bra_use":"A","foots_1003":"90992","gm_layer":"Unknown Area Type","gm_type":"Unknown Area Type","layer":"Unknown Area Type","lnduse":"","name":"","objectid_1":"91633","parcel_id":"0","story_ht_":"0"},"type":"Feature"}
,{"geometry":{"coordinates":[[[-71.0997170,42.334740],[-71.09962899999999,42.3347110],[-71.0996370,42.3346970],[-71.09969599999999,42.3346010],[-71.09970,42.3345970],[-71.09978700000001,42.3346280]]],"type":"Polygon"},"id":22030,"properties":{"bra_use":"A","foots_1003":"90993","gm_layer":"Unknown Area Type","gm_type":"Unknown Area Type","layer":"Unknown Area Type","lnduse":"","name":"","objectid_1":"91634","parcel_id":"0","story_ht_":"0"},"type":"Feature"}
,{"geometry":{"coordinates":[[[-71.0994820,42.3345270],[-71.09942100000001,42.3346230],[-71.0994120,42.3346360],[-71.09932499999999,42.3346050],[-71.09939799999999,42.3344930],[-71.0994840,42.3345220]]],"type":"Polygon"},"id":22031,"properties":{"bra_use":"A","foots_1003":"90994","gm_layer":"Unknown Area Type","gm_type":"Unknown Area Type","layer":"Unknown Area Type","lnduse":"","name":"","objectid_1":"91635","parcel_id":"0","story_ht_":"0"},"type":"Feature"}
,{"geometry":{"coordinates":[[[-71.0995290,42.334660],[-71.09952300000001,42.3346590],[-71.09942100000001,42.3346230],[-71.0994820,42.3345270],[-71.0995880,42.3345640]]],"type":"Polygon"},"id":22032,"properties":{"bra_use":"A","foots_1003":"90995","gm_layer":"Unknown Area Type","gm_type":"Unknown Area Type","layer":"Unknown Area Type","lnduse":"","name":"","objectid_1":"91636","parcel_id":"0","story_ht_":"0"},"type":"Feature"}
,{"geometry":{"coordinates":[[[-71.0996370,42.3346970],[-71.0995290,42.334660],[-71.0995880,42.3345640],[-71.09969599999999,42.3346010]]],"type":"Polygon"},"id":22033,"properties":{"bra_use":"A","foots_1003":"90996","gm_layer":"Unknown Area Type","gm_type":"Unknown Area Type","layer":"Unknown Area Type","lnduse":"","name":"","objectid_1":"91637","parcel_id":"0","story_ht_":"0"},"type":"Feature"}
]}