{"type": "FeatureCollection", "features": [{"geometry":{"coordinates":[[[-71.0786270,42.3461610],[-71.0785080,42.3460840],[-71.07869700000001,42.3459240],[-71.0788170,42.3460020]]],"type":"Polygon"},"id":7442,"properties":{"bra_use":"E","foots_1003":"12442","gm_layer":"Unknown Area Type","gm_type":"Unknown Area Type","layer":"Unknown Area Type","lnduse":"E","name":"","objectid_1":"12875","parcel_id":"400967000","story_ht_":"2"},"type":"Feature"}
,{"geometry":{"coordinates":[[[-71.07887599999999,42.3460730],[-71.0788840,42.3460670],[-71.0788610,42.3460530],[-71.0789130,42.3460080],[-71.07897800000001,42.3459540],[-71.0789570,42.3459390],[-71.0792040,42.3457340],[-71.07942799999999,42.3458840],[-71.0790540,42.3461940],[-71.0789120,42.3460980]]],"type":"Polygon"},"id":7444,"properties":{"bra_use":"A","foots_1003":"12444","gm_layer":"Unknown Area Type","gm_type":"Unknown Area Type","layer":"Unknown Area Type","lnduse":"A","name":"","objectid_1":"12877","parcel_id":"400970000","story_ht_":"2"},"type":"Feature"}
,{"geometry":{"coordinates":[[[-71.0749570,42.345670],[-71.0749340,42.3456220],[-71.0749950,42.3456050],[-71.075070,42.3457580],[-71.07493700000001,42.3457930],[-71.0748840,42.345690]]],"type":"Polygon"},"id":6628,"properties":{"bra_use":"CM","foots_1003":"11628","gm_layer":"Unknown Area Type","gm_type":"Unknown Area Type","layer":"Unknown Area Type","lnduse":"CM","name":"","objectid_1":"12216","parcel_id":"400029000","story_ht_":"0"},"type":"Feature"}
,{"geometry":{"coordinates":[[[-71.07480700000001,42.345710],[-71.0748840,42.345690],[-71.07493700000001,42.3457930],[-71.0748590,42.3458140],[-71.07481199999999,42.3457190]]],"type":"Polygon"},"id":6629,"properties":{"bra_use":"CM","foots_1003":"11629","gm_layer":"Unknown Area Type","gm_type":"Unknown Area Type","layer":"Unknown Area Type","lnduse":"CM","name":"","objectid_1":"12217","parcel_id":"400030000","story_ht_":"0"},"type":"Feature"}
,{"geometry":{"coordinates":[[[-71.0748590,42.3458140],[-71.07478999999999,42.3458320],[-71.0747430,42.3457380],[-71.07481199999999,42.3457190]]],"type":"Polygon"},"id":6630,"properties":{"bra_use":"CM","foots_1003":"11630","gm_layer":"Unknown Area Type","gm_type":"Unknown Area Type","layer":"Unknown Area Type","lnduse":"CM","name":"","objectid_1":"12218","parcel_id":"400031000","story_ht_":"0"},"type":"Feature"}
,{"geometry":{"coordinates":[[[-71.0747430,42.3457380],[-71.07478999999999,42.3458320],[-71.07472199999999,42.3458510],[-71.0746740,42.3457550]]],"type":"Polygon"},"id":6631,"properties":{"bra_use":"CM","foots_1003":"11631","gm_layer":"Unknown Area Type","gm_type":"Unknown Area Type","layer":"Unknown Area Type","lnduse":"CM","name":"","objectid_1":"12219","parcel_id":"400032000","story_ht_":"0"},"type":"Feature"}
,{"geometry":{"coordinates":[[[-71.0746740,42.3457550],[-71.07472199999999,42.3458510],[-71.0746560,42.3458680],[-71.0746070,42.3457750]]],"type":"Polygon"},"id":6632,"properties":{"bra_use":"CM","foots_1003":"11632","gm_layer":"Unknown Area Type","gm_type":"Unknown Area Type","layer":"Unknown Area Type","lnduse":"CM","name":"","objectid_1":"12220","parcel_id":"400033000","story_ht_":"0"},"type":"Feature"}
,{"geometry":{"coordinates":[[[-71.0746070,42.3457750],[-71.0746560,42.3458680],[-71.0745830,42.3458890],[-71.0745360,42.3457920]]],"type":"Polygon"},"id":6633,"properties":{"bra_use":"CM","foots_1003":"11633","gm_layer":"Unknown Area Type","gm_type":"Unknown Area Type","layer":"Unknown Area Type","lnduse":"CM","name":"","objectid_1":"12221","parcel_id":"400034000","story_ht_":"0"},"type":"Feature"}
,{"geometry":{"coordinates":[[[-71.0746750,42.3453590],[-71.0746520,42.3453110],[-71.07479600000001,42.3452710],[-71.07480700000001,42.3452920],[-71.07481300000001,42.345290],[-71.0748230,42.3452990],[-71.0748280,42.3453110],[-71.0748230,42.3453170],[-71.07481300000001,42.345320]]],"type":"Polygon"},"id":6674,"properties":{"bra_use":"CM","foots_1003":"11674","gm_layer":"Unknown Area Type","gm_type":"Unknown Area Type","layer":"Unknown Area Type","lnduse":"CM","name":"","objectid_1":"12262","parcel_id":"400082000","story_ht_":"0"},"type":"Feature"}
,{"geometry":{"coordinates":[[[-71.07472799999999,42.345470],[-71.07470100000001,42.3454140],[-71.0748390,42.3453760],[-71.074840,42.3453770],[-71.0748510,42.3453740],[-71.0748620,42.3453990],[-71.0748680,42.3453990],[-71.07487500000001,42.3454180],[-71.0748720,42.3454230],[-71.0748650,42.3454260],[-71.0748680,42.345430]]],"type":"Polygon"},"id":6676,"properties":{"bra_use":"CM","foots_1003":"11676","gm_layer":"Unknown Area Type","gm_type":"Unknown Area Type","layer":"Unknown Area Type","lnduse":"CM","name":"","objectid_1":"12264","parcel_id":"400084000","story_ht_":"0"},"type":"Feature"}
,{"geometry":{"coordinates":[[[-71.0747530,42.3455220],[-71.07472799999999,42.345470],[-71.0748680,42.345430],[-71.0748770,42.3454510],[-71.0748870,42.3454490],[-71.0748960,42.3454560],[-71.07490199999999,42.3454680],[-71.0749010,42.3454760],[-71.07489099999999,42.345480],[-71.07489200000001,42.3454810]]],"type":"Polygon"},"id":6677,"properties":{"bra_use":"CM","foots_1003":"11677","gm_layer":"Unknown Area Type","gm_type":"Unknown Area Type","layer":"Unknown Area Type","lnduse":"CM","name":"","objectid_1":"12265","parcel_id":"400085000","story_ht_":"0"},"type":"Feature"}
,{"geometry":{"coordinates":[[[-71.0749040,42.3455080],[-71.07491400000001,42.3455060],[-71.0749220,42.3455120],[-71.0749280,42.3455230],[-71.07492499999999,42.3455310],[-71.07491400000001,42.3455350],[-71.0749170,42.3455390],[-71.074780,42.3455790],[-71.0747530,42.3455220],[-71.07489200000001,42.3454810]]],"type":"Polygon"},"id":6678,"properties":{"bra_use":"CM","foots_1003":"11678","gm_layer":"Unknown Area Type","gm_type":"Unknown Area Type","layer":"Unknown Area Type","lnduse":"CM","name":"","objectid_1":"12266","parcel_id":"400086000","story_ht_":"0"},"type":"Feature"}
,{"geometry":{"coordinates":[[[-71.0746470,42.3455140],[-71.0746910,42.3456050],[-71.0746260,42.3456230],[-71.0745790,42.3455310]]],"type":"Polygon"},"id":6679,"properties":{"bra_use":"CM","foots_1003":"11679","gm_layer":"Unknown Area Type","gm_type":"Unknown Area Type","layer":"Unknown Area Type","lnduse":"CM","name":"","objectid_1":"12267","parcel_id":"400087000","story_ht_":"0"},"type":"Feature"}
,{"geometry":{"coordinates":[[[-71.074460,42.3449020],[-71.0745950,42.3448640],[-71.0746020,42.3448670],[-71.0746120,42.344880],[-71.0746140,42.3448920],[-71.0746120,42.3448980],[-71.07463199999999,42.3449380],[-71.0746420,42.344940],[-71.0746470,42.344950],[-71.0746370,42.3449610],[-71.07463900000001,42.3449670],[-71.0746590,42.3449710],[-71.0746630,42.3449810],[-71.0746540,42.344990],[-71.0746650,42.345010],[-71.0745290,42.3450450]]],"type":"Polygon"},"id":6756,"properties":{"bra_use":"CM","foots_1003":"11756","gm_layer":"Unknown Area Type","gm_type":"Unknown Area Type","layer":"Unknown Area Type","lnduse":"CM","name":"","objectid_1":"12344","parcel_id":"400181000","story_ht_":"0"},"type":"Feature"}
,{"geometry":{"coordinates":[[[-71.0746760,42.3450320],[-71.0746910,42.3450330],[-71.07469500000001,42.3450460],[-71.07468400000001,42.3450620],[-71.0744720,42.3451170],[-71.0744570,42.3451110],[-71.07443600000001,42.3450730],[-71.0745290,42.3450450],[-71.0746650,42.345010]]],"type":"Polygon"},"id":6757,"properties":{"bra_use":"CM","foots_1003":"11757","gm_layer":"Unknown Area Type","gm_type":"Unknown Area Type","layer":"Unknown Area Type","lnduse":"CM","name":"","objectid_1":"12345","parcel_id":"400183000","story_ht_":"0"},"type":"Feature"}
,{"geometry":{"coordinates":[[[-71.07490300000001,42.3439120],[-71.0749780,42.3438910],[-71.0750360,42.3440090],[-71.07500400000001,42.3440160],[-71.0750080,42.3440260],[-71.07499799999999,42.3440320],[-71.07498800000001,42.3440360],[-71.0749740,42.3440360],[-71.0749670,42.3440270],[-71.07496399999999,42.3440280]]],"type":"Polygon"},"id":6856,"properties":{"bra_use":"CM","foots_1003":"11856","gm_layer":"Unknown Area Type","gm_type":"Unknown Area Type","layer":"Unknown Area Type","lnduse":"CM","name":"","objectid_1":"12444","parcel_id":"400308000","story_ht_":"0"},"type":"Feature"}
,{"geometry":{"coordinates":[[[-71.0748830,42.3440520],[-71.0748780,42.3440630],[-71.0748550,42.3440690],[-71.074840,42.3440630],[-71.0748110,42.344070],[-71.0747210,42.3438830],[-71.0747930,42.3438610],[-71.0748280,42.3439320],[-71.07489099999999,42.3440490]]],"type":"Polygon"},"id":6858,"properties":{"bra_use":"CM","foots_1003":"11858","gm_layer":"Unknown Area Type","gm_type":"Unknown Area Type","layer":"Unknown Area Type","lnduse":"CM","name":"","objectid_1":"12446","parcel_id":"400310000","story_ht_":"0"},"type":"Feature"}
,{"geometry":{"coordinates":[[[-71.0747310,42.344120],[-71.0745560,42.3441680],[-71.0745340,42.3441210],[-71.0747070,42.3440730]]],"type":"Polygon"},"id":6859,"properties":{"bra_use":"CM","foots_1003":"11859","gm_layer":"Unknown Area Type","gm_type":"Unknown Area Type","layer":"Unknown Area Type","lnduse":"CM","name":"","objectid_1":"12447","parcel_id":"400311000","story_ht_":"0"},"type":"Feature"}
,{"geometry":{"coordinates":[[[-71.0747310,42.344120],[-71.0745560,42.3441680],[-71.0745340,42.3441210],[-71.0747070,42.3440730]]],"type":"Polygon"},"id":6860,"properties":{"bra_use":"CM","foots_1003":"11860","gm_layer":"Unknown Area Type","gm_type":"Unknown Area Type","layer":"Unknown Area Type","lnduse":"CM","name":"","objectid_1":"12448","parcel_id":"400311000","story_ht_":"0"},"type":"Feature"}
,{"geometry":{"coordinates":[[[-71.0761960,42.3458770],[-71.0761550,42.345850],[-71.0761480,42.3458530],[-71.0760320,42.3457710],[-71.07603400000001,42.3457680],[-71.07598900000001,42.3457350],[-71.07607899999999,42.3456650],[-71.0761680,42.3457290],[-71.07617500000001,42.3457220],[-71.0762050,42.3457460],[-71.0761960,42.3457520],[-71.07628099999999,42.3458140],[-71.076280,42.3458140]]],"type":"Polygon"},"id":6889,"properties":{"bra_use":"A","foots_1003":"11889","gm_layer":"Unknown Area Type","gm_type":"Unknown Area Type","layer":"Unknown Area Type","lnduse":"E","name":"","objectid_1":"12659","parcel_id":"400600000","story_ht_":"0"},"type":"Feature"}
,{"geometry":{"coordinates":[[[-71.0765450,42.3463820],[-71.07650700000001,42.3463570],[-71.0764550,42.3463990],[-71.07638300000001,42.3463510],[-71.07637200000001,42.346360],[-71.0763390,42.346340],[-71.0763470,42.3463320],[-71.07626500000001,42.3462770],[-71.0762580,42.3462840],[-71.0762240,42.3462610],[-71.07623700000001,42.3462510],[-71.0761670,42.3462040],[-71.0762190,42.3461620],[-71.07617999999999,42.3461360],[-71.0762190,42.3461040],[-71.0762070,42.3460960],[-71.076240,42.3460690],[-71.07625299999999,42.3460780],[-71.0763060,42.3460340],[-71.076370,42.3460770],[-71.07635500000001,42.3460890],[-71.076380,42.3461050],[-71.07631600000001,42.3461580],[-71.07632200000001,42.346160],[-71.0762780,42.3461960],[-71.0763090,42.3462170],[-71.0763310,42.3461970],[-71.0764470,42.3462760],[-71.07642300000001,42.3462950],[-71.07645599999999,42.3463170],[-71.0764990,42.3462810],[-71.0765040,42.3462840],[-71.0765670,42.3462330],[-71.0765940,42.346250],[-71.0766070,42.3462380],[-71.07666999999999,42.3462790]]],"type":"Polygon"},"id":6890,"properties":{"bra_use":"A","foots_1003":"11890","gm_layer":"Unknown Area Type","gm_type":"Unknown Area Type","layer":"Unknown Area Type","lnduse":"E","name":"","objectid_1":"12660","parcel_id":"400600000","story_ht_":"0"},"type":"Feature"}
,{"geometry":{"coordinates":[[[-71.07628099999999,42.3467290],[-71.07637699999999,42.3466770],[-71.0765490,42.3465490],[-71.0766060,42.3464980],[-71.07665900000001,42.3465370],[-71.0766970,42.3465060],[-71.0766910,42.3465020],[-71.07672700000001,42.3464740],[-71.0767350,42.3464770],[-71.07688899999999,42.3463520],[-71.0768820,42.3463460],[-71.0769170,42.3463180],[-71.0769250,42.3463230],[-71.0769810,42.3462790],[-71.0770540,42.346330],[-71.0770370,42.3463410],[-71.0770630,42.3463580],[-71.07676100000001,42.3466050],[-71.07669799999999,42.3466540],[-71.0766120,42.3467220],[-71.076510,42.3467950],[-71.0763760,42.3468710],[-71.0762970,42.3469070],[-71.0762160,42.3469390],[-71.0762070,42.3469410],[-71.07610200000001,42.3469790],[-71.0760770,42.3469850],[-71.0760530,42.3469920],[-71.07602900000001,42.3469970],[-71.07602799999999,42.3469960],[-71.0760050,42.346940],[-71.07610,42.3468290],[-71.0759420,42.3467510],[-71.0758520,42.3467770],[-71.0756760,42.3464140],[-71.0756370,42.3463490],[-71.0756210,42.3463130],[-71.0756110,42.3463150],[-71.0755940,42.3462810],[-71.0756030,42.3462780],[-71.0755230,42.3461160],[-71.0755120,42.3461190],[-71.0754960,42.3460860],[-71.0755080,42.3460820],[-71.0754730,42.3460060],[-71.0754580,42.3460090],[-71.07544400000001,42.3459760],[-71.0754580,42.3459730],[-71.07544400000001,42.3459380],[-71.0754280,42.3459350],[-71.0754170,42.3459130],[-71.0754350,42.3458950],[-71.07544799999999,42.3458950],[-71.07551700000001,42.3458390],[-71.07551100000001,42.3458350],[-71.0755410,42.3458090],[-71.0755510,42.3458170],[-71.0756210,42.3457560],[-71.0756130,42.345750],[-71.07564600000001,42.3457220],[-71.0756550,42.3457280],[-71.0756930,42.3456950],[-71.0757010,42.3456990],[-71.075920,42.3455210],[-71.07603500000001,42.3455970],[-71.0758060,42.3457760],[-71.07579200000001,42.3457630],[-71.07557799999999,42.3459370],[-71.0757660,42.3463160],[-71.07583800000001,42.3462970],[-71.0758690,42.3463610],[-71.0758720,42.3463580],[-71.0760310,42.3466840],[-71.07620,42.3467670]]],"type":"Polygon"},"id":6891,"properties":{"bra_use":"A","foots_1003":"11891","gm_layer":"Unknown Area Type","gm_type":"Unknown Area Type","layer":"Unknown Area Type","lnduse":"E","name":"Tent City Apartments","objectid_1":"12661","parcel_id":"400600000","story_ht_":"0"},"type":"Feature"}
,{"geometry":{"coordinates":[[[-71.07660300000001,42.3461530],[-71.0765990,42.3461580],[-71.076480,42.3460750],[-71.0764830,42.3460710],[-71.0763690,42.3459930],[-71.0763910,42.3459750],[-71.07637699999999,42.3459650],[-71.0764370,42.3459190],[-71.0764940,42.3459580],[-71.07650700000001,42.3459470],[-71.0765480,42.3459750],[-71.0765340,42.3459880],[-71.0765620,42.3460080],[-71.0765670,42.3460050],[-71.0766120,42.3460340],[-71.0766210,42.3460270],[-71.07665299999999,42.3460490],[-71.0766460,42.3460550],[-71.0766890,42.3460840],[-71.0766860,42.3460870],[-71.0767240,42.3461120],[-71.0767340,42.3461030],[-71.0767690,42.3461270],[-71.0767560,42.3461380],[-71.0768130,42.3461770],[-71.0767570,42.3462230],[-71.07674299999999,42.3462130],[-71.0767190,42.3462330]]],"type":"Polygon"},"id":6892,"properties":{"bra_use":"A","foots_1003":"11892","gm_layer":"Unknown Area Type","gm_type":"Unknown Area Type","layer":"Unknown Area Type","lnduse":"E","name":"","objectid_1":"12662","parcel_id":"400600000","story_ht_":"0"},"type":"Feature"}
,{"geometry":{"coordinates":[[[-71.0759790,42.346040],[-71.0759910,42.3460480],[-71.0759570,42.3460760],[-71.07594400000001,42.3460670],[-71.0758890,42.3461130],[-71.0758250,42.3460710],[-71.075840,42.3460590],[-71.07580900000001,42.3460380],[-71.076030,42.3458560],[-71.0760650,42.3458790],[-71.07607299999999,42.3458710],[-71.07613499999999,42.3459120]]],"type":"Polygon"},"id":6893,"properties":{"bra_use":"A","foots_1003":"11893","gm_layer":"Unknown Area Type","gm_type":"Unknown Area Type","layer":"Unknown Area Type","lnduse":"E","name":"","objectid_1":"12663","parcel_id":"400600000","story_ht_":"0"},"type":"Feature"}
,{"geometry":{"coordinates":[[[-71.0770040,42.3458790],[-71.07705799999999,42.3459140],[-71.0769530,42.3460010],[-71.076950,42.3460],[-71.0769360,42.3459990],[-71.0769250,42.345990],[-71.07692400000001,42.3459810],[-71.07689600000001,42.3459630]]],"type":"Polygon"},"id":6898,"properties":{"bra_use":"CM","foots_1003":"11898","gm_layer":"Unknown Area Type","gm_type":"Unknown Area Type","layer":"Unknown Area Type","lnduse":"CM","name":"","objectid_1":"12668","parcel_id":"400646000","story_ht_":"0"},"type":"Feature"}
,{"geometry":{"coordinates":[[[-71.0765390,42.3455640],[-71.07660,42.3456060],[-71.07650200000001,42.3456910],[-71.0764360,42.3456450]]],"type":"Polygon"},"id":6905,"properties":{"bra_use":"CM","foots_1003":"11905","gm_layer":"Unknown Area Type","gm_type":"Unknown Area Type","layer":"Unknown Area Type","lnduse":"CM","name":"","objectid_1":"12675","parcel_id":"400654000","story_ht_":"0"},"type":"Feature"}
,{"geometry":{"coordinates":[[[-71.0765390,42.3455640],[-71.0764360,42.3456450],[-71.0763790,42.3456050],[-71.07647900000001,42.3455240]]],"type":"Polygon"},"id":6906,"properties":{"bra_use":"CM","foots_1003":"11906","gm_layer":"Unknown Area Type","gm_type":"Unknown Area Type","layer":"Unknown Area Type","lnduse":"CM","name":"","objectid_1":"12676","parcel_id":"400655000","story_ht_":"0"},"type":"Feature"}
,{"geometry":{"coordinates":[[[-71.0747630,42.3444790],[-71.07468900000001,42.34450],[-71.0746410,42.3444030],[-71.0746350,42.3444050],[-71.0746260,42.3443860],[-71.07470499999999,42.3443650]]],"type":"Polygon"},"id":7066,"properties":{"bra_use":"CM","foots_1003":"12066","gm_layer":"Unknown Area Type","gm_type":"Unknown Area Type","layer":"Unknown Area Type","lnduse":"CM","name":"","objectid_1":"12474","parcel_id":"400331000","story_ht_":"0"},"type":"Feature"}
,{"geometry":{"coordinates":[[[-71.0750740,42.3443950],[-71.075020,42.344280],[-71.0750870,42.3442620],[-71.0751440,42.3443760]]],"type":"Polygon"},"id":7071,"properties":{"bra_use":"CM","foots_1003":"12071","gm_layer":"Unknown Area Type","gm_type":"Unknown Area Type","layer":"Unknown Area Type","lnduse":"CM","name":"","objectid_1":"12479","parcel_id":"400337000","story_ht_":"0"},"type":"Feature"}
,{"geometry":{"coordinates":[[[-71.07575900000001,42.344210],[-71.0757010,42.3440950],[-71.0757770,42.3440730],[-71.0758340,42.3441890]]],"type":"Polygon"},"id":7081,"properties":{"bra_use":"CM","foots_1003":"12081","gm_layer":"Unknown Area Type","gm_type":"Unknown Area Type","layer":"Unknown Area Type","lnduse":"CM","name":"","objectid_1":"12489","parcel_id":"400347000","story_ht_":"0"},"type":"Feature"}
,{"geometry":{"coordinates":[[[-71.07584199999999,42.3443660],[-71.0759750,42.3443250],[-71.0759750,42.3443260],[-71.0759820,42.3443240],[-71.0759980,42.3443320],[-71.0759980,42.344350],[-71.0759910,42.3443510],[-71.07600100000001,42.3443670],[-71.0758690,42.344410]]],"type":"Polygon"},"id":7084,"properties":{"bra_use":"CM","foots_1003":"12084","gm_layer":"Unknown Area Type","gm_type":"Unknown Area Type","layer":"Unknown Area Type","lnduse":"CM","name":"","objectid_1":"12492","parcel_id":"400350000","story_ht_":"0"},"type":"Feature"}
,{"geometry":{"coordinates":[[[-71.07592699999999,42.3445020],[-71.0758690,42.344410],[-71.07600100000001,42.3443670],[-71.0760150,42.3443880],[-71.07602300000001,42.3443860],[-71.0760410,42.3443950],[-71.0760360,42.3444090],[-71.07602900000001,42.3444120],[-71.0760360,42.3444220],[-71.0760440,42.3444190],[-71.07605700000001,42.3444260],[-71.0760550,42.3444420],[-71.0760490,42.3444430],[-71.0760610,42.3444620]]],"type":"Polygon"},"id":7085,"properties":{"bra_use":"CM","foots_1003":"12085","gm_layer":"Unknown Area Type","gm_type":"Unknown Area Type","layer":"Unknown Area Type","lnduse":"CM","name":"","objectid_1":"12493","parcel_id":"400352000","story_ht_":"0"},"type":"Feature"}
,{"geometry":{"coordinates":[[[-71.0759580,42.3445490],[-71.07592699999999,42.3445020],[-71.0760610,42.3444620],[-71.07607400000001,42.3444840],[-71.07608399999999,42.344480],[-71.0760970,42.3444890],[-71.0760970,42.3445050],[-71.0760880,42.3445080],[-71.0760890,42.3445080]]],"type":"Polygon"},"id":7086,"properties":{"bra_use":"CM","foots_1003":"12086","gm_layer":"Unknown Area Type","gm_type":"Unknown Area Type","layer":"Unknown Area Type","lnduse":"CM","name":"","objectid_1":"12494","parcel_id":"400353000","story_ht_":"0"},"type":"Feature"}
,{"geometry":{"coordinates":[[[-71.0760940,42.3445150],[-71.0760990,42.3445120],[-71.0761170,42.344520],[-71.07611300000001,42.3445390],[-71.0761090,42.344540],[-71.0761170,42.3445520],[-71.0759850,42.3445940],[-71.0759580,42.3445490],[-71.0760890,42.3445080]]],"type":"Polygon"},"id":7087,"properties":{"bra_use":"CM","foots_1003":"12087","gm_layer":"Unknown Area Type","gm_type":"Unknown Area Type","layer":"Unknown Area Type","lnduse":"CM","name":"","objectid_1":"12495","parcel_id":"400354000","story_ht_":"0"},"type":"Feature"}
,{"geometry":{"coordinates":[[[-71.0761330,42.3445770],[-71.0761420,42.3445750],[-71.0761510,42.344580],[-71.0761570,42.3445930],[-71.0761550,42.34460],[-71.07614700000001,42.3446030],[-71.0761490,42.3446040],[-71.0760150,42.3446410],[-71.0759850,42.3445940],[-71.0761170,42.3445520]]],"type":"Polygon"},"id":7088,"properties":{"bra_use":"CM","foots_1003":"12088","gm_layer":"Unknown Area Type","gm_type":"Unknown Area Type","layer":"Unknown Area Type","lnduse":"CM","name":"","objectid_1":"12496","parcel_id":"400355000","story_ht_":"0"},"type":"Feature"}
,{"geometry":{"coordinates":[[[-71.0761560,42.3446180],[-71.0761760,42.3446230],[-71.0761890,42.3446440],[-71.0761870,42.3446540],[-71.07603899999999,42.3446940],[-71.07602900000001,42.3446740],[-71.0759760,42.344690],[-71.07596100000001,42.3446580],[-71.0760150,42.3446410],[-71.0761490,42.3446040]]],"type":"Polygon"},"id":7089,"properties":{"bra_use":"CM","foots_1003":"12089","gm_layer":"Unknown Area Type","gm_type":"Unknown Area Type","layer":"Unknown Area Type","lnduse":"CM","name":"","objectid_1":"12497","parcel_id":"400356000","story_ht_":"0"},"type":"Feature"}
,{"geometry":{"coordinates":[[[-71.07513299999999,42.3445330],[-71.075170,42.3446080],[-71.0751550,42.3446130],[-71.0752420,42.3447910],[-71.07525099999999,42.3447880],[-71.07529700000001,42.3448780],[-71.07518500000001,42.3449080],[-71.0751880,42.3449150],[-71.0750740,42.3449460],[-71.0750420,42.3448810],[-71.0750190,42.3448870],[-71.0750250,42.3448970],[-71.0749440,42.344920],[-71.0749170,42.3448620],[-71.0749270,42.3448590],[-71.07485699999999,42.3447180],[-71.0748510,42.3447180],[-71.0748220,42.3446620],[-71.0749010,42.3446430],[-71.0749040,42.3446490],[-71.07493599999999,42.3446410],[-71.0749130,42.3445920]]],"type":"Polygon"},"id":7090,"properties":{"bra_use":"CM","foots_1003":"12090","gm_layer":"Unknown Area Type","gm_type":"Unknown Area Type","layer":"Unknown Area Type","lnduse":"CM","name":"","objectid_1":"12498","parcel_id":"400357000","story_ht_":"0"},"type":"Feature"}
,{"geometry":{"coordinates":[[[-71.0757210,42.3443670],[-71.0757060,42.3443720],[-71.0756940,42.3443540],[-71.07569700000001,42.3443530],[-71.07573600000001,42.344340],[-71.0757480,42.3443580]]],"type":"Polygon"},"id":7091,"properties":{"bra_use":"CM","foots_1003":"12091","gm_layer":"Unknown Area Type","gm_type":"Unknown Area Type","layer":"Unknown Area Type","lnduse":"CM","name":"","objectid_1":"12499","parcel_id":"400357000","story_ht_":"0"},"type":"Feature"}
,{"geometry":{"coordinates":[[[-71.07559999999999,42.3445730],[-71.0755970,42.3445660],[-71.07566900000001,42.3445450],[-71.0756710,42.3445510],[-71.0757720,42.3445280],[-71.0758680,42.3447150],[-71.07559500000001,42.3447930],[-71.07549899999999,42.3446010]]],"type":"Polygon"},"id":7092,"properties":{"bra_use":"CM","foots_1003":"12092","gm_layer":"Unknown Area Type","gm_type":"Unknown Area Type","layer":"Unknown Area Type","lnduse":"CM","name":"","objectid_1":"12500","parcel_id":"400357000","story_ht_":"0"},"type":"Feature"}
,{"geometry":{"coordinates":[[[-71.0752330,42.3452070],[-71.0751640,42.3452250],[-71.0751150,42.3451260],[-71.0751830,42.3451070]]],"type":"Polygon"},"id":7095,"properties":{"bra_use":"CM","foots_1003":"12095","gm_layer":"Unknown Area Type","gm_type":"Unknown Area Type","layer":"Unknown Area Type","lnduse":"CM","name":"","objectid_1":"12503","parcel_id":"400361000","story_ht_":"0"},"type":"Feature"}
,{"geometry":{"coordinates":[[[-71.0754460,42.345150],[-71.0753940,42.3451640],[-71.07534200000001,42.3450650],[-71.0753940,42.3450510]]],"type":"Polygon"},"id":7099,"properties":{"bra_use":"CM","foots_1003":"12099","gm_layer":"Unknown Area Type","gm_type":"Unknown Area Type","layer":"Unknown Area Type","lnduse":"CM","name":"","objectid_1":"12507","parcel_id":"400365000","story_ht_":"0"},"type":"Feature"}
,{"geometry":{"coordinates":[[[-71.0764190,42.3443620],[-71.07636599999999,42.3443740],[-71.0762850,42.3443950],[-71.0762840,42.3443920],[-71.0762780,42.3443950],[-71.0762660,42.3443910],[-71.07626000000001,42.344380],[-71.0762620,42.3443740],[-71.07627100000001,42.3443680],[-71.0762620,42.3443560],[-71.076390,42.3443150]]],"type":"Polygon"},"id":7111,"properties":{"bra_use":"CM","foots_1003":"12111","gm_layer":"Unknown Area Type","gm_type":"Unknown Area Type","layer":"Unknown Area Type","lnduse":"CM","name":"","objectid_1":"12519","parcel_id":"400386000","story_ht_":"0"},"type":"Feature"}
,{"geometry":{"coordinates":[[[-71.0761940,42.3442490],[-71.07618600000001,42.344250],[-71.07617500000001,42.3442410],[-71.0761780,42.3442250],[-71.0761780,42.3442240],[-71.0763080,42.3441840],[-71.0763370,42.344230],[-71.07620799999999,42.3442720]]],"type":"Polygon"},"id":7113,"properties":{"bra_use":"CM","foots_1003":"12113","gm_layer":"Unknown Area Type","gm_type":"Unknown Area Type","layer":"Unknown Area Type","lnduse":"CM","name":"","objectid_1":"12521","parcel_id":"400389000","story_ht_":"0"},"type":"Feature"}
,{"geometry":{"coordinates":[[[-71.0761780,42.3442240],[-71.0761680,42.3442040],[-71.076160,42.3442060],[-71.07614700000001,42.3442020],[-71.07614100000001,42.344190],[-71.0761420,42.3441830],[-71.07628099999999,42.344140],[-71.0763080,42.3441840]]],"type":"Polygon"},"id":7114,"properties":{"bra_use":"CM","foots_1003":"12114","gm_layer":"Unknown Area Type","gm_type":"Unknown Area Type","layer":"Unknown Area Type","lnduse":"CM","name":"","objectid_1":"12522","parcel_id":"400390000","story_ht_":"0"},"type":"Feature"}
,{"geometry":{"coordinates":[[[-71.0762620,42.3439560],[-71.07626000000001,42.3439510],[-71.07626500000001,42.3439380],[-71.07628200000001,42.3439330],[-71.0762950,42.3439450],[-71.07634400000001,42.3440410],[-71.0762830,42.3440560],[-71.07623700000001,42.3439620]]],"type":"Polygon"},"id":7117,"properties":{"bra_use":"CM","foots_1003":"12117","gm_layer":"Unknown Area Type","gm_type":"Unknown Area Type","layer":"Unknown Area Type","lnduse":"CM","name":"","objectid_1":"12525","parcel_id":"400395000","story_ht_":"0"},"type":"Feature"}
,{"geometry":{"coordinates":[[[-71.0764250,42.3438970],[-71.0764460,42.3438910],[-71.0764640,42.34390],[-71.0764910,42.3438940],[-71.07653999999999,42.3439890],[-71.0764650,42.3440070],[-71.076420,42.3439120]]],"type":"Polygon"},"id":7120,"properties":{"bra_use":"CM","foots_1003":"12120","gm_layer":"Unknown Area Type","gm_type":"Unknown Area Type","layer":"Unknown Area Type","lnduse":"CM","name":"","objectid_1":"12528","parcel_id":"400398000","story_ht_":"0"},"type":"Feature"}
,{"geometry":{"coordinates":[[[-71.0768490,42.3439060],[-71.07678300000001,42.3439240],[-71.07673800000001,42.3438270],[-71.0768020,42.343810]]],"type":"Polygon"},"id":7123,"properties":{"bra_use":"CM","foots_1003":"12123","gm_layer":"Unknown Area Type","gm_type":"Unknown Area Type","layer":"Unknown Area Type","lnduse":"CM","name":"","objectid_1":"12531","parcel_id":"400403000","story_ht_":"0"},"type":"Feature"}
,{"geometry":{"coordinates":[[[-71.0768420,42.3441820],[-71.0768520,42.3441890],[-71.0769490,42.3442570],[-71.0769440,42.3442610],[-71.07695099999999,42.3442670],[-71.0769490,42.3442770],[-71.0769370,42.3442850],[-71.0769250,42.3442870],[-71.0769170,42.3442830],[-71.0769020,42.3442960],[-71.0767930,42.3442220]]],"type":"Polygon"},"id":7129,"properties":{"bra_use":"CM","foots_1003":"12129","gm_layer":"Unknown Area Type","gm_type":"Unknown Area Type","layer":"Unknown Area Type","lnduse":"CM","name":"","objectid_1":"12537","parcel_id":"400419000","story_ht_":"0"},"type":"Feature"}
,{"geometry":{"coordinates":[[[-71.07683900000001,42.3451720],[-71.0768570,42.3451730],[-71.07687900000001,42.3451870],[-71.0768820,42.34520],[-71.0767680,42.3452870],[-71.07675500000001,42.3452790],[-71.0767640,42.3452720],[-71.0767280,42.3452470],[-71.07682699999999,42.3451640]]],"type":"Polygon"},"id":7247,"properties":{"bra_use":"CM","foots_1003":"12247","gm_layer":"Unknown Area Type","gm_type":"Unknown Area Type","layer":"Unknown Area Type","lnduse":"CM","name":"","objectid_1":"12680","parcel_id":"400669000","story_ht_":"0"},"type":"Feature"}
,{"geometry":{"coordinates":[[[-71.07695099999999,42.3452440],[-71.0769440,42.345250],[-71.0769530,42.3452560],[-71.076960,42.3452490],[-71.07696900000001,42.345250],[-71.0769830,42.3452580],[-71.0769820,42.3452680],[-71.0769770,42.3452730],[-71.07698000000001,42.3452740],[-71.0768750,42.3453580],[-71.07681700000001,42.3453190],[-71.076930,42.345230]]],"type":"Polygon"},"id":7249,"properties":{"bra_use":"CM","foots_1003":"12249","gm_layer":"Unknown Area Type","gm_type":"Unknown Area Type","layer":"Unknown Area Type","lnduse":"CM","name":"","objectid_1":"12682","parcel_id":"400671000","story_ht_":"0"},"type":"Feature"}
,{"geometry":{"coordinates":[[[-71.0769770,42.3454290],[-71.07694100000001,42.3454580],[-71.0769020,42.3454310],[-71.0769310,42.3454070],[-71.0769190,42.3453990],[-71.0769270,42.3453930],[-71.0768750,42.3453580],[-71.07698000000001,42.3452740],[-71.07698499999999,42.3452760],[-71.076990,42.3452730],[-71.07700300000001,42.345270],[-71.0770150,42.3452790],[-71.0770150,42.3452890],[-71.0770090,42.3452940],[-71.0770170,42.34530],[-71.07702500000001,42.3452940],[-71.0770560,42.3453160],[-71.077050,42.3453210],[-71.0770560,42.3453250],[-71.0770630,42.3453190],[-71.0770770,42.3453210],[-71.07708599999999,42.3453260],[-71.07708700000001,42.3453340],[-71.0770790,42.3453420],[-71.0770850,42.3453430],[-71.0769780,42.3454290]]],"type":"Polygon"},"id":7250,"properties":{"bra_use":"CM","foots_1003":"12250","gm_layer":"Unknown Area Type","gm_type":"Unknown Area Type","layer":"Unknown Area Type","lnduse":"CM","name":"","objectid_1":"12683","parcel_id":"400673000","story_ht_":"0"},"type":"Feature"}
,{"geometry":{"coordinates":[[[-71.0769780,42.3454290],[-71.0770850,42.3453430],[-71.0770890,42.3453470],[-71.0770950,42.3453420],[-71.0771080,42.3453430],[-71.0771220,42.3453520],[-71.07711999999999,42.3453580],[-71.0771120,42.3453650],[-71.07711999999999,42.345370],[-71.07712600000001,42.3453640],[-71.0771450,42.3453760],[-71.0770280,42.3454630]]],"type":"Polygon"},"id":7251,"properties":{"bra_use":"CM","foots_1003":"12251","gm_layer":"Unknown Area Type","gm_type":"Unknown Area Type","layer":"Unknown Area Type","lnduse":"CM","name":"","objectid_1":"12684","parcel_id":"400674000","story_ht_":"0"},"type":"Feature"}
,{"geometry":{"coordinates":[[[-71.0770730,42.3454920],[-71.0770260,42.345530],[-71.0769820,42.3455010],[-71.0770280,42.3454630],[-71.0771450,42.3453760],[-71.0771590,42.3453860],[-71.0771730,42.3453820],[-71.0771960,42.3453960],[-71.07719400000001,42.3454060],[-71.0771980,42.3454080],[-71.0770850,42.34550]]],"type":"Polygon"},"id":7252,"properties":{"bra_use":"CM","foots_1003":"12252","gm_layer":"Unknown Area Type","gm_type":"Unknown Area Type","layer":"Unknown Area Type","lnduse":"CM","name":"","objectid_1":"12685","parcel_id":"400675000","story_ht_":"0"},"type":"Feature"}
,{"geometry":{"coordinates":[[[-71.0770850,42.34550],[-71.0771980,42.3454080],[-71.0772010,42.3454110],[-71.0772070,42.3454060],[-71.077230,42.3454210],[-71.07722200000001,42.3454280],[-71.0772460,42.3454440],[-71.07713200000001,42.3455320]]],"type":"Polygon"},"id":7253,"properties":{"bra_use":"CM","foots_1003":"12253","gm_layer":"Unknown Area Type","gm_type":"Unknown Area Type","layer":"Unknown Area Type","lnduse":"CM","name":"","objectid_1":"12686","parcel_id":"400676000","story_ht_":"0"},"type":"Feature"}
,{"geometry":{"coordinates":[[[-71.0773830,42.3456870],[-71.07723799999999,42.3455910],[-71.0773370,42.3455060],[-71.07735200000001,42.3455160],[-71.0773660,42.3455180],[-71.07738500000001,42.3455290],[-71.0773840,42.3455420],[-71.0774030,42.3455420],[-71.07741400000001,42.3455490],[-71.0774170,42.3455590],[-71.0774480,42.3455830],[-71.0774610,42.3455830],[-71.0774770,42.3455930],[-71.07747999999999,42.3456030],[-71.0774820,42.3456040]]],"type":"Polygon"},"id":7255,"properties":{"bra_use":"CM","foots_1003":"12255","gm_layer":"Unknown Area Type","gm_type":"Unknown Area Type","layer":"Unknown Area Type","lnduse":"CM","name":"","objectid_1":"12688","parcel_id":"400680000","story_ht_":"0"},"type":"Feature"}
,{"geometry":{"coordinates":[[[-71.0771920,42.345560],[-71.0772920,42.3454750],[-71.0772940,42.3454750],[-71.0773040,42.3454760],[-71.077320,42.3454860],[-71.0773250,42.3454970],[-71.0773370,42.3455060],[-71.07723799999999,42.3455910]]],"type":"Polygon"},"id":7256,"properties":{"bra_use":"CM","foots_1003":"12256","gm_layer":"Unknown Area Type","gm_type":"Unknown Area Type","layer":"Unknown Area Type","lnduse":"CM","name":"","objectid_1":"12689","parcel_id":"400680000","story_ht_":"0"},"type":"Feature"}
,{"geometry":{"coordinates":[[[-71.07762200000001,42.34570],[-71.07763799999999,42.3457020],[-71.0776520,42.3457110],[-71.0776530,42.3457230],[-71.07767200000001,42.3457360],[-71.0776850,42.3457370],[-71.0776990,42.3457450],[-71.07769999999999,42.3457560],[-71.0777240,42.345770],[-71.0775950,42.3458770],[-71.0774990,42.3458150],[-71.07751500000001,42.3458010],[-71.0775060,42.3457950],[-71.07752499999999,42.345780]]],"type":"Polygon"},"id":7259,"properties":{"bra_use":"CM","foots_1003":"12259","gm_layer":"Unknown Area Type","gm_type":"Unknown Area Type","layer":"Unknown Area Type","lnduse":"CM","name":"","objectid_1":"12692","parcel_id":"400686000","story_ht_":"0"},"type":"Feature"}
,{"geometry":{"coordinates":[[[-71.0779020,42.3454870],[-71.0779510,42.3454470],[-71.0780370,42.3455060],[-71.07800400000001,42.3455320],[-71.0780110,42.3455370],[-71.0780140,42.3455470],[-71.0780020,42.3455580],[-71.07798699999999,42.3455590],[-71.07798099999999,42.3455550],[-71.0778840,42.3456340],[-71.0778680,42.3456230],[-71.07787399999999,42.3456190],[-71.07786400000001,42.3456120],[-71.0778560,42.3456210],[-71.077850,42.345620],[-71.07783600000001,42.3456110],[-71.0778330,42.3456050],[-71.0778430,42.3455980],[-71.0778330,42.3455920],[-71.0778270,42.3455960],[-71.0778040,42.3455810],[-71.0778090,42.3455760],[-71.0778030,42.3455710],[-71.0777920,42.3455710],[-71.07778399999999,42.3455670],[-71.0778930,42.3454820]]],"type":"Polygon"},"id":7260,"properties":{"bra_use":"CM","foots_1003":"12260","gm_layer":"Unknown Area Type","gm_type":"Unknown Area Type","layer":"Unknown Area Type","lnduse":"CM","name":"","objectid_1":"12693","parcel_id":"400689000","story_ht_":"0"},"type":"Feature"}
,{"geometry":{"coordinates":[[[-71.0774990,42.3453740],[-71.0775060,42.345370],[-71.07749800000001,42.3453660],[-71.07749200000001,42.345370],[-71.0774790,42.3453590],[-71.0774850,42.3453550],[-71.0774760,42.3453480],[-71.0774710,42.3453520],[-71.07745900000001,42.3453540],[-71.0774490,42.3453480],[-71.0774510,42.3453360],[-71.0774550,42.3453330],[-71.0774490,42.3453310],[-71.07754799999999,42.3452470],[-71.0776070,42.3452870],[-71.0775020,42.3453760]]],"type":"Polygon"},"id":7262,"properties":{"bra_use":"CM","foots_1003":"12262","gm_layer":"Unknown Area Type","gm_type":"Unknown Area Type","layer":"Unknown Area Type","lnduse":"CM","name":"","objectid_1":"12695","parcel_id":"400696000","story_ht_":"0"},"type":"Feature"}
,{"geometry":{"coordinates":[[[-71.0773870,42.3452890],[-71.0773820,42.3452860],[-71.0773760,42.3452910],[-71.0773670,42.3452920],[-71.0773540,42.3452830],[-71.07735099999999,42.3452740],[-71.07735700000001,42.345270],[-71.07735200000001,42.3452640],[-71.0773440,42.345270],[-71.0773310,42.345260],[-71.0773370,42.3452540],[-71.0773320,42.3452520],[-71.0774370,42.3451720],[-71.0774940,42.3452080]]],"type":"Polygon"},"id":7264,"properties":{"bra_use":"CM","foots_1003":"12264","gm_layer":"Unknown Area Type","gm_type":"Unknown Area Type","layer":"Unknown Area Type","lnduse":"CM","name":"","objectid_1":"12697","parcel_id":"400698000","story_ht_":"0"},"type":"Feature"}
,{"geometry":{"coordinates":[[[-71.0773260,42.3452480],[-71.0773220,42.3452530],[-71.0773090,42.3452520],[-71.0772940,42.3452430],[-71.0772940,42.3452350],[-71.0772990,42.3452310],[-71.07729000000001,42.3452250],[-71.0772860,42.3452290],[-71.0772750,42.3452210],[-71.077280,42.3452180],[-71.0772740,42.3452130],[-71.0773750,42.345130],[-71.0774370,42.3451720],[-71.0773320,42.3452520]]],"type":"Polygon"},"id":7265,"properties":{"bra_use":"CM","foots_1003":"12265","gm_layer":"Unknown Area Type","gm_type":"Unknown Area Type","layer":"Unknown Area Type","lnduse":"CM","name":"","objectid_1":"12698","parcel_id":"400699000","story_ht_":"0"},"type":"Feature"}
,{"geometry":{"coordinates":[[[-71.0772680,42.3452090],[-71.07726200000001,42.3452140],[-71.0772520,42.3452140],[-71.0772350,42.3452020],[-71.0772350,42.3451960],[-71.0772410,42.3451920],[-71.0772320,42.3451850],[-71.0772260,42.345190],[-71.07720999999999,42.3451780],[-71.07721700000001,42.3451740],[-71.0772140,42.3451710],[-71.0773190,42.3450920],[-71.0773750,42.345130],[-71.0772740,42.3452130]]],"type":"Polygon"},"id":7266,"properties":{"bra_use":"CM","foots_1003":"12266","gm_layer":"Unknown Area Type","gm_type":"Unknown Area Type","layer":"Unknown Area Type","lnduse":"CM","name":"","objectid_1":"12699","parcel_id":"400699000","story_ht_":"0"},"type":"Feature"}
,{"geometry":{"coordinates":[[[-71.07720999999999,42.3451680],[-71.0772030,42.3451750],[-71.0771920,42.3451730],[-71.0771790,42.3451650],[-71.0771750,42.3451550],[-71.07718199999999,42.345150],[-71.0771730,42.3451440],[-71.0771670,42.3451490],[-71.0771560,42.3451410],[-71.0771610,42.3451370],[-71.07716000000001,42.3451360],[-71.07726200000001,42.3450530],[-71.0773190,42.3450920],[-71.0772140,42.3451710]]],"type":"Polygon"},"id":7267,"properties":{"bra_use":"CM","foots_1003":"12267","gm_layer":"Unknown Area Type","gm_type":"Unknown Area Type","layer":"Unknown Area Type","lnduse":"CM","name":"","objectid_1":"12700","parcel_id":"400699000","story_ht_":"0"},"type":"Feature"}
,{"geometry":{"coordinates":[[[-71.07716000000001,42.3451360],[-71.0771580,42.3451340],[-71.0771520,42.3451380],[-71.0771340,42.3451260],[-71.0771390,42.3451230],[-71.0771340,42.345120],[-71.0771280,42.3451240],[-71.0771190,42.3451230],[-71.0771060,42.3451150],[-71.07710,42.3451040],[-71.0771050,42.34510],[-71.07709800000001,42.3450960],[-71.0772030,42.3450130],[-71.07726200000001,42.3450530]]],"type":"Polygon"},"id":7268,"properties":{"bra_use":"CM","foots_1003":"12268","gm_layer":"Unknown Area Type","gm_type":"Unknown Area Type","layer":"Unknown Area Type","lnduse":"CM","name":"","objectid_1":"12701","parcel_id":"400702000","story_ht_":"0"},"type":"Feature"}
,{"geometry":{"coordinates":[[[-71.07709800000001,42.3450960],[-71.0770940,42.3450930],[-71.077090,42.3450960],[-71.0770790,42.3450880],[-71.0770850,42.3450850],[-71.07708100000001,42.3450810],[-71.0770730,42.3450840],[-71.0770610,42.3450830],[-71.0770490,42.3450740],[-71.07704800000001,42.3450670],[-71.0770540,42.3450630],[-71.0770430,42.3450550],[-71.0771440,42.3449740],[-71.0772030,42.3450130]]],"type":"Polygon"},"id":7269,"properties":{"bra_use":"CM","foots_1003":"12269","gm_layer":"Unknown Area Type","gm_type":"Unknown Area Type","layer":"Unknown Area Type","lnduse":"CM","name":"","objectid_1":"12702","parcel_id":"400703000","story_ht_":"0"},"type":"Feature"}
,{"geometry":{"coordinates":[[[-71.07750,42.3447750],[-71.0774880,42.3447830],[-71.0774770,42.3447920],[-71.0774550,42.3447780],[-71.0774290,42.3448010],[-71.0773930,42.3447770],[-71.0774430,42.3447370],[-71.07738500000001,42.3446990],[-71.0774830,42.3446180],[-71.077490,42.3446220],[-71.0774950,42.344620],[-71.0775070,42.344620],[-71.0775180,42.3446260],[-71.0775180,42.3446360],[-71.0775160,42.3446380],[-71.07752499999999,42.3446450],[-71.077530,42.3446410],[-71.07754199999999,42.3446490],[-71.0775380,42.3446530],[-71.0775520,42.3446620],[-71.0775560,42.3446580],[-71.0775670,42.3446580],[-71.07757700000001,42.3446670],[-71.07757599999999,42.3446730],[-71.0775730,42.3446770],[-71.0775840,42.3446840],[-71.07758800000001,42.3446810],[-71.07760,42.344690],[-71.0775980,42.3446920],[-71.07760,42.3446950]]],"type":"Polygon"},"id":7271,"properties":{"bra_use":"CM","foots_1003":"12271","gm_layer":"Unknown Area Type","gm_type":"Unknown Area Type","layer":"Unknown Area Type","lnduse":"CM","name":"","objectid_1":"12704","parcel_id":"400715000","story_ht_":"0"},"type":"Feature"}
,{"geometry":{"coordinates":[[[-71.07750,42.3447750],[-71.07760,42.3446950],[-71.07760500000001,42.3446970],[-71.0776090,42.3446950],[-71.0776180,42.3446940],[-71.0776350,42.3447050],[-71.0776350,42.3447120],[-71.07763199999999,42.3447170],[-71.077640,42.3447220],[-71.07764400000001,42.3447180],[-71.077660,42.3447280],[-71.0776580,42.3447320],[-71.07766100000001,42.3447340],[-71.07756000000001,42.3448150]]],"type":"Polygon"},"id":7272,"properties":{"bra_use":"CM","foots_1003":"12272","gm_layer":"Unknown Area Type","gm_type":"Unknown Area Type","layer":"Unknown Area Type","lnduse":"CM","name":"","objectid_1":"12705","parcel_id":"400716000","story_ht_":"0"},"type":"Feature"}
,{"geometry":{"coordinates":[[[-71.07766100000001,42.3447340],[-71.07766599999999,42.3447370],[-71.0776680,42.3447350],[-71.0776790,42.3447350],[-71.0776910,42.3447440],[-71.0776920,42.3447510],[-71.077690,42.3447550],[-71.07769999999999,42.3447610],[-71.0777030,42.3447590],[-71.0777160,42.3447660],[-71.0777130,42.3447710],[-71.0777210,42.3447770],[-71.0777260,42.3447740],[-71.0777370,42.3447750],[-71.0777480,42.3447820],[-71.07775100000001,42.3447910],[-71.07774499999999,42.3447950],[-71.0777530,42.34480],[-71.0777580,42.3447960],[-71.07777400000001,42.3448060],[-71.077770,42.344810],[-71.0777750,42.3448120],[-71.0776730,42.3448920],[-71.07756000000001,42.3448150]]],"type":"Polygon"},"id":7273,"properties":{"bra_use":"CM","foots_1003":"12273","gm_layer":"Unknown Area Type","gm_type":"Unknown Area Type","layer":"Unknown Area Type","lnduse":"CM","name":"","objectid_1":"12706","parcel_id":"400718000","story_ht_":"0"},"type":"Feature"}
,{"geometry":{"coordinates":[[[-71.0777750,42.3448120],[-71.0777820,42.3448170],[-71.07778399999999,42.3448140],[-71.07780700000001,42.3448290],[-71.07780200000001,42.3448340],[-71.07783499999999,42.3448560],[-71.07784100000001,42.3448520],[-71.077850,42.3448520],[-71.0778620,42.344860],[-71.07786299999999,42.3448660],[-71.07785800000001,42.3448710],[-71.07789099999999,42.3448930],[-71.0778960,42.3448890],[-71.0779050,42.3448880],[-71.0779210,42.3448990],[-71.0779220,42.3449060],[-71.0779160,42.3449110],[-71.0779270,42.3449180],[-71.0779320,42.3449140],[-71.0779460,42.3449230],[-71.07794199999999,42.3449260],[-71.0779450,42.3449290],[-71.0778440,42.3450070],[-71.0776730,42.3448920]]],"type":"Polygon"},"id":7274,"properties":{"bra_use":"CM","foots_1003":"12274","gm_layer":"Unknown Area Type","gm_type":"Unknown Area Type","layer":"Unknown Area Type","lnduse":"CM","name":"","objectid_1":"12707","parcel_id":"400720000","story_ht_":"0"},"type":"Feature"}
,{"geometry":{"coordinates":[[[-71.0780,42.3449680],[-71.0780060,42.3449720],[-71.07801000000001,42.3449670],[-71.0780220,42.3449670],[-71.0780310,42.3449730],[-71.07803199999999,42.3449820],[-71.0780250,42.3449880],[-71.07807699999999,42.3450230],[-71.07808300000001,42.3450180],[-71.07809500000001,42.3450160],[-71.07810600000001,42.3450240],[-71.0781070,42.3450340],[-71.0781020,42.3450370],[-71.0781080,42.3450420],[-71.0780130,42.3451210],[-71.0779020,42.3450460]]],"type":"Polygon"},"id":7276,"properties":{"bra_use":"CM","foots_1003":"12276","gm_layer":"Unknown Area Type","gm_type":"Unknown Area Type","layer":"Unknown Area Type","lnduse":"CM","name":"","objectid_1":"12709","parcel_id":"400723000","story_ht_":"0"},"type":"Feature"}
,{"geometry":{"coordinates":[[[-71.078620,42.3449630],[-71.0785130,42.3450450],[-71.07849400000001,42.3450450],[-71.07848300000001,42.3450370],[-71.07848199999999,42.3450260],[-71.0784640,42.3450130],[-71.078570,42.3449270]]],"type":"Polygon"},"id":7279,"properties":{"bra_use":"CM","foots_1003":"12279","gm_layer":"Unknown Area Type","gm_type":"Unknown Area Type","layer":"Unknown Area Type","lnduse":"CM","name":"","objectid_1":"12712","parcel_id":"400734000","story_ht_":"0"},"type":"Feature"}
,{"geometry":{"coordinates":[[[-71.0781460,42.3447920],[-71.078090,42.3447540],[-71.0781890,42.3446710],[-71.07820100000001,42.3446620],[-71.07821800000001,42.3446640],[-71.0782330,42.3446750],[-71.0782320,42.3446820],[-71.07825800000001,42.3447010]]],"type":"Polygon"},"id":7286,"properties":{"bra_use":"CM","foots_1003":"12286","gm_layer":"Unknown Area Type","gm_type":"Unknown Area Type","layer":"Unknown Area Type","lnduse":"CM","name":"","objectid_1":"12719","parcel_id":"400741000","story_ht_":"0"},"type":"Feature"}
,{"geometry":{"coordinates":[[[-71.0779410,42.34450],[-71.0779660,42.3445180],[-71.0779790,42.3445170],[-71.0780,42.3445320],[-71.07799900000001,42.344540],[-71.07801000000001,42.3445470],[-71.07790799999999,42.3446320],[-71.0778930,42.3446210],[-71.0778770,42.3446210],[-71.07786299999999,42.344610],[-71.07786299999999,42.3446010],[-71.07784100000001,42.3445850]]],"type":"Polygon"},"id":7290,"properties":{"bra_use":"CM","foots_1003":"12290","gm_layer":"Unknown Area Type","gm_type":"Unknown Area Type","layer":"Unknown Area Type","lnduse":"CM","name":"","objectid_1":"12723","parcel_id":"400745000","story_ht_":"0"},"type":"Feature"}
,{"geometry":{"coordinates":[[[-71.078180,42.3442530],[-71.0781210,42.3442130],[-71.0781290,42.3442070],[-71.0781270,42.3442050],[-71.0782370,42.3441240],[-71.0782560,42.3441370],[-71.078250,42.344140],[-71.07825800000001,42.3441440],[-71.0782610,42.3441410],[-71.07827399999999,42.3441410],[-71.07828600000001,42.344150],[-71.078290,42.3441570],[-71.0782790,42.3441650],[-71.07828499999999,42.3441690]]],"type":"Polygon"},"id":7298,"properties":{"bra_use":"CM","foots_1003":"12298","gm_layer":"Unknown Area Type","gm_type":"Unknown Area Type","layer":"Unknown Area Type","lnduse":"CM","name":"","objectid_1":"12731","parcel_id":"400757000","story_ht_":"0"},"type":"Feature"}
,{"geometry":{"coordinates":[[[-71.0785250,42.3443510],[-71.0785370,42.3443510],[-71.0785540,42.3443620],[-71.07855499999999,42.3443690],[-71.07855600000001,42.3443710],[-71.0784410,42.3444610],[-71.0784310,42.3444620],[-71.0784140,42.3444510],[-71.07841500000001,42.3444380],[-71.0783910,42.3444210],[-71.07850000000001,42.3443340]]],"type":"Polygon"},"id":7302,"properties":{"bra_use":"CM","foots_1003":"12302","gm_layer":"Unknown Area Type","gm_type":"Unknown Area Type","layer":"Unknown Area Type","lnduse":"CM","name":"","objectid_1":"12735","parcel_id":"400762000","story_ht_":"0"},"type":"Feature"}
,{"geometry":{"coordinates":[[[-71.0787370,42.3444960],[-71.0787430,42.3444910],[-71.0787560,42.3444920],[-71.07877000000001,42.3445020],[-71.0787710,42.344510],[-71.0787670,42.3445150],[-71.0787710,42.3445180],[-71.07877600000001,42.3445140],[-71.0787890,42.3445220],[-71.0787840,42.3445260],[-71.0787890,42.344530],[-71.0786780,42.3446220],[-71.0786780,42.3446190],[-71.0786210,42.344580],[-71.0787330,42.3444930]]],"type":"Polygon"},"id":7306,"properties":{"bra_use":"CM","foots_1003":"12306","gm_layer":"Unknown Area Type","gm_type":"Unknown Area Type","layer":"Unknown Area Type","lnduse":"CM","name":"","objectid_1":"12739","parcel_id":"400766000","story_ht_":"0"},"type":"Feature"}
,{"geometry":{"coordinates":[[[-71.0789640,42.3446490],[-71.07897800000001,42.3446470],[-71.0789910,42.3446580],[-71.07899000000001,42.3446680],[-71.0789920,42.344670],[-71.07892099999999,42.3447280],[-71.0788850,42.344760],[-71.0788350,42.3447260],[-71.07892200000001,42.3446580],[-71.0789470,42.3446380]]],"type":"Polygon"},"id":7310,"properties":{"bra_use":"CM","foots_1003":"12310","gm_layer":"Unknown Area Type","gm_type":"Unknown Area Type","layer":"Unknown Area Type","lnduse":"CM","name":"","objectid_1":"12743","parcel_id":"400770000","story_ht_":"0"},"type":"Feature"}
,{"geometry":{"coordinates":[[[-71.07924300000001,42.3438040],[-71.0792460,42.3438050],[-71.0792640,42.3438040],[-71.0792780,42.3438140],[-71.0792780,42.3438220],[-71.0792830,42.3438270],[-71.0792890,42.3438230],[-71.0793020,42.3438330],[-71.0792970,42.3438380],[-71.07929900000001,42.343840],[-71.0791960,42.3439210],[-71.0791760,42.3439090],[-71.0791610,42.3439080],[-71.079150,42.34390],[-71.0791440,42.3438880],[-71.0791430,42.3438870]]],"type":"Polygon"},"id":7326,"properties":{"bra_use":"CM","foots_1003":"12326","gm_layer":"Unknown Area Type","gm_type":"Unknown Area Type","layer":"Unknown Area Type","lnduse":"CM","name":"","objectid_1":"12759","parcel_id":"400801000","story_ht_":"0"},"type":"Feature"}
,{"geometry":{"coordinates":[[[-71.0793060,42.3439950],[-71.0794090,42.3439110],[-71.07941200000001,42.3439150],[-71.07942799999999,42.3439140],[-71.0794410,42.3439250],[-71.07943899999999,42.3439330],[-71.0794470,42.3439380],[-71.07945100000001,42.3439340],[-71.0794630,42.3439430],[-71.07945700000001,42.3439480],[-71.079460,42.343950],[-71.07935500000001,42.344030]]],"type":"Polygon"},"id":7329,"properties":{"bra_use":"CM","foots_1003":"12329","gm_layer":"Unknown Area Type","gm_type":"Unknown Area Type","layer":"Unknown Area Type","lnduse":"CM","name":"","objectid_1":"12762","parcel_id":"400804000","story_ht_":"0"},"type":"Feature"}
,{"geometry":{"coordinates":[[[-71.0773640,42.3461230],[-71.077260,42.3462080],[-71.07725600000001,42.3462060],[-71.07724399999999,42.3462070],[-71.0772310,42.3461980],[-71.077230,42.3461830],[-71.07722800000001,42.3461810],[-71.0773260,42.3460970]]],"type":"Polygon"},"id":7334,"properties":{"bra_use":"XG","foots_1003":"12334","gm_layer":"Unknown Area Type","gm_type":"Unknown Area Type","layer":"Unknown Area Type","lnduse":"E","name":"","objectid_1":"12767","parcel_id":"400815000","story_ht_":"0"},"type":"Feature"}
,{"geometry":{"coordinates":[[[-71.0786870,42.3459150],[-71.07849400000001,42.3460770],[-71.0783280,42.3459660],[-71.07839199999999,42.3459110],[-71.07834800000001,42.3458820],[-71.0782830,42.3459370],[-71.0781720,42.3458640],[-71.0783450,42.345720],[-71.0784640,42.3457970],[-71.0784070,42.3458450],[-71.0784450,42.3458710],[-71.0785210,42.3458060]]],"type":"Polygon"},"id":7441,"properties":{"bra_use":"CM","foots_1003":"12441","gm_layer":"Unknown Area Type","gm_type":"Unknown Area Type","layer":"Unknown Area Type","lnduse":"CM","name":"","objectid_1":"12874","parcel_id":"400965000","story_ht_":"0"},"type":"Feature"}
,{"geometry":{"coordinates":[[[-71.0789120,42.346140],[-71.0790250,42.3462160],[-71.0790240,42.3462320],[-71.07901099999999,42.3462420],[-71.0789910,42.3462450],[-71.07896700000001,42.3462660],[-71.078970,42.3462750],[-71.07895600000001,42.3462880],[-71.078940,42.3462880],[-71.07891600000001,42.3463080],[-71.0789180,42.3463180],[-71.07891100000001,42.3463230],[-71.0789010,42.3463320],[-71.0788790,42.3463340],[-71.0788280,42.34630],[-71.0788110,42.34630],[-71.0787990,42.3462920],[-71.07879800000001,42.346280],[-71.0787910,42.3462740],[-71.07877499999999,42.3462740],[-71.0787610,42.3462650],[-71.0787610,42.3462550],[-71.0787430,42.3462420],[-71.0787270,42.3462430],[-71.07871299999999,42.3462340],[-71.0787120,42.3462220],[-71.0786950,42.346210],[-71.0786760,42.346210],[-71.078660,42.34620],[-71.0786560,42.3461880],[-71.0788020,42.3460670]]],"type":"Polygon"},"id":7443,"properties":{"bra_use":"CM","foots_1003":"12443","gm_layer":"Unknown Area Type","gm_type":"Unknown Area Type","layer":"Unknown Area Type","lnduse":"CM","name":"","objectid_1":"12876","parcel_id":"400968000","story_ht_":"0"},"type":"Feature"}
,{"geometry":{"coordinates":[[[-71.0794210,42.3463350],[-71.0793680,42.346380],[-71.0792560,42.3463060],[-71.0792570,42.3463050],[-71.07925299999999,42.3462970],[-71.07925299999999,42.3462940],[-71.0792520,42.3462920],[-71.0792520,42.3462890],[-71.07925299999999,42.3462880],[-71.07925299999999,42.3462870],[-71.07925299999999,42.3462860],[-71.07925299999999,42.3462850],[-71.07925299999999,42.3462840],[-71.07925299999999,42.3462830],[-71.0792560,42.3462820],[-71.0792570,42.3462810],[-71.0792580,42.3462810],[-71.07925899999999,42.346280],[-71.0792610,42.3462790],[-71.0792620,42.3462790],[-71.0792630,42.3462780],[-71.0792640,42.3462780],[-71.07926500000001,42.3462780],[-71.0792660,42.3462770],[-71.0792680,42.3462770],[-71.0792690,42.3462770],[-71.07927100000001,42.3462770],[-71.0792720,42.3462770],[-71.0792740,42.3462770],[-71.07927599999999,42.3462770],[-71.079280,42.3462770],[-71.0792830,42.3462780],[-71.0792860,42.3462790],[-71.07931000000001,42.346260]]],"type":"Polygon"},"id":7459,"properties":{"bra_use":"CM","foots_1003":"12459","gm_layer":"Unknown Area Type","gm_type":"Unknown Area Type","layer":"Unknown Area Type","lnduse":"CM","name":"","objectid_1":"12892","parcel_id":"401008000","story_ht_":"0"},"type":"Feature"}
,{"geometry":{"coordinates":[[[-71.0792240,42.3463310],[-71.0792190,42.3463280],[-71.0792190,42.3463250],[-71.0792180,42.3463230],[-71.0792180,42.3463210],[-71.0792170,42.346320],[-71.0792170,42.3463190],[-71.0792170,42.3463170],[-71.0792180,42.3463160],[-71.0792180,42.3463150],[-71.0792180,42.3463140],[-71.0792190,42.3463130],[-71.0792190,42.3463120],[-71.0792210,42.3463110],[-71.0792210,42.346310],[-71.0792220,42.3463090],[-71.0792230,42.3463080],[-71.0792240,42.3463070],[-71.07922600000001,42.3463070],[-71.0792270,42.3463050],[-71.0792280,42.3463050],[-71.0792290,42.3463050],[-71.079230,42.3463050],[-71.07923200000001,42.3463050],[-71.0792330,42.3463050],[-71.0792340,42.3463050],[-71.0792360,42.3463050],[-71.07923700000001,42.3463050],[-71.0792390,42.3463050],[-71.0792450,42.3463050],[-71.0792470,42.3463060],[-71.07925299999999,42.3463070],[-71.0792560,42.3463060],[-71.0793680,42.346380],[-71.0793140,42.3464260],[-71.0792010,42.3463510]]],"type":"Polygon"},"id":7460,"properties":{"bra_use":"CM","foots_1003":"12460","gm_layer":"Unknown Area Type","gm_type":"Unknown Area Type","layer":"Unknown Area Type","lnduse":"CM","name":"","objectid_1":"12893","parcel_id":"401008000","story_ht_":"0"},"type":"Feature"}
,{"geometry":{"coordinates":[[[-71.07931000000001,42.346260],[-71.0793310,42.3462410],[-71.0793280,42.3462340],[-71.0793280,42.3462320],[-71.0793280,42.3462290],[-71.07932700000001,42.3462280],[-71.0793280,42.3462260],[-71.0793280,42.3462250],[-71.0793290,42.3462240],[-71.0793290,42.3462230],[-71.079330,42.3462220],[-71.07933199999999,42.3462210],[-71.07933300000001,42.346220],[-71.07933300000001,42.3462190],[-71.07933300000001,42.3462180],[-71.0793350,42.3462170],[-71.07933800000001,42.3462160],[-71.0793390,42.3462150],[-71.079340,42.3462150],[-71.079340,42.3462140],[-71.07934299999999,42.3462140],[-71.07934400000001,42.3462140],[-71.0793460,42.3462130],[-71.0793480,42.3462130],[-71.07934899999999,42.3462130],[-71.07935000000001,42.3462130],[-71.0793510,42.3462130],[-71.0793520,42.3462130],[-71.0793530,42.3462140],[-71.07935500000001,42.3462140],[-71.0793560,42.3462140],[-71.0793580,42.3462150],[-71.0793620,42.3462160],[-71.07947299999999,42.346290],[-71.0794210,42.3463350]]],"type":"Polygon"},"id":7461,"properties":{"bra_use":"CM","foots_1003":"12461","gm_layer":"Unknown Area Type","gm_type":"Unknown Area Type","layer":"Unknown Area Type","lnduse":"CM","name":"","objectid_1":"12894","parcel_id":"401008000","story_ht_":"0"},"type":"Feature"}
]}