{"type": "FeatureCollection", "features": [{"geometry":{"coordinates":[[[-71.068590,42.3490650],[-71.0684780,42.3491110],[-71.0684220,42.3490450],[-71.0685390,42.3489970]]],"type":"Polygon"},"id":8825,"properties":{"bra_use":"C","foots_1003":"13830","gm_layer":"Unknown Area Type","gm_type":"Unknown Area Type","layer":"Unknown Area Type","lnduse":"C","name":"","objectid_1":"14237","parcel_id":"500759000","story_ht_":"2"},"type":"Feature"}
,{"geometry":{"coordinates":[[[-71.0685390,42.3489970],[-71.06860,42.3489710],[-71.0686450,42.3490410],[-71.068590,42.3490650]]],"type":"Polygon"},"id":8826,"properties":{"bra_use":"R2","foots_1003":"13831","gm_layer":"Unknown Area Type","gm_type":"Unknown Area Type","layer":"Unknown Area Type","lnduse":"R2","name":"","objectid_1":"14238","parcel_id":"500760000","story_ht_":"2"},"type":"Feature"}
,{"geometry":{"coordinates":[[[-71.0686590,42.3489460],[-71.068710,42.3490130],[-71.0687020,42.3490160],[-71.0687270,42.3490490],[-71.06871099999999,42.3490560],[-71.0686970,42.3490640],[-71.068670,42.3490730],[-71.0686450,42.3490410],[-71.06860,42.3489710]]],"type":"Polygon"},"id":8827,"properties":{"bra_use":"R2","foots_1003":"13832","gm_layer":"Unknown Area Type","gm_type":"Unknown Area Type","layer":"Unknown Area Type","lnduse":"R2","name":"","objectid_1":"14239","parcel_id":"500761000","story_ht_":"2"},"type":"Feature"}
,{"geometry":{"coordinates":[[[-71.0688090,42.3497770],[-71.0685520,42.349820],[-71.06849699999999,42.3496370],[-71.06875599999999,42.3495940],[-71.0688050,42.3497680]]],"type":"Polygon"},"id":8844,"properties":{"bra_use":"C","foots_1003":"13849","gm_layer":"Unknown Area Type","gm_type":"Unknown Area Type","layer":"Unknown Area Type","lnduse":"C","name":"","objectid_1":"14256","parcel_id":"500780000","story_ht_":"2"},"type":"Feature"}
,{"geometry":{"coordinates":[[[-71.069050,42.3496470],[-71.0690690,42.3497240],[-71.0690010,42.3497350],[-71.0689450,42.3495450],[-71.0690120,42.3495310],[-71.06903200000001,42.3495980]]],"type":"Polygon"},"id":8846,"properties":{"bra_use":"R1","foots_1003":"13851","gm_layer":"Unknown Area Type","gm_type":"Unknown Area Type","layer":"Unknown Area Type","lnduse":"R1","name":"","objectid_1":"14258","parcel_id":"500785000","story_ht_":"2"},"type":"Feature"}
,{"geometry":{"coordinates":[[[-71.0690120,42.3495310],[-71.069090,42.3495150],[-71.0690910,42.3495170],[-71.0691150,42.3495810],[-71.06903200000001,42.3495980]]],"type":"Polygon"},"id":8847,"properties":{"bra_use":"R1","foots_1003":"13852","gm_layer":"Unknown Area Type","gm_type":"Unknown Area Type","layer":"Unknown Area Type","lnduse":"R1","name":"","objectid_1":"14259","parcel_id":"500786000","story_ht_":"2"},"type":"Feature"}
,{"geometry":{"coordinates":[[[-71.0692190,42.3494880],[-71.06940899999999,42.3494480],[-71.0694330,42.3495170],[-71.06924100000001,42.3495590],[-71.0692190,42.349490]]],"type":"Polygon"},"id":8848,"properties":{"bra_use":"R1","foots_1003":"13853","gm_layer":"Unknown Area Type","gm_type":"Unknown Area Type","layer":"Unknown Area Type","lnduse":"R1","name":"","objectid_1":"14260","parcel_id":"500790000","story_ht_":"2"},"type":"Feature"}
,{"geometry":{"coordinates":[[[-71.06921300000001,42.3495930],[-71.0693840,42.3495660],[-71.0694130,42.3496670],[-71.06923500000001,42.3496960]]],"type":"Polygon"},"id":8850,"properties":{"bra_use":"C","foots_1003":"13855","gm_layer":"Unknown Area Type","gm_type":"Unknown Area Type","layer":"Unknown Area Type","lnduse":"C","name":"","objectid_1":"14262","parcel_id":"500794000","story_ht_":"2"},"type":"Feature"}
,{"geometry":{"coordinates":[[[-71.0690690,42.3497240],[-71.069050,42.3496470],[-71.0691580,42.3496310],[-71.069180,42.3497050]]],"type":"Polygon"},"id":8852,"properties":{"bra_use":"C","foots_1003":"13857","gm_layer":"Unknown Area Type","gm_type":"Unknown Area Type","layer":"Unknown Area Type","lnduse":"C","name":"","objectid_1":"14264","parcel_id":"500797000","story_ht_":"2"},"type":"Feature"}
,{"geometry":{"coordinates":[[[-71.0624570,42.3503190],[-71.0622990,42.3505190],[-71.06215400000001,42.3504630],[-71.0621620,42.3504440],[-71.0618520,42.3503520],[-71.0618430,42.350370],[-71.0617670,42.3503480],[-71.06178800000001,42.3503020],[-71.061780,42.3502990],[-71.0618470,42.3501770],[-71.0618530,42.3501790],[-71.0618760,42.3501320],[-71.061960,42.3501560],[-71.0619580,42.3501610],[-71.0623660,42.3502810]]],"type":"Polygon"},"id":6100,"properties":{"bra_use":"E","foots_1003":"11101","gm_layer":"Unknown Area Type","gm_type":"Unknown Area Type","layer":"Unknown Area Type","lnduse":"E","name":"St. James Church","objectid_1":"11660","parcel_id":"305368000","story_ht_":"1"},"type":"Feature"}
,{"geometry":{"coordinates":[[[-71.0649080,42.350630],[-71.0648470,42.3508290],[-71.0643840,42.3507810],[-71.0644770,42.3505890]]],"type":"Polygon"},"id":6143,"properties":{"bra_use":"C","foots_1003":"11143","gm_layer":"Unknown Area Type","gm_type":"Unknown Area Type","layer":"Unknown Area Type","lnduse":"C","name":"","objectid_1":"11702","parcel_id":"305645000","story_ht_":"1"},"type":"Feature"}
,{"geometry":{"coordinates":[[[-71.0662530,42.3444660],[-71.0662430,42.3444620],[-71.0660970,42.3444130],[-71.06619499999999,42.3442530],[-71.0663510,42.3443070]]],"type":"Polygon"},"id":6413,"properties":{"bra_use":"C","foots_1003":"11413","gm_layer":"Unknown Area Type","gm_type":"Unknown Area Type","layer":"Unknown Area Type","lnduse":"C","name":"","objectid_1":"11975","parcel_id":"306145000","story_ht_":"1"},"type":"Feature"}
,{"geometry":{"coordinates":[[[-71.0653690,42.3453330],[-71.0654430,42.3451820],[-71.0656240,42.3448130],[-71.0665410,42.345060],[-71.06641000000001,42.3453290],[-71.06642600000001,42.3453330],[-71.0664010,42.3453820],[-71.06638599999999,42.3453790],[-71.0662840,42.3455810]]],"type":"Polygon"},"id":6415,"properties":{"bra_use":"I","foots_1003":"11415","gm_layer":"Unknown Area Type","gm_type":"Unknown Area Type","layer":"Unknown Area Type","lnduse":"I","name":"","objectid_1":"11977","parcel_id":"306160000","story_ht_":"1"},"type":"Feature"}
,{"geometry":{"coordinates":[[[-71.065770,42.3445550],[-71.06599199999999,42.3446220],[-71.0659910,42.3446260],[-71.0660750,42.3446520],[-71.0659850,42.3448110],[-71.06590,42.3447850],[-71.06589700000001,42.3447890],[-71.06567699999999,42.3447210]]],"type":"Polygon"},"id":6421,"properties":{"bra_use":"A","foots_1003":"11421","gm_layer":"Unknown Area Type","gm_type":"Unknown Area Type","layer":"Unknown Area Type","lnduse":"E","name":"","objectid_1":"11983","parcel_id":"306200000","story_ht_":"1"},"type":"Feature"}
,{"geometry":{"coordinates":[[[-71.06344799999999,42.3441640],[-71.06343200000001,42.3442040],[-71.0633490,42.3441850],[-71.0634140,42.3440240],[-71.0635760,42.3440610],[-71.06384900000001,42.3441210],[-71.06380,42.3442420]]],"type":"Polygon"},"id":6495,"properties":{"bra_use":"I","foots_1003":"11495","gm_layer":"Unknown Area Type","gm_type":"Unknown Area Type","layer":"Unknown Area Type","lnduse":"I","name":"","objectid_1":"12057","parcel_id":"306570000","story_ht_":"1"},"type":"Feature"}
,{"geometry":{"coordinates":[[[-71.0659450,42.3505710],[-71.06594699999999,42.3506050],[-71.0656620,42.3506240],[-71.0656640,42.3506480],[-71.0655440,42.3506280],[-71.0655440,42.3506310],[-71.0655440,42.3506310],[-71.0653770,42.3506090],[-71.0653780,42.3506020],[-71.06522699999999,42.350580],[-71.0652230,42.3505790],[-71.0653070,42.3502970],[-71.06553700000001,42.3503330],[-71.06592600000001,42.350320]]],"type":"Polygon"},"id":8606,"properties":{"bra_use":"C","foots_1003":"13611","gm_layer":"Unknown Area Type","gm_type":"Unknown Area Type","layer":"Unknown Area Type","lnduse":"C","name":"","objectid_1":"14070","parcel_id":"500063000","story_ht_":"1"},"type":"Feature"}
,{"geometry":{"coordinates":[[[-71.0662250,42.3488140],[-71.06623999999999,42.3488190],[-71.0662540,42.3488230],[-71.066270,42.3488320],[-71.06628499999999,42.3488450],[-71.0662950,42.3488560],[-71.0663040,42.3488660],[-71.06630800000001,42.3488750],[-71.0663110,42.3488820],[-71.0663150,42.3488920],[-71.0663170,42.3488990],[-71.0663180,42.3489070],[-71.0663180,42.3489160],[-71.0663160,42.3489280],[-71.06631299999999,42.3489430],[-71.0663110,42.3489550],[-71.0663060,42.3489640],[-71.06629599999999,42.3489730],[-71.0662890,42.3489840],[-71.06628000000001,42.3489890],[-71.06626799999999,42.3489980],[-71.06625099999999,42.3490050],[-71.06622900000001,42.3490120],[-71.0662080,42.3490130],[-71.06619600000001,42.3490140],[-71.0661830,42.3490130],[-71.0661740,42.3490120],[-71.0661660,42.349010],[-71.0661580,42.3490090],[-71.0661480,42.3490070],[-71.0661410,42.3490050],[-71.06613400000001,42.3490020],[-71.06612699999999,42.3489990],[-71.0661180,42.3489960],[-71.0661120,42.3489910],[-71.06610499999999,42.3489880],[-71.06609899999999,42.3489830],[-71.06609400000001,42.3489790],[-71.06608799999999,42.3489740],[-71.06608199999999,42.3489680],[-71.0660790,42.3489630],[-71.0660740,42.3489570],[-71.066070,42.3489520],[-71.0660680,42.3489460],[-71.0660650,42.3489390],[-71.0660640,42.3489330],[-71.06606100000001,42.3489270],[-71.06605999999999,42.3489220],[-71.06605999999999,42.3489160],[-71.06605999999999,42.3489080],[-71.06605999999999,42.3489020],[-71.06606100000001,42.3488960],[-71.0660640,42.3488890],[-71.0660650,42.3488830],[-71.0660680,42.3488770],[-71.06607099999999,42.3488710],[-71.0660750,42.3488660],[-71.066080,42.348860],[-71.0660840,42.3488550],[-71.06608900000001,42.3488490],[-71.0660950,42.3488440],[-71.06610000000001,42.348840],[-71.06610600000001,42.3488350],[-71.0661130,42.3488320],[-71.0661210,42.3488270],[-71.06612800000001,42.3488250],[-71.0661350,42.348820],[-71.0661420,42.3488190],[-71.0661490,42.3488170],[-71.0661590,42.3488140],[-71.06616800000001,42.3488130],[-71.0661760,42.3488120],[-71.06618400000001,42.3488110],[-71.0661930,42.3488110],[-71.06620100000001,42.3488110],[-71.0662090,42.3488110]]],"type":"Polygon"},"id":8609,"properties":{"bra_use":"E","foots_1003":"13614","gm_layer":"Unknown Area Type","gm_type":"Unknown Area Type","layer":"Unknown Area Type","lnduse":"E","name":"","objectid_1":"14073","parcel_id":"500068020","story_ht_":"1"},"type":"Feature"}
,{"geometry":{"coordinates":[[[-71.0683260,42.3496770],[-71.0683840,42.3498520],[-71.0683070,42.3498660],[-71.0683050,42.3498580],[-71.0680050,42.3499130],[-71.0679610,42.3497520]]],"type":"Polygon"},"id":8628,"properties":{"bra_use":"I","foots_1003":"13633","gm_layer":"Unknown Area Type","gm_type":"Unknown Area Type","layer":"Unknown Area Type","lnduse":"I","name":"","objectid_1":"14092","parcel_id":"500167000","story_ht_":"1"},"type":"Feature"}
,{"geometry":{"coordinates":[[[-71.06855299999999,42.3470860],[-71.06854300000001,42.347110],[-71.0685560,42.3471150],[-71.0684160,42.3473680],[-71.0678920,42.3472570],[-71.06787300000001,42.347250],[-71.0678710,42.3472480],[-71.06786700000001,42.3472450],[-71.0678650,42.3472440],[-71.06786200000001,42.3472420],[-71.067860,42.3472390],[-71.0678580,42.3472370],[-71.06785600000001,42.3472350],[-71.0678540,42.3472320],[-71.0678530,42.3472290],[-71.0678520,42.3472280],[-71.06785100000001,42.3472240],[-71.06785100000001,42.347220],[-71.06785100000001,42.347220],[-71.0678540,42.3471970],[-71.0679470,42.3469620],[-71.0680440,42.3469830],[-71.0680490,42.3469620],[-71.0680890,42.3469730],[-71.0681010,42.3469510],[-71.0681010,42.346950]]],"type":"Polygon"},"id":8723,"properties":{"bra_use":"C","foots_1003":"13728","gm_layer":"Unknown Area Type","gm_type":"Unknown Area Type","layer":"Unknown Area Type","lnduse":"C","name":"Wollaston's Supermarket","objectid_1":"14187","parcel_id":"500478010","story_ht_":"1"},"type":"Feature"}
,{"geometry":{"coordinates":[[[-71.06767600000001,42.3483240],[-71.067860,42.3482180],[-71.0679030,42.3482240],[-71.06796199999999,42.3482820],[-71.06789499999999,42.3483210],[-71.067910,42.3483350],[-71.0678350,42.3483770],[-71.0677610,42.3484040]]],"type":"Polygon"},"id":8799,"properties":{"bra_use":"C","foots_1003":"13804","gm_layer":"Unknown Area Type","gm_type":"Unknown Area Type","layer":"Unknown Area Type","lnduse":"C","name":"","objectid_1":"14211","parcel_id":"500708000","story_ht_":"1"},"type":"Feature"}
,{"geometry":{"coordinates":[[[-71.0613570,42.3490620],[-71.0612670,42.3492890],[-71.06114100000001,42.3492610],[-71.06117500000001,42.3491750],[-71.0611440,42.3491690],[-71.0611660,42.3491120],[-71.06119700000001,42.3491190],[-71.0612050,42.34910],[-71.0610880,42.3490750],[-71.0611140,42.349010]]],"type":"Polygon"},"id":6050,"properties":{"bra_use":"CM","foots_1003":"11051","gm_layer":"Unknown Area Type","gm_type":"Unknown Area Type","layer":"Unknown Area Type","lnduse":"CM","name":"","objectid_1":"11609","parcel_id":"305134000","story_ht_":"0"},"type":"Feature"}
,{"geometry":{"coordinates":[[[-71.06106800000001,42.3497760],[-71.0610470,42.3497720],[-71.0610270,42.3498220],[-71.0608020,42.3497730],[-71.0608210,42.3497210],[-71.0608560,42.3497270],[-71.06086000000001,42.3497280],[-71.0608580,42.3497430],[-71.0609350,42.349760],[-71.06093799999999,42.3497450],[-71.06095999999999,42.349750],[-71.06100000000001,42.3496450],[-71.0611090,42.3496680]]],"type":"Polygon"},"id":6064,"properties":{"bra_use":"E","foots_1003":"11065","gm_layer":"Unknown Area Type","gm_type":"Unknown Area Type","layer":"Unknown Area Type","lnduse":"","name":"","objectid_1":"11623","parcel_id":"305232000","story_ht_":"0"},"type":"Feature"}
,{"geometry":{"coordinates":[[[-71.06119700000001,42.3500470],[-71.0611390,42.3500360],[-71.0611590,42.3499810],[-71.0612160,42.3499920]]],"type":"Polygon"},"id":6068,"properties":{"bra_use":"E","foots_1003":"11069","gm_layer":"Unknown Area Type","gm_type":"Unknown Area Type","layer":"Unknown Area Type","lnduse":"E","name":"","objectid_1":"11627","parcel_id":"305255000","story_ht_":"0"},"type":"Feature"}
,{"geometry":{"coordinates":[[[-71.0627290,42.3486230],[-71.0627150,42.3486570],[-71.06260500000001,42.3486310],[-71.0625920,42.3486650],[-71.0625630,42.3486580],[-71.0625630,42.3486570],[-71.0624570,42.3486340],[-71.0624490,42.3486330],[-71.0624730,42.348570]]],"type":"Polygon"},"id":6108,"properties":{"bra_use":"RC","foots_1003":"11109","gm_layer":"Unknown Area Type","gm_type":"Unknown Area Type","layer":"Unknown Area Type","lnduse":"E","name":"","objectid_1":"11668","parcel_id":"305441000","story_ht_":"0"},"type":"Feature"}
,{"geometry":{"coordinates":[[[-71.06250,42.3485040],[-71.0626450,42.3485350],[-71.06263300000001,42.3485670],[-71.0627420,42.3485890],[-71.0627290,42.3486230],[-71.0624730,42.348570]]],"type":"Polygon"},"id":6109,"properties":{"bra_use":"RC","foots_1003":"11110","gm_layer":"Unknown Area Type","gm_type":"Unknown Area Type","layer":"Unknown Area Type","lnduse":"","name":"","objectid_1":"11669","parcel_id":"305442000","story_ht_":"0"},"type":"Feature"}
,{"geometry":{"coordinates":[[[-71.063360,42.3481830],[-71.0634810,42.3477390],[-71.0641380,42.3478380],[-71.0641110,42.3479390],[-71.06411300000001,42.347940],[-71.0640190,42.3482830]]],"type":"Polygon"},"id":6139,"properties":{"bra_use":"A","foots_1003":"11139","gm_layer":"Unknown Area Type","gm_type":"Unknown Area Type","layer":"Unknown Area Type","lnduse":"RL","name":"Oak Terrace","objectid_1":"11698","parcel_id":"305484010","story_ht_":"0"},"type":"Feature"}
,{"geometry":{"coordinates":[[[-71.0678880,42.3441630],[-71.0678970,42.3441520],[-71.0678940,42.344150],[-71.06796300000001,42.3440610],[-71.0680330,42.3440890],[-71.0679560,42.3441910]]],"type":"Polygon"},"id":6145,"properties":{"bra_use":"CM","foots_1003":"11145","gm_layer":"Unknown Area Type","gm_type":"Unknown Area Type","layer":"Unknown Area Type","lnduse":"CM","name":"","objectid_1":"11704","parcel_id":"305722000","story_ht_":"0"},"type":"Feature"}
,{"geometry":{"coordinates":[[[-71.0682360,42.3443110],[-71.06818300000001,42.344290],[-71.0682510,42.3441770],[-71.06831200000001,42.3442030],[-71.0683150,42.3442030],[-71.0682480,42.3442970]]],"type":"Polygon"},"id":6149,"properties":{"bra_use":"CM","foots_1003":"11149","gm_layer":"Unknown Area Type","gm_type":"Unknown Area Type","layer":"Unknown Area Type","lnduse":"CM","name":"","objectid_1":"11708","parcel_id":"305727000","story_ht_":"0"},"type":"Feature"}
,{"geometry":{"coordinates":[[[-71.0683190,42.3442010],[-71.0683210,42.34420],[-71.0683260,42.34420],[-71.068330,42.3442010],[-71.0683320,42.3442010],[-71.0683360,42.3442010],[-71.0683380,42.3442020],[-71.0683410,42.3442030],[-71.0683430,42.3442030],[-71.06834499999999,42.3442040],[-71.06834499999999,42.3442050],[-71.0683480,42.3442050],[-71.0683490,42.3442070],[-71.068350,42.3442070],[-71.06835100000001,42.3442080],[-71.0683530,42.3442090],[-71.0683530,42.344210],[-71.0683540,42.344210],[-71.0683550,42.3442130],[-71.0683550,42.3442190],[-71.0683780,42.3442270],[-71.0683090,42.3443220],[-71.0682480,42.3442970],[-71.0683150,42.3442030]]],"type":"Polygon"},"id":6150,"properties":{"bra_use":"CM","foots_1003":"11150","gm_layer":"Unknown Area Type","gm_type":"Unknown Area Type","layer":"Unknown Area Type","lnduse":"CM","name":"","objectid_1":"11709","parcel_id":"305728000","story_ht_":"0"},"type":"Feature"}
,{"geometry":{"coordinates":[[[-71.0692940,42.3445780],[-71.0693090,42.3445780],[-71.0693380,42.3445890],[-71.0693390,42.3445930],[-71.0692650,42.3446920],[-71.06919600000001,42.3446650],[-71.06926300000001,42.3445790],[-71.0692730,42.3445670]]],"type":"Polygon"},"id":6164,"properties":{"bra_use":"CM","foots_1003":"11164","gm_layer":"Unknown Area Type","gm_type":"Unknown Area Type","layer":"Unknown Area Type","lnduse":"CM","name":"","objectid_1":"11723","parcel_id":"305743000","story_ht_":"0"},"type":"Feature"}
,{"geometry":{"coordinates":[[[-71.0690570,42.3439870],[-71.0691430,42.3438840],[-71.0692050,42.3439160],[-71.0691130,42.3440160]]],"type":"Polygon"},"id":6178,"properties":{"bra_use":"CM","foots_1003":"11178","gm_layer":"Unknown Area Type","gm_type":"Unknown Area Type","layer":"Unknown Area Type","lnduse":"CM","name":"","objectid_1":"11737","parcel_id":"305760000","story_ht_":"0"},"type":"Feature"}
,{"geometry":{"coordinates":[[[-71.0691130,42.3440160],[-71.0692050,42.3439160],[-71.06926900000001,42.3439480],[-71.06917900000001,42.3440490]]],"type":"Polygon"},"id":6179,"properties":{"bra_use":"CM","foots_1003":"11179","gm_layer":"Unknown Area Type","gm_type":"Unknown Area Type","layer":"Unknown Area Type","lnduse":"CM","name":"","objectid_1":"11738","parcel_id":"305761000","story_ht_":"0"},"type":"Feature"}
,{"geometry":{"coordinates":[[[-71.0694440,42.3440380],[-71.06935799999999,42.3441420],[-71.0692990,42.3441110],[-71.06938599999999,42.3440080]]],"type":"Polygon"},"id":6182,"properties":{"bra_use":"CM","foots_1003":"11182","gm_layer":"Unknown Area Type","gm_type":"Unknown Area Type","layer":"Unknown Area Type","lnduse":"CM","name":"","objectid_1":"11741","parcel_id":"305764000","story_ht_":"0"},"type":"Feature"}
,{"geometry":{"coordinates":[[[-71.06935799999999,42.3441420],[-71.0694440,42.3440380],[-71.0695140,42.3440740],[-71.06941999999999,42.3441720]]],"type":"Polygon"},"id":6183,"properties":{"bra_use":"CM","foots_1003":"11183","gm_layer":"Unknown Area Type","gm_type":"Unknown Area Type","layer":"Unknown Area Type","lnduse":"CM","name":"","objectid_1":"11742","parcel_id":"305765000","story_ht_":"0"},"type":"Feature"}
,{"geometry":{"coordinates":[[[-71.06941999999999,42.3441720],[-71.0695140,42.3440740],[-71.0695710,42.3441020],[-71.0694790,42.3442020]]],"type":"Polygon"},"id":6184,"properties":{"bra_use":"CM","foots_1003":"11184","gm_layer":"Unknown Area Type","gm_type":"Unknown Area Type","layer":"Unknown Area Type","lnduse":"CM","name":"","objectid_1":"11743","parcel_id":"305766000","story_ht_":"0"},"type":"Feature"}
,{"geometry":{"coordinates":[[[-71.0695540,42.3444010],[-71.0696320,42.3444330],[-71.0695580,42.3445320],[-71.0694950,42.3445050]]],"type":"Polygon"},"id":6202,"properties":{"bra_use":"CM","foots_1003":"11202","gm_layer":"Unknown Area Type","gm_type":"Unknown Area Type","layer":"Unknown Area Type","lnduse":"CM","name":"","objectid_1":"11761","parcel_id":"305786000","story_ht_":"0"},"type":"Feature"}
,{"geometry":{"coordinates":[[[-71.0694950,42.3445050],[-71.0694170,42.3444740],[-71.0694890,42.3443750],[-71.0695540,42.3444010]]],"type":"Polygon"},"id":6203,"properties":{"bra_use":"CM","foots_1003":"11203","gm_layer":"Unknown Area Type","gm_type":"Unknown Area Type","layer":"Unknown Area Type","lnduse":"CM","name":"","objectid_1":"11762","parcel_id":"305787000","story_ht_":"0"},"type":"Feature"}
,{"geometry":{"coordinates":[[[-71.06922299999999,42.3442670],[-71.0692880,42.3442930],[-71.0692160,42.3443930],[-71.0691540,42.3443670]]],"type":"Polygon"},"id":6207,"properties":{"bra_use":"CM","foots_1003":"11207","gm_layer":"Unknown Area Type","gm_type":"Unknown Area Type","layer":"Unknown Area Type","lnduse":"CM","name":"","objectid_1":"11766","parcel_id":"305791000","story_ht_":"0"},"type":"Feature"}
,{"geometry":{"coordinates":[[[-71.0688990,42.3441360],[-71.0689680,42.3441640],[-71.068890,42.3442610],[-71.0688270,42.3442350]]],"type":"Polygon"},"id":6212,"properties":{"bra_use":"CM","foots_1003":"11212","gm_layer":"Unknown Area Type","gm_type":"Unknown Area Type","layer":"Unknown Area Type","lnduse":"CM","name":"","objectid_1":"11771","parcel_id":"305796000","story_ht_":"0"},"type":"Feature"}
,{"geometry":{"coordinates":[[[-71.06876800000001,42.3440830],[-71.0688370,42.3441110],[-71.06875599999999,42.3442060],[-71.0686870,42.3441780]]],"type":"Polygon"},"id":6214,"properties":{"bra_use":"CM","foots_1003":"11214","gm_layer":"Unknown Area Type","gm_type":"Unknown Area Type","layer":"Unknown Area Type","lnduse":"CM","name":"","objectid_1":"11773","parcel_id":"305798000","story_ht_":"0"},"type":"Feature"}
,{"geometry":{"coordinates":[[[-71.068510,42.3441060],[-71.06859300000001,42.3440120],[-71.0686480,42.3440340],[-71.0685720,42.3441310]]],"type":"Polygon"},"id":6217,"properties":{"bra_use":"CM","foots_1003":"11217","gm_layer":"Unknown Area Type","gm_type":"Unknown Area Type","layer":"Unknown Area Type","lnduse":"CM","name":"","objectid_1":"11776","parcel_id":"305801000","story_ht_":"0"},"type":"Feature"}
,{"geometry":{"coordinates":[[[-71.0685010,42.3440610],[-71.0684590,42.3441080],[-71.0683810,42.3440680],[-71.0684230,42.3440220]]],"type":"Polygon"},"id":6218,"properties":{"bra_use":"CM","foots_1003":"11218","gm_layer":"Unknown Area Type","gm_type":"Unknown Area Type","layer":"Unknown Area Type","lnduse":"CM","name":"","objectid_1":"11777","parcel_id":"305801020","story_ht_":"0"},"type":"Feature"}
,{"geometry":{"coordinates":[[[-71.06824500000001,42.3439030],[-71.068280,42.3438580],[-71.0682680,42.3438510],[-71.0682930,42.3438270],[-71.06834600000001,42.3438510],[-71.0683530,42.3438420],[-71.0684490,42.3438880],[-71.0684150,42.3439280],[-71.0683080,42.3438730],[-71.06827300000001,42.3439150],[-71.0683320,42.3439420],[-71.0683380,42.3439350],[-71.0683930,42.3439590],[-71.0683140,42.3440460],[-71.06813699999999,42.3439750],[-71.0682170,42.3438920]]],"type":"Polygon"},"id":6223,"properties":{"bra_use":"CM","foots_1003":"11223","gm_layer":"Unknown Area Type","gm_type":"Unknown Area Type","layer":"Unknown Area Type","lnduse":"CM","name":"","objectid_1":"11782","parcel_id":"305815000","story_ht_":"0"},"type":"Feature"}
,{"geometry":{"coordinates":[[[-71.06639300000001,42.344010],[-71.06649400000001,42.3438520],[-71.0665020,42.3438550],[-71.0671260,42.3440740],[-71.0669740,42.3441640],[-71.0669450,42.3441530],[-71.06692099999999,42.3441960],[-71.06660599999999,42.3440870],[-71.0665980,42.3440920],[-71.066570,42.3440840],[-71.0665630,42.3440750],[-71.06639300000001,42.3440110]]],"type":"Polygon"},"id":6405,"properties":{"bra_use":"CM","foots_1003":"11405","gm_layer":"Unknown Area Type","gm_type":"Unknown Area Type","layer":"Unknown Area Type","lnduse":"CM","name":"","objectid_1":"11967","parcel_id":"306030100","story_ht_":"0"},"type":"Feature"}
,{"geometry":{"coordinates":[[[-71.0654940,42.3508450],[-71.06550,42.3508190],[-71.06554300000001,42.3508240],[-71.0655380,42.350850]]],"type":"Polygon"},"id":8605,"properties":{"bra_use":"CL","foots_1003":"13610","gm_layer":"Unknown Area Type","gm_type":"Unknown Area Type","layer":"Unknown Area Type","lnduse":"CL","name":"","objectid_1":"14069","parcel_id":"500059000","story_ht_":"0"},"type":"Feature"}
,{"geometry":{"coordinates":[[[-71.06608900000001,42.3505080],[-71.0660840,42.3504510],[-71.0663260,42.3504420],[-71.0663350,42.3505490],[-71.0662760,42.3505520],[-71.0660930,42.3505590]]],"type":"Polygon"},"id":8615,"properties":{"bra_use":"CM","foots_1003":"13620","gm_layer":"Unknown Area Type","gm_type":"Unknown Area Type","layer":"Unknown Area Type","lnduse":"CM","name":"","objectid_1":"14079","parcel_id":"500079000","story_ht_":"0"},"type":"Feature"}
,{"geometry":{"coordinates":[[[-71.0669150,42.3497710],[-71.0669190,42.3497680],[-71.0670260,42.3498720],[-71.0668230,42.349970],[-71.0667990,42.3499290],[-71.0667480,42.3498610]]],"type":"Polygon"},"id":8619,"properties":{"bra_use":"CM","foots_1003":"13624","gm_layer":"Unknown Area Type","gm_type":"Unknown Area Type","layer":"Unknown Area Type","lnduse":"CM","name":"","objectid_1":"14083","parcel_id":"500120010","story_ht_":"0"},"type":"Feature"}
,{"geometry":{"coordinates":[[[-71.06702799999999,42.3498720],[-71.06718600000001,42.3500430],[-71.0672170,42.3500960],[-71.0669880,42.350180],[-71.0669820,42.3501730],[-71.0669530,42.3501820],[-71.0669520,42.3501870],[-71.0668330,42.3502080],[-71.06682000000001,42.3502030],[-71.0667660,42.349940],[-71.0667990,42.3499290],[-71.0668230,42.349970],[-71.0670260,42.3498720]]],"type":"Polygon"},"id":8620,"properties":{"bra_use":"CM","foots_1003":"13625","gm_layer":"Unknown Area Type","gm_type":"Unknown Area Type","layer":"Unknown Area Type","lnduse":"CM","name":"","objectid_1":"14084","parcel_id":"500120010","story_ht_":"0"},"type":"Feature"}
,{"geometry":{"coordinates":[[[-71.068260,42.350150],[-71.0682430,42.3500920],[-71.0684540,42.3500550],[-71.0684560,42.3500530],[-71.06847500000001,42.3501110],[-71.0683220,42.3501390]]],"type":"Polygon"},"id":8621,"properties":{"bra_use":"CL","foots_1003":"13626","gm_layer":"Unknown Area Type","gm_type":"Unknown Area Type","layer":"Unknown Area Type","lnduse":"CL","name":"","objectid_1":"14085","parcel_id":"500123000","story_ht_":"0"},"type":"Feature"}
,{"geometry":{"coordinates":[[[-71.06754700000001,42.3494160],[-71.06759700000001,42.3494830],[-71.06753500000001,42.349510],[-71.06748399999999,42.3494430]]],"type":"Polygon"},"id":8640,"properties":{"bra_use":"CM","foots_1003":"13645","gm_layer":"Unknown Area Type","gm_type":"Unknown Area Type","layer":"Unknown Area Type","lnduse":"CM","name":"","objectid_1":"14104","parcel_id":"500176000","story_ht_":"0"},"type":"Feature"}
,{"geometry":{"coordinates":[[[-71.0676120,42.3493880],[-71.0676630,42.3494540],[-71.06759700000001,42.3494830],[-71.06754700000001,42.3494160]]],"type":"Polygon"},"id":8641,"properties":{"bra_use":"CM","foots_1003":"13646","gm_layer":"Unknown Area Type","gm_type":"Unknown Area Type","layer":"Unknown Area Type","lnduse":"CM","name":"","objectid_1":"14105","parcel_id":"500177000","story_ht_":"0"},"type":"Feature"}
,{"geometry":{"coordinates":[[[-71.067740,42.3493320],[-71.067790,42.3493980],[-71.0677290,42.3494250],[-71.06767600000001,42.3493610]]],"type":"Polygon"},"id":8643,"properties":{"bra_use":"CM","foots_1003":"13648","gm_layer":"Unknown Area Type","gm_type":"Unknown Area Type","layer":"Unknown Area Type","lnduse":"CM","name":"","objectid_1":"14107","parcel_id":"500179000","story_ht_":"0"},"type":"Feature"}
,{"geometry":{"coordinates":[[[-71.06786700000001,42.3492790],[-71.0679210,42.3493470],[-71.0679550,42.349390],[-71.0680170,42.349360],[-71.06801900000001,42.3493630],[-71.06821600000001,42.3492890],[-71.0682360,42.3493430],[-71.0679580,42.349460],[-71.06791200000001,42.349470],[-71.0678420,42.3494870],[-71.0678210,42.3494250],[-71.0678860,42.3494120],[-71.06785499999999,42.349370],[-71.0678060,42.3493040]]],"type":"Polygon"},"id":8645,"properties":{"bra_use":"CM","foots_1003":"13650","gm_layer":"Unknown Area Type","gm_type":"Unknown Area Type","layer":"Unknown Area Type","lnduse":"CM","name":"","objectid_1":"14109","parcel_id":"500181000","story_ht_":"0"},"type":"Feature"}
,{"geometry":{"coordinates":[[[-71.06811500000001,42.3492640],[-71.06804800000001,42.3492920],[-71.06799599999999,42.3492240],[-71.0680660,42.3491950]]],"type":"Polygon"},"id":8648,"properties":{"bra_use":"CM","foots_1003":"13653","gm_layer":"Unknown Area Type","gm_type":"Unknown Area Type","layer":"Unknown Area Type","lnduse":"CM","name":"","objectid_1":"14112","parcel_id":"500184000","story_ht_":"0"},"type":"Feature"}
,{"geometry":{"coordinates":[[[-71.0683150,42.3495530],[-71.0683150,42.3495550],[-71.0683150,42.3495570],[-71.0683140,42.3495580],[-71.0683140,42.349560],[-71.0683130,42.3495620],[-71.06831099999999,42.3495630],[-71.06831099999999,42.3495650],[-71.0683090,42.3495660],[-71.0683090,42.3495680],[-71.0683070,42.3495690],[-71.0683050,42.3495710],[-71.0683040,42.3495720],[-71.0683020,42.3495740],[-71.0682880,42.3495780],[-71.06790599999999,42.3496640],[-71.0678430,42.3495010],[-71.06791699999999,42.3494840],[-71.0679250,42.3495040],[-71.0682690,42.3494310],[-71.0683150,42.3495470]]],"type":"Polygon"},"id":8650,"properties":{"bra_use":"E","foots_1003":"13655","gm_layer":"Unknown Area Type","gm_type":"Unknown Area Type","layer":"Unknown Area Type","lnduse":"E","name":"","objectid_1":"14114","parcel_id":"500188000","story_ht_":"0"},"type":"Feature"}
,{"geometry":{"coordinates":[[[-71.0676620,42.3495880],[-71.0677290,42.3495740],[-71.067770,42.349690],[-71.0677060,42.3497040],[-71.0676740,42.3496190]]],"type":"Polygon"},"id":8655,"properties":{"bra_use":"CM","foots_1003":"13660","gm_layer":"Unknown Area Type","gm_type":"Unknown Area Type","layer":"Unknown Area Type","lnduse":"CM","name":"","objectid_1":"14119","parcel_id":"500197000","story_ht_":"0"},"type":"Feature"}
,{"geometry":{"coordinates":[[[-71.0676280,42.3497210],[-71.06756900000001,42.3497340],[-71.06753500000001,42.3496480],[-71.0675980,42.3496350]]],"type":"Polygon"},"id":8657,"properties":{"bra_use":"CM","foots_1003":"13662","gm_layer":"Unknown Area Type","gm_type":"Unknown Area Type","layer":"Unknown Area Type","lnduse":"CM","name":"","objectid_1":"14121","parcel_id":"500199000","story_ht_":"0"},"type":"Feature"}
,{"geometry":{"coordinates":[[[-71.066930,42.3492460],[-71.06698299999999,42.3492140],[-71.0670710,42.3492990],[-71.0670190,42.3493320]]],"type":"Polygon"},"id":8662,"properties":{"bra_use":"CM","foots_1003":"13667","gm_layer":"Unknown Area Type","gm_type":"Unknown Area Type","layer":"Unknown Area Type","lnduse":"CM","name":"","objectid_1":"14126","parcel_id":"500203000","story_ht_":"0"},"type":"Feature"}
,{"geometry":{"coordinates":[[[-71.06708500000001,42.3491540],[-71.0671480,42.3491160],[-71.0672860,42.349240],[-71.0672220,42.3492780]]],"type":"Polygon"},"id":8665,"properties":{"bra_use":"CM","foots_1003":"13670","gm_layer":"Unknown Area Type","gm_type":"Unknown Area Type","layer":"Unknown Area Type","lnduse":"CM","name":"","objectid_1":"14129","parcel_id":"500206000","story_ht_":"0"},"type":"Feature"}
,{"geometry":{"coordinates":[[[-71.0675140,42.3489110],[-71.0675760,42.3488730],[-71.0677530,42.3490340],[-71.0677410,42.3490410],[-71.06773699999999,42.3490380],[-71.0676840,42.349070],[-71.0675940,42.3489870]]],"type":"Polygon"},"id":8671,"properties":{"bra_use":"CM","foots_1003":"13676","gm_layer":"Unknown Area Type","gm_type":"Unknown Area Type","layer":"Unknown Area Type","lnduse":"CM","name":"","objectid_1":"14135","parcel_id":"500212000","story_ht_":"0"},"type":"Feature"}
,{"geometry":{"coordinates":[[[-71.0677870,42.3491030],[-71.0678470,42.3491810],[-71.0677750,42.3492110],[-71.0677230,42.3491310]]],"type":"Polygon"},"id":8681,"properties":{"bra_use":"CM","foots_1003":"13686","gm_layer":"Unknown Area Type","gm_type":"Unknown Area Type","layer":"Unknown Area Type","lnduse":"CM","name":"","objectid_1":"14145","parcel_id":"500222000","story_ht_":"0"},"type":"Feature"}
,{"geometry":{"coordinates":[[[-71.06743299999999,42.3492570],[-71.06749000000001,42.3493310],[-71.0674140,42.3493650],[-71.0673580,42.3492930],[-71.0673870,42.3492790]]],"type":"Polygon"},"id":8685,"properties":{"bra_use":"CM","foots_1003":"13690","gm_layer":"Unknown Area Type","gm_type":"Unknown Area Type","layer":"Unknown Area Type","lnduse":"CM","name":"","objectid_1":"14149","parcel_id":"500227000","story_ht_":"0"},"type":"Feature"}
,{"geometry":{"coordinates":[[[-71.06733199999999,42.3492980],[-71.0673070,42.3492670],[-71.0673580,42.3492440],[-71.0673870,42.3492790],[-71.0673580,42.3492930],[-71.0674140,42.3493650],[-71.0672790,42.3494210],[-71.0672220,42.3493470]]],"type":"Polygon"},"id":8686,"properties":{"bra_use":"CM","foots_1003":"13691","gm_layer":"Unknown Area Type","gm_type":"Unknown Area Type","layer":"Unknown Area Type","lnduse":"CM","name":"","objectid_1":"14150","parcel_id":"500229000","story_ht_":"0"},"type":"Feature"}
,{"geometry":{"coordinates":[[[-71.0672790,42.3494210],[-71.0672050,42.3494540],[-71.067150,42.3493790],[-71.0672220,42.3493470]]],"type":"Polygon"},"id":8687,"properties":{"bra_use":"CM","foots_1003":"13692","gm_layer":"Unknown Area Type","gm_type":"Unknown Area Type","layer":"Unknown Area Type","lnduse":"CM","name":"","objectid_1":"14151","parcel_id":"500230000","story_ht_":"0"},"type":"Feature"}
,{"geometry":{"coordinates":[[[-71.06707900000001,42.3490550],[-71.0670130,42.3490930],[-71.0669260,42.3490120],[-71.0669290,42.349010],[-71.0669930,42.3489730],[-71.0669990,42.3489810]]],"type":"Polygon"},"id":8704,"properties":{"bra_use":"CM","foots_1003":"13709","gm_layer":"Unknown Area Type","gm_type":"Unknown Area Type","layer":"Unknown Area Type","lnduse":"CM","name":"","objectid_1":"14168","parcel_id":"500254000","story_ht_":"0"},"type":"Feature"}
,{"geometry":{"coordinates":[[[-71.0670580,42.3489450],[-71.0671380,42.349020],[-71.06707900000001,42.3490550],[-71.0669990,42.3489810]]],"type":"Polygon"},"id":8705,"properties":{"bra_use":"CM","foots_1003":"13710","gm_layer":"Unknown Area Type","gm_type":"Unknown Area Type","layer":"Unknown Area Type","lnduse":"CM","name":"","objectid_1":"14169","parcel_id":"500254000","story_ht_":"0"},"type":"Feature"}
,{"geometry":{"coordinates":[[[-71.0670970,42.3489230],[-71.0671210,42.3489080],[-71.06720,42.3489830],[-71.0671380,42.349020],[-71.0670580,42.3489450]]],"type":"Polygon"},"id":8706,"properties":{"bra_use":"CM","foots_1003":"13711","gm_layer":"Unknown Area Type","gm_type":"Unknown Area Type","layer":"Unknown Area Type","lnduse":"CM","name":"","objectid_1":"14170","parcel_id":"500254000","story_ht_":"0"},"type":"Feature"}
,{"geometry":{"coordinates":[[[-71.06823900000001,42.3488630],[-71.0681790,42.3488910],[-71.0681390,42.3488210],[-71.0683320,42.3487110],[-71.0684030,42.3487820],[-71.06840699999999,42.3487870],[-71.0682530,42.3488570]]],"type":"Polygon"},"id":8809,"properties":{"bra_use":"CM","foots_1003":"13814","gm_layer":"Unknown Area Type","gm_type":"Unknown Area Type","layer":"Unknown Area Type","lnduse":"CM","name":"","objectid_1":"14221","parcel_id":"500741000","story_ht_":"0"},"type":"Feature"}
,{"geometry":{"coordinates":[[[-71.0688230,42.3489640],[-71.0687760,42.3488970],[-71.0688870,42.348850],[-71.0689390,42.3489160]]],"type":"Polygon"},"id":8830,"properties":{"bra_use":"CM","foots_1003":"13835","gm_layer":"Unknown Area Type","gm_type":"Unknown Area Type","layer":"Unknown Area Type","lnduse":"CM","name":"","objectid_1":"14242","parcel_id":"500764000","story_ht_":"0"},"type":"Feature"}
,{"geometry":{"coordinates":[[[-71.0691930,42.3490760],[-71.06918400000001,42.349050],[-71.06921800000001,42.3490430],[-71.0692270,42.3490680]]],"type":"Polygon"},"id":8839,"properties":{"bra_use":"CL","foots_1003":"13844","gm_layer":"Unknown Area Type","gm_type":"Unknown Area Type","layer":"Unknown Area Type","lnduse":"CL","name":"","objectid_1":"14251","parcel_id":"500773000","story_ht_":"0"},"type":"Feature"}
,{"geometry":{"coordinates":[[[-71.0689670,42.349440],[-71.0687270,42.3494890],[-71.0686340,42.3492410],[-71.0688730,42.3491910]]],"type":"Polygon"},"id":8843,"properties":{"bra_use":"CM","foots_1003":"13848","gm_layer":"Unknown Area Type","gm_type":"Unknown Area Type","layer":"Unknown Area Type","lnduse":"CM","name":"","objectid_1":"14255","parcel_id":"500779000","story_ht_":"0"},"type":"Feature"}
,{"geometry":{"coordinates":[[[-71.0642830,42.3499970],[-71.06410099999999,42.3503520],[-71.06371900000001,42.3502970],[-71.0638830,42.3502140],[-71.0639340,42.3499980],[-71.0636920,42.3497220],[-71.0634590,42.3496860],[-71.0633730,42.3499920],[-71.0633570,42.349990],[-71.06333600000001,42.3500660],[-71.0633150,42.3500620],[-71.06328000000001,42.3501780],[-71.0631230,42.3501530],[-71.06311700000001,42.3501720],[-71.06307700000001,42.3501660],[-71.063070,42.3501940],[-71.0631080,42.35020],[-71.0629730,42.3506850],[-71.06293599999999,42.3506770],[-71.0629320,42.3506910],[-71.0629690,42.3506970],[-71.062950,42.3507680],[-71.0628820,42.3507580],[-71.0628830,42.3507530],[-71.06284100000001,42.3507470],[-71.0628340,42.3507730],[-71.06277400000001,42.3507640],[-71.06277400000001,42.3507630],[-71.06260399999999,42.3507370],[-71.0626540,42.350560],[-71.06268799999999,42.3505650],[-71.0627270,42.3504320],[-71.062690,42.3504260],[-71.06276699999999,42.3501480],[-71.0627990,42.3501520],[-71.0628170,42.3500970],[-71.0624390,42.3499370],[-71.0624430,42.3499330],[-71.06226599999999,42.3498560],[-71.0623210,42.3497870],[-71.0621850,42.3497280],[-71.06214900000001,42.3498180],[-71.0620,42.3497560],[-71.0620380,42.3496640],[-71.06216600000001,42.3493620],[-71.0621630,42.3493490],[-71.062180,42.3493110],[-71.06223300000001,42.3492960],[-71.06257600000001,42.3494490],[-71.0625790,42.3494460],[-71.06258699999999,42.3494350],[-71.062590,42.3494340],[-71.06267699999999,42.3494730],[-71.0626650,42.3494880],[-71.0629490,42.3496150],[-71.0629550,42.34960],[-71.06300400000001,42.3496110],[-71.063070,42.3496470],[-71.0630850,42.3496080],[-71.0630510,42.3495920],[-71.06302599999999,42.3495690],[-71.06300400000001,42.3495480],[-71.0630020,42.3495430],[-71.0630010,42.3495370],[-71.0630,42.3495330],[-71.06299900000001,42.3495280],[-71.06299900000001,42.3495230],[-71.06299900000001,42.3495170],[-71.0630,42.3495110],[-71.0630010,42.3495030],[-71.0630030,42.3494970],[-71.06300400000001,42.3494890],[-71.0630060,42.3494840],[-71.0630110,42.3494780],[-71.0630130,42.3494710],[-71.0630180,42.3494640],[-71.0630230,42.3494590],[-71.0630290,42.3494520],[-71.0630340,42.3494470],[-71.0630410,42.3494420],[-71.0630470,42.3494370],[-71.0630630,42.3494290],[-71.0630790,42.3494210],[-71.0630960,42.3494160],[-71.0631120,42.349410],[-71.063130,42.3494050],[-71.0631770,42.3493960],[-71.06322400000001,42.3493870],[-71.0632720,42.3493820],[-71.0633350,42.3493910],[-71.06338700000001,42.3493690],[-71.06340899999999,42.3492910],[-71.0630560,42.3492350],[-71.063040,42.3492320],[-71.06303699999999,42.3492460],[-71.0630080,42.3492420],[-71.06300899999999,42.3492380],[-71.062990,42.3492630],[-71.0630240,42.3492780],[-71.0630030,42.3493040],[-71.0630580,42.3493280],[-71.06293599999999,42.3494780],[-71.06272800000001,42.3493860],[-71.0628530,42.3492310],[-71.0628230,42.3492190],[-71.0628220,42.3492220],[-71.06281199999999,42.3492180],[-71.06272300000001,42.3493260],[-71.0627430,42.3493360],[-71.0627310,42.3493490],[-71.062720,42.3493440],[-71.0626920,42.3493780],[-71.0625560,42.3493160],[-71.0626840,42.3491590],[-71.0626410,42.3491390],[-71.0626390,42.3491480],[-71.0622880,42.3490490],[-71.06242399999999,42.3487180],[-71.06242399999999,42.3487170],[-71.0625580,42.3487550],[-71.0625610,42.348750],[-71.063040,42.3488820],[-71.0629890,42.3489850],[-71.0630420,42.3489910],[-71.0630470,42.3489730],[-71.06306600000001,42.3489760],[-71.06307200000001,42.3489590],[-71.0630870,42.348960],[-71.0630910,42.3489440],[-71.0631180,42.3489490],[-71.0631130,42.3489640],[-71.06356100000001,42.3490370],[-71.0636160,42.3488360],[-71.0635130,42.3488220],[-71.0636220,42.3484050],[-71.0639430,42.3484530],[-71.0638290,42.3488690],[-71.0637850,42.3488630],[-71.0637310,42.3490570],[-71.0637720,42.3490620],[-71.0637490,42.3491460],[-71.0637320,42.3491440],[-71.0637270,42.3491680],[-71.06374200000001,42.349170],[-71.0637450,42.3491750],[-71.0637460,42.3491790],[-71.06374700000001,42.3491850],[-71.06374700000001,42.3491880],[-71.06374700000001,42.3491910],[-71.06374700000001,42.3491940],[-71.06374700000001,42.3491980],[-71.0637460,42.3492010],[-71.0637460,42.3492040],[-71.0637440,42.3492070],[-71.06374200000001,42.349210],[-71.06374200000001,42.3492120],[-71.06374099999999,42.3492150],[-71.0637380,42.3492180],[-71.06373600000001,42.3492190],[-71.0637340,42.3492220],[-71.0637310,42.3492250],[-71.0637280,42.3492260],[-71.06372399999999,42.3492280],[-71.063710,42.3492270],[-71.0637030,42.3492510],[-71.063720,42.3492510],[-71.0636980,42.3493330],[-71.0636150,42.3493260],[-71.06373600000001,42.3494630],[-71.06395000000001,42.3494950],[-71.0643970,42.3495630],[-71.0643980,42.3495610],[-71.0644150,42.3494910],[-71.0651690,42.3496060],[-71.0650370,42.3500770],[-71.0648590,42.350050],[-71.06482200000001,42.3501790]]],"type":"Polygon"},"id":21786,"properties":{"bra_use":"E","foots_1003":"87695","gm_layer":"Unknown Area Type","gm_type":"Unknown Area Type","layer":"Unknown Area Type","lnduse":"E","name":"New England Medical Center","objectid_1":"91399","parcel_id":"305379030","story_ht_":"0"},"type":"Feature"}
,{"geometry":{"coordinates":[[[-71.06389900000001,42.3506690],[-71.0638980,42.3508050],[-71.0636840,42.3507850],[-71.0636820,42.3507840],[-71.063650,42.3508330],[-71.0634250,42.3508010],[-71.0634080,42.3505650],[-71.0635360,42.3503560],[-71.0637650,42.3503880],[-71.06405700000001,42.3504240],[-71.0639530,42.3505620]]],"type":"Polygon"},"id":21787,"properties":{"bra_use":"E","foots_1003":"87695","gm_layer":"Unknown Area Type","gm_type":"Unknown Area Type","layer":"Unknown Area Type","lnduse":"E","name":"New England Medical Center","objectid_1":"91399","parcel_id":"305379030","story_ht_":"0"},"type":"Feature"}
,{"geometry":{"coordinates":[[[-71.0644180,42.3506780],[-71.0643420,42.3508430],[-71.0643510,42.3508430],[-71.06432700000001,42.3508980],[-71.0639350,42.350860],[-71.063940,42.3508090],[-71.0638980,42.3508050],[-71.06389900000001,42.3506690],[-71.0639530,42.3505620],[-71.06405700000001,42.3504240],[-71.06410099999999,42.3503520],[-71.0642830,42.3499970],[-71.06482200000001,42.3501790],[-71.0650050,42.3502420],[-71.0648970,42.3506160],[-71.0646070,42.3505730],[-71.0646210,42.3505310],[-71.0645090,42.3505170],[-71.0643670,42.3506590]]],"type":"Polygon"},"id":21788,"properties":{"bra_use":"E","foots_1003":"87696","gm_layer":"Unknown Area Type","gm_type":"Unknown Area Type","layer":"Unknown Area Type","lnduse":"E","name":"Wang Theater","objectid_1":"91400","parcel_id":"305379030","story_ht_":"0"},"type":"Feature"}
,{"geometry":{"coordinates":[[[-71.06394899999999,42.3476970],[-71.06359500000001,42.3476390],[-71.063610,42.3475750],[-71.06357300000001,42.3475690],[-71.0635920,42.3474850],[-71.0636380,42.3474910],[-71.0636480,42.3474580],[-71.0640270,42.3475150],[-71.0640210,42.3475520],[-71.0641650,42.3475760],[-71.0641390,42.3476650],[-71.0640870,42.3476560],[-71.0639570,42.3476360]]],"type":"Polygon"},"id":22186,"properties":{"bra_use":"E","foots_1003":"91150","gm_layer":"Unknown Area Type","gm_type":"Unknown Area Type","layer":"Unknown Area Type","lnduse":"","name":"Quincy Upper School","objectid_1":"91820","parcel_id":"0","story_ht_":"0"},"type":"Feature"}
]}