{"type": "FeatureCollection", "features": [{"geometry":{"coordinates":[[[-71.046930,42.3321720],[-71.04699700000001,42.3322030],[-71.0469250,42.3322780],[-71.04692300000001,42.3322750],[-71.04691699999999,42.3322830],[-71.0468960,42.3322720],[-71.04689999999999,42.3322640],[-71.04686700000001,42.3322450]]],"type":"Polygon"},"id":15487,"properties":{"bra_use":"R2","foots_1003":"21114","gm_layer":"Unknown Area Type","gm_type":"Unknown Area Type","layer":"Unknown Area Type","lnduse":"R2","name":"","objectid_1":"21562","parcel_id":"701369000","story_ht_":"2.5"},"type":"Feature"}
,{"geometry":{"coordinates":[[[-71.04872500000001,42.3330160],[-71.0488050,42.3330160],[-71.04880799999999,42.3331090],[-71.0487280,42.3331110]]],"type":"Polygon"},"id":15081,"properties":{"bra_use":"R2","foots_1003":"20708","gm_layer":"Unknown Area Type","gm_type":"Unknown Area Type","layer":"Unknown Area Type","lnduse":"R2","name":"","objectid_1":"21390","parcel_id":"701138000","story_ht_":"2"},"type":"Feature"}
,{"geometry":{"coordinates":[[[-71.0494120,42.3330870],[-71.0493360,42.3330870],[-71.0493340,42.3330090],[-71.0494120,42.3330080]]],"type":"Polygon"},"id":15344,"properties":{"bra_use":"R2","foots_1003":"20971","gm_layer":"Unknown Area Type","gm_type":"Unknown Area Type","layer":"Unknown Area Type","lnduse":"R2","name":"","objectid_1":"21419","parcel_id":"701172000","story_ht_":"2"},"type":"Feature"}
,{"geometry":{"coordinates":[[[-71.0492390,42.3327950],[-71.04927499999999,42.3327960],[-71.0492780,42.3327330],[-71.0493120,42.3327340],[-71.0493130,42.3328680],[-71.0492390,42.3328670]]],"type":"Polygon"},"id":15369,"properties":{"bra_use":"R1","foots_1003":"20996","gm_layer":"Unknown Area Type","gm_type":"Unknown Area Type","layer":"Unknown Area Type","lnduse":"R1","name":"","objectid_1":"21444","parcel_id":"701215000","story_ht_":"2"},"type":"Feature"}
,{"geometry":{"coordinates":[[[-71.0491710,42.3328640],[-71.0491720,42.3327930],[-71.0492390,42.3327950],[-71.0492390,42.3328670]]],"type":"Polygon"},"id":15370,"properties":{"bra_use":"R1","foots_1003":"20997","gm_layer":"Unknown Area Type","gm_type":"Unknown Area Type","layer":"Unknown Area Type","lnduse":"R1","name":"","objectid_1":"21445","parcel_id":"701216000","story_ht_":"2"},"type":"Feature"}
,{"geometry":{"coordinates":[[[-71.0491710,42.3328640],[-71.0490930,42.3328630],[-71.0490980,42.332790],[-71.0491720,42.3327930]]],"type":"Polygon"},"id":15371,"properties":{"bra_use":"R1","foots_1003":"20998","gm_layer":"Unknown Area Type","gm_type":"Unknown Area Type","layer":"Unknown Area Type","lnduse":"R1","name":"","objectid_1":"21446","parcel_id":"701217000","story_ht_":"2"},"type":"Feature"}
,{"geometry":{"coordinates":[[[-71.0492340,42.3322220],[-71.0492340,42.3322460],[-71.049120,42.3322450],[-71.049120,42.3321880],[-71.04928099999999,42.3321880],[-71.04928099999999,42.3322220]]],"type":"Polygon"},"id":15376,"properties":{"bra_use":"R1","foots_1003":"21003","gm_layer":"Unknown Area Type","gm_type":"Unknown Area Type","layer":"Unknown Area Type","lnduse":"R1","name":"","objectid_1":"21451","parcel_id":"701225000","story_ht_":"2"},"type":"Feature"}
,{"geometry":{"coordinates":[[[-71.0490890,42.3321810],[-71.0490880,42.3321320],[-71.0491880,42.3321310],[-71.0491880,42.3321450],[-71.0492790,42.3321440],[-71.049280,42.3321780]]],"type":"Polygon"},"id":15377,"properties":{"bra_use":"R2","foots_1003":"21004","gm_layer":"Unknown Area Type","gm_type":"Unknown Area Type","layer":"Unknown Area Type","lnduse":"R2","name":"","objectid_1":"21452","parcel_id":"701226000","story_ht_":"2"},"type":"Feature"}
,{"geometry":{"coordinates":[[[-71.0496060,42.332480],[-71.0496070,42.332420],[-71.0497290,42.332420],[-71.0497290,42.3324790]]],"type":"Polygon"},"id":15383,"properties":{"bra_use":"R2","foots_1003":"21010","gm_layer":"Unknown Area Type","gm_type":"Unknown Area Type","layer":"Unknown Area Type","lnduse":"R2","name":"","objectid_1":"21458","parcel_id":"701243000","story_ht_":"2"},"type":"Feature"}
,{"geometry":{"coordinates":[[[-71.04962399999999,42.3325770],[-71.0496230,42.3324820],[-71.0497290,42.3324810],[-71.04973099999999,42.3325760]]],"type":"Polygon"},"id":15384,"properties":{"bra_use":"R1","foots_1003":"21011","gm_layer":"Unknown Area Type","gm_type":"Unknown Area Type","layer":"Unknown Area Type","lnduse":"R1","name":"","objectid_1":"21459","parcel_id":"701244000","story_ht_":"2"},"type":"Feature"}
,{"geometry":{"coordinates":[[[-71.0496330,42.3326760],[-71.0496330,42.332660],[-71.0495930,42.332660],[-71.0495940,42.3326070],[-71.04963100000001,42.3326060],[-71.04962999999999,42.3325910],[-71.049730,42.3325910],[-71.049730,42.3326750]]],"type":"Polygon"},"id":15385,"properties":{"bra_use":"R1","foots_1003":"21012","gm_layer":"Unknown Area Type","gm_type":"Unknown Area Type","layer":"Unknown Area Type","lnduse":"R1","name":"","objectid_1":"21460","parcel_id":"701246000","story_ht_":"2"},"type":"Feature"}
,{"geometry":{"coordinates":[[[-71.0486370,42.332880],[-71.04853300000001,42.3328820],[-71.048530,42.3327920],[-71.04863400000001,42.3327890]]],"type":"Polygon"},"id":15389,"properties":{"bra_use":"R2","foots_1003":"21016","gm_layer":"Unknown Area Type","gm_type":"Unknown Area Type","layer":"Unknown Area Type","lnduse":"R2","name":"","objectid_1":"21464","parcel_id":"701251000","story_ht_":"2"},"type":"Feature"}
,{"geometry":{"coordinates":[[[-71.0485170,42.3321830],[-71.048440,42.3321840],[-71.048440,42.3321850],[-71.0483290,42.3321870],[-71.0483280,42.3321740],[-71.0483210,42.3321670],[-71.0483210,42.3321590],[-71.0483260,42.3321570],[-71.04832500000001,42.3321490],[-71.04831400000001,42.3321480],[-71.04831299999999,42.3321250],[-71.0485150,42.3321220]]],"type":"Polygon"},"id":15396,"properties":{"bra_use":"R1","foots_1003":"21023","gm_layer":"Unknown Area Type","gm_type":"Unknown Area Type","layer":"Unknown Area Type","lnduse":"R1","name":"","objectid_1":"21471","parcel_id":"701262000","story_ht_":"2"},"type":"Feature"}
,{"geometry":{"coordinates":[[[-71.0484460,42.331530],[-71.0482880,42.3315340],[-71.04828500000001,42.3314610],[-71.0484440,42.3314580]]],"type":"Polygon"},"id":15406,"properties":{"bra_use":"R2","foots_1003":"21033","gm_layer":"Unknown Area Type","gm_type":"Unknown Area Type","layer":"Unknown Area Type","lnduse":"R2","name":"","objectid_1":"21481","parcel_id":"701272000","story_ht_":"2"},"type":"Feature"}
,{"geometry":{"coordinates":[[[-71.04839699999999,42.3312910],[-71.04847100000001,42.331290],[-71.0484740,42.3313660],[-71.04840,42.3313660]]],"type":"Polygon"},"id":15409,"properties":{"bra_use":"R1","foots_1003":"21036","gm_layer":"Unknown Area Type","gm_type":"Unknown Area Type","layer":"Unknown Area Type","lnduse":"R1","name":"","objectid_1":"21484","parcel_id":"701275000","story_ht_":"2"},"type":"Feature"}
,{"geometry":{"coordinates":[[[-71.0489360,42.3317960],[-71.0487740,42.3317990],[-71.0487740,42.3317640],[-71.0488230,42.3317660],[-71.0488240,42.3317510],[-71.0488670,42.3317510],[-71.0488670,42.3317390],[-71.0488850,42.3317390],[-71.0488860,42.3317520],[-71.04893300000001,42.3317510]]],"type":"Polygon"},"id":15414,"properties":{"bra_use":"R1","foots_1003":"21041","gm_layer":"Unknown Area Type","gm_type":"Unknown Area Type","layer":"Unknown Area Type","lnduse":"R1","name":"","objectid_1":"21489","parcel_id":"701281000","story_ht_":"2"},"type":"Feature"}
,{"geometry":{"coordinates":[[[-71.0488120,42.3320350],[-71.0488130,42.3319790],[-71.04892100000001,42.3319770],[-71.04892200000001,42.3320360]]],"type":"Polygon"},"id":15417,"properties":{"bra_use":"R1","foots_1003":"21044","gm_layer":"Unknown Area Type","gm_type":"Unknown Area Type","layer":"Unknown Area Type","lnduse":"R1","name":"","objectid_1":"21492","parcel_id":"701284000","story_ht_":"2"},"type":"Feature"}
,{"geometry":{"coordinates":[[[-71.04862300000001,42.3320280],[-71.0486210,42.3319850],[-71.04872899999999,42.3319830],[-71.0487310,42.3320240]]],"type":"Polygon"},"id":15418,"properties":{"bra_use":"R1","foots_1003":"21045","gm_layer":"Unknown Area Type","gm_type":"Unknown Area Type","layer":"Unknown Area Type","lnduse":"R1","name":"","objectid_1":"21493","parcel_id":"701285000","story_ht_":"2"},"type":"Feature"}
,{"geometry":{"coordinates":[[[-71.048760,42.3321430],[-71.0487590,42.3320980],[-71.0487830,42.3320970],[-71.0487820,42.3320520],[-71.0489180,42.3320490],[-71.048920,42.3321420]]],"type":"Polygon"},"id":15419,"properties":{"bra_use":"R1","foots_1003":"21046","gm_layer":"Unknown Area Type","gm_type":"Unknown Area Type","layer":"Unknown Area Type","lnduse":"R1","name":"","objectid_1":"21494","parcel_id":"701286000","story_ht_":"2"},"type":"Feature"}
,{"geometry":{"coordinates":[[[-71.0487210,42.3323530],[-71.0487780,42.3323510],[-71.0487770,42.3323280],[-71.04893300000001,42.3323270],[-71.04893300000001,42.332330],[-71.04894400000001,42.3323360],[-71.04894400000001,42.3323530],[-71.04893199999999,42.3323580],[-71.0489340,42.3323860],[-71.0487220,42.332390]]],"type":"Polygon"},"id":15421,"properties":{"bra_use":"R2","foots_1003":"21048","gm_layer":"Unknown Area Type","gm_type":"Unknown Area Type","layer":"Unknown Area Type","lnduse":"R2","name":"","objectid_1":"21496","parcel_id":"701290000","story_ht_":"2"},"type":"Feature"}
,{"geometry":{"coordinates":[[[-71.0487230,42.3324280],[-71.04878100000001,42.3324260],[-71.04877999999999,42.3324010],[-71.04893199999999,42.3323980],[-71.04893199999999,42.33240],[-71.0489420,42.3324040],[-71.0489420,42.3324250],[-71.04893300000001,42.332430],[-71.04893300000001,42.3324590],[-71.04872400000001,42.3324610]]],"type":"Polygon"},"id":15422,"properties":{"bra_use":"R2","foots_1003":"21049","gm_layer":"Unknown Area Type","gm_type":"Unknown Area Type","layer":"Unknown Area Type","lnduse":"R2","name":"","objectid_1":"21497","parcel_id":"701291000","story_ht_":"2"},"type":"Feature"}
,{"geometry":{"coordinates":[[[-71.0481420,42.3327530],[-71.0481430,42.3327960],[-71.0481750,42.3327960],[-71.0481760,42.3328810],[-71.04808800000001,42.3328820],[-71.04808800000001,42.3327970],[-71.0480920,42.3327950],[-71.0480920,42.3327540]]],"type":"Polygon"},"id":15425,"properties":{"bra_use":"R2","foots_1003":"21052","gm_layer":"Unknown Area Type","gm_type":"Unknown Area Type","layer":"Unknown Area Type","lnduse":"R2","name":"","objectid_1":"21500","parcel_id":"701295000","story_ht_":"2"},"type":"Feature"}
,{"geometry":{"coordinates":[[[-71.0480850,42.3328830],[-71.0479940,42.3328830],[-71.04799300000001,42.3328010],[-71.0479960,42.3328010],[-71.0479950,42.3327590],[-71.0480080,42.3327590],[-71.0480060,42.3327330],[-71.0480560,42.3327320],[-71.0480570,42.3327580],[-71.0480470,42.3327590],[-71.04804799999999,42.33280],[-71.04808300000001,42.3327990]]],"type":"Polygon"},"id":15426,"properties":{"bra_use":"R2","foots_1003":"21053","gm_layer":"Unknown Area Type","gm_type":"Unknown Area Type","layer":"Unknown Area Type","lnduse":"R2","name":"","objectid_1":"21501","parcel_id":"701296000","story_ht_":"2"},"type":"Feature"}
,{"geometry":{"coordinates":[[[-71.0476870,42.3326830],[-71.0476290,42.3326840],[-71.0476280,42.332710],[-71.04754200000001,42.3327110],[-71.04754200000001,42.3327030],[-71.04753700000001,42.3326960],[-71.04753599999999,42.3326730],[-71.047540,42.3326680],[-71.0475390,42.3326520],[-71.0476860,42.3326510]]],"type":"Polygon"},"id":15430,"properties":{"bra_use":"R1","foots_1003":"21057","gm_layer":"Unknown Area Type","gm_type":"Unknown Area Type","layer":"Unknown Area Type","lnduse":"R1","name":"","objectid_1":"21505","parcel_id":"701302000","story_ht_":"2"},"type":"Feature"}
,{"geometry":{"coordinates":[[[-71.0477540,42.3326330],[-71.04769400000001,42.3326340],[-71.04769400000001,42.3326480],[-71.04755900000001,42.332650],[-71.04755900000001,42.3326470],[-71.04755299999999,42.3326470],[-71.0475410,42.332640],[-71.0475410,42.3326260],[-71.04755400000001,42.3326180],[-71.0475560,42.3326070],[-71.0477540,42.3326030]]],"type":"Polygon"},"id":15431,"properties":{"bra_use":"R1","foots_1003":"21058","gm_layer":"Unknown Area Type","gm_type":"Unknown Area Type","layer":"Unknown Area Type","lnduse":"R1","name":"","objectid_1":"21506","parcel_id":"701303000","story_ht_":"2"},"type":"Feature"}
,{"geometry":{"coordinates":[[[-71.0475560,42.3326070],[-71.0475560,42.3325930],[-71.04755299999999,42.3325930],[-71.0475390,42.3325860],[-71.0475390,42.3325710],[-71.047550,42.3325640],[-71.04755400000001,42.3325640],[-71.0475550,42.332560],[-71.0476920,42.3325580],[-71.0476920,42.3325710],[-71.0477530,42.3325710],[-71.0477540,42.3326030]]],"type":"Polygon"},"id":15432,"properties":{"bra_use":"R1","foots_1003":"21059","gm_layer":"Unknown Area Type","gm_type":"Unknown Area Type","layer":"Unknown Area Type","lnduse":"R1","name":"","objectid_1":"21507","parcel_id":"701304000","story_ht_":"2"},"type":"Feature"}
,{"geometry":{"coordinates":[[[-71.04754699999999,42.3321630],[-71.0475450,42.3321340],[-71.0475340,42.332130],[-71.0475340,42.3321150],[-71.04754699999999,42.332110],[-71.0475460,42.3321020],[-71.04767099999999,42.3320990],[-71.04767099999999,42.332110],[-71.0477040,42.3321080],[-71.04770600000001,42.332140],[-71.0476730,42.3321410],[-71.0476740,42.3321610]]],"type":"Polygon"},"id":15439,"properties":{"bra_use":"R2","foots_1003":"21066","gm_layer":"Unknown Area Type","gm_type":"Unknown Area Type","layer":"Unknown Area Type","lnduse":"R2","name":"","objectid_1":"21514","parcel_id":"701311000","story_ht_":"2"},"type":"Feature"}
,{"geometry":{"coordinates":[[[-71.04814500000001,42.3315690],[-71.0481480,42.3316260],[-71.0480310,42.3316290],[-71.04803200000001,42.3315720]]],"type":"Polygon"},"id":15452,"properties":{"bra_use":"R2","foots_1003":"21079","gm_layer":"Unknown Area Type","gm_type":"Unknown Area Type","layer":"Unknown Area Type","lnduse":"R2","name":"","objectid_1":"21527","parcel_id":"701327000","story_ht_":"2"},"type":"Feature"}
,{"geometry":{"coordinates":[[[-71.0478980,42.3315480],[-71.0478990,42.3315740],[-71.04790300000001,42.3315730],[-71.0479060,42.3316320],[-71.04783999999999,42.3316330],[-71.0478380,42.3315820],[-71.0478280,42.3315820],[-71.0478260,42.3315510]]],"type":"Polygon"},"id":15453,"properties":{"bra_use":"R2","foots_1003":"21080","gm_layer":"Unknown Area Type","gm_type":"Unknown Area Type","layer":"Unknown Area Type","lnduse":"R2","name":"","objectid_1":"21528","parcel_id":"701327000","story_ht_":"2"},"type":"Feature"}
,{"geometry":{"coordinates":[[[-71.0481290,42.3317080],[-71.0479670,42.3317140],[-71.0479660,42.3316710],[-71.0480120,42.331670],[-71.0480120,42.3316510],[-71.0481260,42.3316480]]],"type":"Polygon"},"id":15454,"properties":{"bra_use":"R1","foots_1003":"21081","gm_layer":"Unknown Area Type","gm_type":"Unknown Area Type","layer":"Unknown Area Type","lnduse":"R1","name":"","objectid_1":"21529","parcel_id":"701328000","story_ht_":"2"},"type":"Feature"}
,{"geometry":{"coordinates":[[[-71.04801000000001,42.3327180],[-71.04800899999999,42.3326760],[-71.0480580,42.3326760],[-71.0480590,42.3326480],[-71.04817900000001,42.3326490],[-71.04817900000001,42.3327170]]],"type":"Polygon"},"id":15464,"properties":{"bra_use":"R2","foots_1003":"21091","gm_layer":"Unknown Area Type","gm_type":"Unknown Area Type","layer":"Unknown Area Type","lnduse":"R2","name":"","objectid_1":"21539","parcel_id":"701344000","story_ht_":"2"},"type":"Feature"}
,{"geometry":{"coordinates":[[[-71.04641700000001,42.3319050],[-71.0464180,42.3318370],[-71.0464970,42.3318380],[-71.0464990,42.3319060]]],"type":"Polygon"},"id":15466,"properties":{"bra_use":"R1","foots_1003":"21093","gm_layer":"Unknown Area Type","gm_type":"Unknown Area Type","layer":"Unknown Area Type","lnduse":"R1","name":"","objectid_1":"21541","parcel_id":"701347010","story_ht_":"2"},"type":"Feature"}
,{"geometry":{"coordinates":[[[-71.04657899999999,42.3318390],[-71.0465770,42.3319070],[-71.0464990,42.3319060],[-71.0464970,42.3318380]]],"type":"Polygon"},"id":15467,"properties":{"bra_use":"R1","foots_1003":"21094","gm_layer":"Unknown Area Type","gm_type":"Unknown Area Type","layer":"Unknown Area Type","lnduse":"R1","name":"","objectid_1":"21542","parcel_id":"701347020","story_ht_":"2"},"type":"Feature"}
,{"geometry":{"coordinates":[[[-71.04669199999999,42.3318860],[-71.04664699999999,42.3318860],[-71.0466440,42.3318540],[-71.0466560,42.3318540],[-71.0466540,42.3317850],[-71.0467220,42.3317830],[-71.0467250,42.3318530],[-71.046690,42.3318530]]],"type":"Polygon"},"id":15468,"properties":{"bra_use":"R1","foots_1003":"21095","gm_layer":"Unknown Area Type","gm_type":"Unknown Area Type","layer":"Unknown Area Type","lnduse":"R1","name":"","objectid_1":"21543","parcel_id":"701349000","story_ht_":"2"},"type":"Feature"}
,{"geometry":{"coordinates":[[[-71.0467280,42.3317850],[-71.04680000000001,42.3317840],[-71.0468020,42.3318510],[-71.0467290,42.3318520]]],"type":"Polygon"},"id":15469,"properties":{"bra_use":"R1","foots_1003":"21096","gm_layer":"Unknown Area Type","gm_type":"Unknown Area Type","layer":"Unknown Area Type","lnduse":"R1","name":"","objectid_1":"21544","parcel_id":"701350000","story_ht_":"2"},"type":"Feature"}
,{"geometry":{"coordinates":[[[-71.04687800000001,42.3318930],[-71.04682699999999,42.3318920],[-71.04682800000001,42.3318520],[-71.0468080,42.3318530],[-71.0468070,42.3317820],[-71.0468760,42.3317810]]],"type":"Polygon"},"id":15470,"properties":{"bra_use":"R1","foots_1003":"21097","gm_layer":"Unknown Area Type","gm_type":"Unknown Area Type","layer":"Unknown Area Type","lnduse":"R1","name":"","objectid_1":"21545","parcel_id":"701351000","story_ht_":"2"},"type":"Feature"}
,{"geometry":{"coordinates":[[[-71.0468810,42.3317810],[-71.0469490,42.331780],[-71.04695100000001,42.3318490],[-71.0468820,42.3318510]]],"type":"Polygon"},"id":15471,"properties":{"bra_use":"R1","foots_1003":"21098","gm_layer":"Unknown Area Type","gm_type":"Unknown Area Type","layer":"Unknown Area Type","lnduse":"R1","name":"","objectid_1":"21546","parcel_id":"701352000","story_ht_":"2"},"type":"Feature"}
,{"geometry":{"coordinates":[[[-71.0469540,42.3317810],[-71.0470260,42.3317780],[-71.04703000000001,42.3318490],[-71.046960,42.3318510]]],"type":"Polygon"},"id":15472,"properties":{"bra_use":"R1","foots_1003":"21099","gm_layer":"Unknown Area Type","gm_type":"Unknown Area Type","layer":"Unknown Area Type","lnduse":"R1","name":"","objectid_1":"21547","parcel_id":"701353000","story_ht_":"2"},"type":"Feature"}
,{"geometry":{"coordinates":[[[-71.04703000000001,42.3317780],[-71.0471040,42.3317770],[-71.0471050,42.3318490],[-71.0470330,42.3318490]]],"type":"Polygon"},"id":15473,"properties":{"bra_use":"R1","foots_1003":"21100","gm_layer":"Unknown Area Type","gm_type":"Unknown Area Type","layer":"Unknown Area Type","lnduse":"R1","name":"","objectid_1":"21548","parcel_id":"701354000","story_ht_":"2"},"type":"Feature"}
,{"geometry":{"coordinates":[[[-71.0471360,42.3318520],[-71.0471110,42.3318520],[-71.047110,42.3317780],[-71.047180,42.3317770],[-71.047180,42.3318750],[-71.0471360,42.3318750]]],"type":"Polygon"},"id":15474,"properties":{"bra_use":"R1","foots_1003":"21101","gm_layer":"Unknown Area Type","gm_type":"Unknown Area Type","layer":"Unknown Area Type","lnduse":"R1","name":"","objectid_1":"21549","parcel_id":"701355000","story_ht_":"2"},"type":"Feature"}
,{"geometry":{"coordinates":[[[-71.04718699999999,42.3317770],[-71.0472560,42.3317760],[-71.0472580,42.3318450],[-71.047190,42.3318470]]],"type":"Polygon"},"id":15475,"properties":{"bra_use":"R1","foots_1003":"21102","gm_layer":"Unknown Area Type","gm_type":"Unknown Area Type","layer":"Unknown Area Type","lnduse":"R1","name":"","objectid_1":"21550","parcel_id":"701356000","story_ht_":"2"},"type":"Feature"}
,{"geometry":{"coordinates":[[[-71.0471040,42.3319870],[-71.04710300000001,42.3319470],[-71.047270,42.3319460],[-71.0472710,42.3319860]]],"type":"Polygon"},"id":15477,"properties":{"bra_use":"R1","foots_1003":"21104","gm_layer":"Unknown Area Type","gm_type":"Unknown Area Type","layer":"Unknown Area Type","lnduse":"R1","name":"","objectid_1":"21552","parcel_id":"701358000","story_ht_":"2"},"type":"Feature"}
,{"geometry":{"coordinates":[[[-71.0470270,42.3321540],[-71.04710799999999,42.3321540],[-71.0471060,42.3321120],[-71.0470850,42.3321130],[-71.0470850,42.3320920],[-71.0472750,42.332090],[-71.04727699999999,42.3321750],[-71.0470280,42.3321780]]],"type":"Polygon"},"id":15478,"properties":{"bra_use":"R1","foots_1003":"21105","gm_layer":"Unknown Area Type","gm_type":"Unknown Area Type","layer":"Unknown Area Type","lnduse":"R1","name":"","objectid_1":"21553","parcel_id":"701359000","story_ht_":"2"},"type":"Feature"}
,{"geometry":{"coordinates":[[[-71.0468540,42.3321310],[-71.0468630,42.3321350],[-71.0468790,42.3321180],[-71.0469240,42.3321350],[-71.0469140,42.3321540],[-71.0469190,42.3321560],[-71.04686100000001,42.3322440],[-71.0467910,42.3322170]]],"type":"Polygon"},"id":15488,"properties":{"bra_use":"R2","foots_1003":"21115","gm_layer":"Unknown Area Type","gm_type":"Unknown Area Type","layer":"Unknown Area Type","lnduse":"R2","name":"","objectid_1":"21563","parcel_id":"701370000","story_ht_":"2"},"type":"Feature"}
,{"geometry":{"coordinates":[[[-71.0467080,42.3320770],[-71.0467240,42.3320830],[-71.0467350,42.3320680],[-71.0467790,42.3320830],[-71.0467730,42.33210],[-71.0468540,42.3321310],[-71.0467910,42.3322170],[-71.046650,42.3321630]]],"type":"Polygon"},"id":15489,"properties":{"bra_use":"R2","foots_1003":"21116","gm_layer":"Unknown Area Type","gm_type":"Unknown Area Type","layer":"Unknown Area Type","lnduse":"R2","name":"","objectid_1":"21564","parcel_id":"701372000","story_ht_":"2"},"type":"Feature"}
,{"geometry":{"coordinates":[[[-71.0465840,42.3320260],[-71.0466010,42.3320350],[-71.0466890,42.3320680],[-71.0467080,42.3320770],[-71.046650,42.3321630],[-71.0465760,42.3321350]]],"type":"Polygon"},"id":15490,"properties":{"bra_use":"R3","foots_1003":"21117","gm_layer":"Unknown Area Type","gm_type":"Unknown Area Type","layer":"Unknown Area Type","lnduse":"R3","name":"","objectid_1":"21565","parcel_id":"701373000","story_ht_":"2"},"type":"Feature"}
,{"geometry":{"coordinates":[[[-71.0463980,42.3316780],[-71.04644999999999,42.3316760],[-71.04645100000001,42.3316990],[-71.0463970,42.3317020],[-71.0463970,42.3317230],[-71.0462940,42.3317250],[-71.04629300000001,42.3317260],[-71.0462890,42.3317260],[-71.04628700000001,42.331680],[-71.0463960,42.3316780]]],"type":"Polygon"},"id":15493,"properties":{"bra_use":"R1","foots_1003":"21120","gm_layer":"Unknown Area Type","gm_type":"Unknown Area Type","layer":"Unknown Area Type","lnduse":"R1","name":"","objectid_1":"21568","parcel_id":"701376000","story_ht_":"2"},"type":"Feature"}
,{"geometry":{"coordinates":[[[-71.04628700000001,42.331680],[-71.0462860,42.3316340],[-71.0462910,42.3316350],[-71.04647900000001,42.3316310],[-71.04647900000001,42.3316670],[-71.0463970,42.3316690],[-71.0463960,42.3316780]]],"type":"Polygon"},"id":15494,"properties":{"bra_use":"R1","foots_1003":"21121","gm_layer":"Unknown Area Type","gm_type":"Unknown Area Type","layer":"Unknown Area Type","lnduse":"R1","name":"","objectid_1":"21569","parcel_id":"701377000","story_ht_":"2"},"type":"Feature"}
,{"geometry":{"coordinates":[[[-71.0463950,42.3315750],[-71.0463950,42.3316180],[-71.0462860,42.3316220],[-71.0462860,42.3315760]]],"type":"Polygon"},"id":15495,"properties":{"bra_use":"R1","foots_1003":"21122","gm_layer":"Unknown Area Type","gm_type":"Unknown Area Type","layer":"Unknown Area Type","lnduse":"R1","name":"","objectid_1":"21570","parcel_id":"701378000","story_ht_":"2"},"type":"Feature"}
,{"geometry":{"coordinates":[[[-71.0462860,42.3315760],[-71.0462850,42.3315290],[-71.04647199999999,42.3315260],[-71.0464740,42.3315590],[-71.0464490,42.331560],[-71.0464490,42.3315730],[-71.0463950,42.3315750]]],"type":"Polygon"},"id":15496,"properties":{"bra_use":"R1","foots_1003":"21123","gm_layer":"Unknown Area Type","gm_type":"Unknown Area Type","layer":"Unknown Area Type","lnduse":"R1","name":"","objectid_1":"21571","parcel_id":"701379000","story_ht_":"2"},"type":"Feature"}
,{"geometry":{"coordinates":[[[-71.0463330,42.3314360],[-71.0462730,42.3314390],[-71.0462730,42.3313570],[-71.0463330,42.3313560]]],"type":"Polygon"},"id":15497,"properties":{"bra_use":"R1","foots_1003":"21124","gm_layer":"Unknown Area Type","gm_type":"Unknown Area Type","layer":"Unknown Area Type","lnduse":"R1","name":"","objectid_1":"21572","parcel_id":"701380000","story_ht_":"2"},"type":"Feature"}
,{"geometry":{"coordinates":[[[-71.0463330,42.3313560],[-71.046390,42.3313550],[-71.0463930,42.3314350],[-71.0463330,42.3314360]]],"type":"Polygon"},"id":15498,"properties":{"bra_use":"R1","foots_1003":"21125","gm_layer":"Unknown Area Type","gm_type":"Unknown Area Type","layer":"Unknown Area Type","lnduse":"R1","name":"","objectid_1":"21573","parcel_id":"701381000","story_ht_":"2"},"type":"Feature"}
,{"geometry":{"coordinates":[[[-71.04645100000001,42.3314340],[-71.0463930,42.3314350],[-71.046390,42.3313550],[-71.0464480,42.3313540]]],"type":"Polygon"},"id":15499,"properties":{"bra_use":"R1","foots_1003":"21126","gm_layer":"Unknown Area Type","gm_type":"Unknown Area Type","layer":"Unknown Area Type","lnduse":"R1","name":"","objectid_1":"21574","parcel_id":"701382000","story_ht_":"2"},"type":"Feature"}
,{"geometry":{"coordinates":[[[-71.04645100000001,42.3314340],[-71.0464480,42.3313540],[-71.0465090,42.3313530],[-71.0465110,42.3314320]]],"type":"Polygon"},"id":15500,"properties":{"bra_use":"R1","foots_1003":"21127","gm_layer":"Unknown Area Type","gm_type":"Unknown Area Type","layer":"Unknown Area Type","lnduse":"R1","name":"","objectid_1":"21575","parcel_id":"701383000","story_ht_":"2"},"type":"Feature"}
,{"geometry":{"coordinates":[[[-71.0465090,42.3313530],[-71.04656900000001,42.3313520],[-71.046570,42.3314310],[-71.0465110,42.3314320]]],"type":"Polygon"},"id":15501,"properties":{"bra_use":"R1","foots_1003":"21128","gm_layer":"Unknown Area Type","gm_type":"Unknown Area Type","layer":"Unknown Area Type","lnduse":"R1","name":"","objectid_1":"21576","parcel_id":"701384000","story_ht_":"2"},"type":"Feature"}
,{"geometry":{"coordinates":[[[-71.0468420,42.3314260],[-71.0467870,42.3314280],[-71.0467840,42.3313490],[-71.0468420,42.3313480]]],"type":"Polygon"},"id":15502,"properties":{"bra_use":"R1","foots_1003":"21129","gm_layer":"Unknown Area Type","gm_type":"Unknown Area Type","layer":"Unknown Area Type","lnduse":"R1","name":"","objectid_1":"21577","parcel_id":"701385000","story_ht_":"2"},"type":"Feature"}
,{"geometry":{"coordinates":[[[-71.0468420,42.3314260],[-71.0468420,42.3313480],[-71.0469030,42.3313460],[-71.0469050,42.3314260]]],"type":"Polygon"},"id":15503,"properties":{"bra_use":"R1","foots_1003":"21130","gm_layer":"Unknown Area Type","gm_type":"Unknown Area Type","layer":"Unknown Area Type","lnduse":"R1","name":"","objectid_1":"21578","parcel_id":"701386000","story_ht_":"2"},"type":"Feature"}
,{"geometry":{"coordinates":[[[-71.0469030,42.3313460],[-71.0469610,42.3313450],[-71.04696300000001,42.3314240],[-71.0469050,42.3314260]]],"type":"Polygon"},"id":15504,"properties":{"bra_use":"R1","foots_1003":"21131","gm_layer":"Unknown Area Type","gm_type":"Unknown Area Type","layer":"Unknown Area Type","lnduse":"R1","name":"","objectid_1":"21579","parcel_id":"701387000","story_ht_":"2"},"type":"Feature"}
,{"geometry":{"coordinates":[[[-71.04696300000001,42.3314240],[-71.0469610,42.3313450],[-71.0470160,42.3313430],[-71.0470210,42.3314240]]],"type":"Polygon"},"id":15505,"properties":{"bra_use":"R1","foots_1003":"21132","gm_layer":"Unknown Area Type","gm_type":"Unknown Area Type","layer":"Unknown Area Type","lnduse":"R1","name":"","objectid_1":"21580","parcel_id":"701388000","story_ht_":"2"},"type":"Feature"}
,{"geometry":{"coordinates":[[[-71.04655800000001,42.3309740],[-71.04648400000001,42.3309750],[-71.0464810,42.3308640],[-71.0465560,42.3308630]]],"type":"Polygon"},"id":15517,"properties":{"bra_use":"C","foots_1003":"21144","gm_layer":"Unknown Area Type","gm_type":"Unknown Area Type","layer":"Unknown Area Type","lnduse":"C","name":"","objectid_1":"21592","parcel_id":"701403000","story_ht_":"2"},"type":"Feature"}
,{"geometry":{"coordinates":[[[-71.0462630,42.3312130],[-71.0462570,42.3309990],[-71.0464210,42.3309970],[-71.0464260,42.331210]]],"type":"Polygon"},"id":15518,"properties":{"bra_use":"C","foots_1003":"21145","gm_layer":"Unknown Area Type","gm_type":"Unknown Area Type","layer":"Unknown Area Type","lnduse":"C","name":"","objectid_1":"21593","parcel_id":"701403000","story_ht_":"2"},"type":"Feature"}
,{"geometry":{"coordinates":[[[-71.04691800000001,42.3307680],[-71.0468410,42.3307710],[-71.0468410,42.3307160],[-71.0469160,42.3307160]]],"type":"Polygon"},"id":15524,"properties":{"bra_use":"R1","foots_1003":"21151","gm_layer":"Unknown Area Type","gm_type":"Unknown Area Type","layer":"Unknown Area Type","lnduse":"R1","name":"","objectid_1":"21599","parcel_id":"701409000","story_ht_":"2"},"type":"Feature"}
,{"geometry":{"coordinates":[[[-71.0471910,42.3307490],[-71.04729500000001,42.3307480],[-71.0472970,42.3308010],[-71.0471920,42.3308020]]],"type":"Polygon"},"id":15525,"properties":{"bra_use":"R1","foots_1003":"21152","gm_layer":"Unknown Area Type","gm_type":"Unknown Area Type","layer":"Unknown Area Type","lnduse":"R1","name":"","objectid_1":"21600","parcel_id":"701409000","story_ht_":"2"},"type":"Feature"}
,{"geometry":{"coordinates":[[[-71.0471850,42.3310120],[-71.0471660,42.3310110],[-71.0471640,42.3309480],[-71.0471840,42.3309480],[-71.04718200000001,42.3309230],[-71.04731099999999,42.3309210],[-71.0473150,42.331030],[-71.0471850,42.3310330]]],"type":"Polygon"},"id":15527,"properties":{"bra_use":"R4","foots_1003":"21154","gm_layer":"Unknown Area Type","gm_type":"Unknown Area Type","layer":"Unknown Area Type","lnduse":"R4","name":"","objectid_1":"21602","parcel_id":"701411000","story_ht_":"2"},"type":"Feature"}
,{"geometry":{"coordinates":[[[-71.04589300000001,42.3319180],[-71.0459290,42.3319180],[-71.0459280,42.3318670],[-71.046030,42.3318650],[-71.0460310,42.3319250],[-71.04605700000001,42.3319250],[-71.0460590,42.3319680],[-71.0460470,42.3319690],[-71.0460490,42.3320320],[-71.0460070,42.3320320],[-71.0460070,42.3320240],[-71.0458950,42.3320260]]],"type":"Polygon"},"id":15563,"properties":{"bra_use":"R1","foots_1003":"21190","gm_layer":"Unknown Area Type","gm_type":"Unknown Area Type","layer":"Unknown Area Type","lnduse":"R1","name":"","objectid_1":"21638","parcel_id":"701437000","story_ht_":"2"},"type":"Feature"}
,{"geometry":{"coordinates":[[[-71.04573600000001,42.3319160],[-71.0457420,42.3320250],[-71.04570800000001,42.3320260],[-71.04570200000001,42.3320390],[-71.04567900000001,42.332040],[-71.045670,42.3320270],[-71.04566199999999,42.3320270],[-71.0456520,42.3320390],[-71.0456350,42.3320390],[-71.0456240,42.3320290],[-71.04559500000001,42.3320290],[-71.045590,42.3319190]]],"type":"Polygon"},"id":15565,"properties":{"bra_use":"R1","foots_1003":"21192","gm_layer":"Unknown Area Type","gm_type":"Unknown Area Type","layer":"Unknown Area Type","lnduse":"R1","name":"","objectid_1":"21640","parcel_id":"701442000","story_ht_":"2"},"type":"Feature"}
,{"geometry":{"coordinates":[[[-71.045590,42.3319190],[-71.04559500000001,42.3320290],[-71.0455230,42.3320310],[-71.0455190,42.331920],[-71.0455370,42.3319190],[-71.0455340,42.3318920],[-71.0455760,42.3318920],[-71.04557800000001,42.3319190]]],"type":"Polygon"},"id":15566,"properties":{"bra_use":"R1","foots_1003":"21193","gm_layer":"Unknown Area Type","gm_type":"Unknown Area Type","layer":"Unknown Area Type","lnduse":"R1","name":"","objectid_1":"21641","parcel_id":"701444000","story_ht_":"2"},"type":"Feature"}
,{"geometry":{"coordinates":[[[-71.0450460,42.3319080],[-71.0451850,42.3319080],[-71.0451850,42.3320620],[-71.0451460,42.3320620],[-71.0451460,42.3320750],[-71.0450860,42.3320750],[-71.0450860,42.3320610],[-71.04504799999999,42.3320610]]],"type":"Polygon"},"id":15568,"properties":{"bra_use":"R2","foots_1003":"21195","gm_layer":"Unknown Area Type","gm_type":"Unknown Area Type","layer":"Unknown Area Type","lnduse":"R2","name":"","objectid_1":"21643","parcel_id":"701448000","story_ht_":"2"},"type":"Feature"}
,{"geometry":{"coordinates":[[[-71.04486300000001,42.3319450],[-71.0449970,42.3319420],[-71.04500299999999,42.3320970],[-71.0449670,42.3320970],[-71.0449680,42.3321090],[-71.0449040,42.332110],[-71.04490300000001,42.3320960],[-71.04486900000001,42.3320970]]],"type":"Polygon"},"id":15569,"properties":{"bra_use":"R2","foots_1003":"21196","gm_layer":"Unknown Area Type","gm_type":"Unknown Area Type","layer":"Unknown Area Type","lnduse":"R2","name":"","objectid_1":"21644","parcel_id":"701449000","story_ht_":"2"},"type":"Feature"}
,{"geometry":{"coordinates":[[[-71.04496399999999,42.3315530],[-71.0448370,42.3315540],[-71.04483500000001,42.3314350],[-71.0448660,42.3314350],[-71.0448660,42.331420],[-71.0449270,42.331420],[-71.0449280,42.3314360],[-71.0449610,42.3314350]]],"type":"Polygon"},"id":15589,"properties":{"bra_use":"R2","foots_1003":"21216","gm_layer":"Unknown Area Type","gm_type":"Unknown Area Type","layer":"Unknown Area Type","lnduse":"R2","name":"","objectid_1":"21664","parcel_id":"701470000","story_ht_":"2"},"type":"Feature"}
,{"geometry":{"coordinates":[[[-71.04516700000001,42.3315330],[-71.0450620,42.3315340],[-71.0450580,42.3313920],[-71.0451630,42.331390]]],"type":"Polygon"},"id":15590,"properties":{"bra_use":"R2","foots_1003":"21217","gm_layer":"Unknown Area Type","gm_type":"Unknown Area Type","layer":"Unknown Area Type","lnduse":"R2","name":"","objectid_1":"21665","parcel_id":"701472000","story_ht_":"2"},"type":"Feature"}
,{"geometry":{"coordinates":[[[-71.04596100000001,42.3314870],[-71.0458220,42.331490],[-71.0458190,42.3313530],[-71.0459540,42.331350]]],"type":"Polygon"},"id":15596,"properties":{"bra_use":"R2","foots_1003":"21223","gm_layer":"Unknown Area Type","gm_type":"Unknown Area Type","layer":"Unknown Area Type","lnduse":"R2","name":"","objectid_1":"21671","parcel_id":"701478001","story_ht_":"2"},"type":"Feature"}
,{"geometry":{"coordinates":[[[-71.0460480,42.3314840],[-71.045980,42.3314870],[-71.0459750,42.331350],[-71.04604500000001,42.3313490]]],"type":"Polygon"},"id":15597,"properties":{"bra_use":"R2","foots_1003":"21224","gm_layer":"Unknown Area Type","gm_type":"Unknown Area Type","layer":"Unknown Area Type","lnduse":"R2","name":"","objectid_1":"21672","parcel_id":"701479000","story_ht_":"2"},"type":"Feature"}
,{"geometry":{"coordinates":[[[-71.0494970,42.3319190],[-71.0495590,42.3319550],[-71.0494490,42.3320570],[-71.0494150,42.3320370],[-71.0494660,42.331990],[-71.0494380,42.3319730]]],"type":"Polygon"},"id":15382,"properties":{"bra_use":"R1","foots_1003":"21009","gm_layer":"Unknown Area Type","gm_type":"Unknown Area Type","layer":"Unknown Area Type","lnduse":"R1","name":"","objectid_1":"21457","parcel_id":"701235000","story_ht_":"1.7"},"type":"Feature"}
,{"geometry":{"coordinates":[[[-71.0452830,42.3305930],[-71.0452870,42.330780],[-71.0452950,42.330780],[-71.0452980,42.330820],[-71.0452810,42.330820],[-71.0452860,42.3309640],[-71.0450470,42.3309670],[-71.04504900000001,42.3310380],[-71.0450460,42.3310380],[-71.04487500000001,42.3310440],[-71.0448720,42.3309730],[-71.04464400000001,42.3309780],[-71.04463800000001,42.3308250],[-71.0446530,42.3308250],[-71.0446520,42.3307950],[-71.0446310,42.3307950],[-71.0446280,42.3306050],[-71.04482899999999,42.3306010],[-71.04483399999999,42.3307910],[-71.0448140,42.3307910],[-71.04481800000001,42.3308210],[-71.04490,42.330820],[-71.0449010,42.3307920],[-71.0449290,42.330790],[-71.0449280,42.330750],[-71.0448780,42.3307510],[-71.0448770,42.3306840],[-71.0448820,42.3306840],[-71.0448810,42.3306570],[-71.0450230,42.3306550],[-71.0450240,42.330680],[-71.04502599999999,42.330680],[-71.0450290,42.3307470],[-71.0449630,42.330750],[-71.04496399999999,42.330790],[-71.04497499999999,42.3307890],[-71.04497600000001,42.3308190],[-71.0451070,42.3308170],[-71.0451060,42.3307860],[-71.0450860,42.3307870],[-71.0450780,42.3305970],[-71.0452780,42.3305930]]],"type":"Polygon"},"id":15561,"properties":{"bra_use":"C","foots_1003":"21188","gm_layer":"Unknown Area Type","gm_type":"Unknown Area Type","layer":"Unknown Area Type","lnduse":"C","name":"","objectid_1":"21636","parcel_id":"701435000","story_ht_":"1"},"type":"Feature"}
,{"geometry":{"coordinates":[[[-71.0483990,42.3331130],[-71.0483220,42.3331150],[-71.04831900000001,42.3330160],[-71.0483960,42.3330140]]],"type":"Polygon"},"id":15076,"properties":{"bra_use":"CM","foots_1003":"20703","gm_layer":"Unknown Area Type","gm_type":"Unknown Area Type","layer":"Unknown Area Type","lnduse":"CM","name":"","objectid_1":"21385","parcel_id":"701133000","story_ht_":"0"},"type":"Feature"}
,{"geometry":{"coordinates":[[[-71.0489470,42.3328710],[-71.04886000000001,42.3328720],[-71.0488580,42.3328330],[-71.04884800000001,42.3328330],[-71.0488470,42.332740],[-71.0489420,42.3327370]]],"type":"Polygon"},"id":15386,"properties":{"bra_use":"CM","foots_1003":"21013","gm_layer":"Unknown Area Type","gm_type":"Unknown Area Type","layer":"Unknown Area Type","lnduse":"CM","name":"","objectid_1":"21461","parcel_id":"701248000","story_ht_":"0"},"type":"Feature"}
,{"geometry":{"coordinates":[[[-71.0485360,42.3319140],[-71.0483630,42.3319180],[-71.048350,42.3319230],[-71.0483060,42.3319250],[-71.04829599999999,42.331920],[-71.0482950,42.3318680],[-71.0483040,42.3318680],[-71.0483040,42.3318690],[-71.0485340,42.3318670]]],"type":"Polygon"},"id":15400,"properties":{"bra_use":"CM","foots_1003":"21027","gm_layer":"Unknown Area Type","gm_type":"Unknown Area Type","layer":"Unknown Area Type","lnduse":"CM","name":"","objectid_1":"21475","parcel_id":"701266000","story_ht_":"0"},"type":"Feature"}
,{"geometry":{"coordinates":[[[-71.0482920,42.3317370],[-71.0482920,42.3317350],[-71.0482820,42.3317270],[-71.0482820,42.3317150],[-71.04828999999999,42.3317070],[-71.0482890,42.3316740],[-71.048430,42.3316710],[-71.0484290,42.3317350]]],"type":"Polygon"},"id":15403,"properties":{"bra_use":"CM","foots_1003":"21030","gm_layer":"Unknown Area Type","gm_type":"Unknown Area Type","layer":"Unknown Area Type","lnduse":"CM","name":"","objectid_1":"21478","parcel_id":"701269000","story_ht_":"0"},"type":"Feature"}
,{"geometry":{"coordinates":[[[-71.0481490,42.3323260],[-71.0478810,42.332330],[-71.0478780,42.3322410],[-71.0481470,42.3322410]]],"type":"Polygon"},"id":15459,"properties":{"bra_use":"CM","foots_1003":"21086","gm_layer":"Unknown Area Type","gm_type":"Unknown Area Type","layer":"Unknown Area Type","lnduse":"CM","name":"","objectid_1":"21534","parcel_id":"701337010","story_ht_":"0"},"type":"Feature"}
,{"geometry":{"coordinates":[[[-71.0467860,42.3317210],[-71.0467850,42.3316340],[-71.0469220,42.3316320],[-71.0469240,42.3317190]]],"type":"Polygon"},"id":15516,"properties":{"bra_use":"CM","foots_1003":"21143","gm_layer":"Unknown Area Type","gm_type":"Unknown Area Type","layer":"Unknown Area Type","lnduse":"CM","name":"","objectid_1":"21591","parcel_id":"701400000","story_ht_":"0"},"type":"Feature"}
,{"geometry":{"coordinates":[[[-71.0466350,42.3307430],[-71.0465260,42.3307460],[-71.04652299999999,42.3306890],[-71.0466330,42.3306880]]],"type":"Polygon"},"id":15522,"properties":{"bra_use":"RL","foots_1003":"21149","gm_layer":"Unknown Area Type","gm_type":"Unknown Area Type","layer":"Unknown Area Type","lnduse":"RL","name":"","objectid_1":"21597","parcel_id":"701407000","story_ht_":"0"},"type":"Feature"}
,{"geometry":{"coordinates":[[[-71.046710,42.330910],[-71.04670900000001,42.3308920],[-71.0467060,42.3308890],[-71.04670400000001,42.3308770],[-71.046710,42.3308740],[-71.0467110,42.3308640],[-71.0467170,42.3308620],[-71.0467220,42.3308570],[-71.0467340,42.3308570],[-71.0467410,42.3308610],[-71.0467910,42.330860],[-71.0467970,42.3308560],[-71.0468120,42.3308550],[-71.0468170,42.330860],[-71.04682699999999,42.330860],[-71.04682800000001,42.3309070]]],"type":"Polygon"},"id":15533,"properties":{"bra_use":"A","foots_1003":"21160","gm_layer":"Unknown Area Type","gm_type":"Unknown Area Type","layer":"Unknown Area Type","lnduse":"","name":"","objectid_1":"21608","parcel_id":"701417000","story_ht_":"0"},"type":"Feature"}
,{"geometry":{"coordinates":[[[-71.0467130,42.331080],[-71.0467080,42.3310750],[-71.0467080,42.3310640],[-71.0467130,42.3310590],[-71.0467130,42.3310520],[-71.04683300000001,42.3310480],[-71.0468360,42.3310930],[-71.0467130,42.3310960]]],"type":"Polygon"},"id":15534,"properties":{"bra_use":"A","foots_1003":"21161","gm_layer":"Unknown Area Type","gm_type":"Unknown Area Type","layer":"Unknown Area Type","lnduse":"","name":"","objectid_1":"21609","parcel_id":"701417000","story_ht_":"0"},"type":"Feature"}
,{"geometry":{"coordinates":[[[-71.0468320,42.3309990],[-71.04683300000001,42.3310480],[-71.0467130,42.3310520],[-71.0467120,42.3310330],[-71.0467060,42.3310270],[-71.0467070,42.3310160],[-71.0467110,42.3310120],[-71.0467110,42.3310040]]],"type":"Polygon"},"id":15535,"properties":{"bra_use":"A","foots_1003":"21162","gm_layer":"Unknown Area Type","gm_type":"Unknown Area Type","layer":"Unknown Area Type","lnduse":"","name":"","objectid_1":"21610","parcel_id":"701418000","story_ht_":"0"},"type":"Feature"}
,{"geometry":{"coordinates":[[[-71.046710,42.330940],[-71.04670400000001,42.3309360],[-71.0467060,42.3309220],[-71.046710,42.3309190],[-71.046710,42.330910],[-71.04682800000001,42.3309070],[-71.0468310,42.3309530],[-71.046710,42.3309560]]],"type":"Polygon"},"id":15536,"properties":{"bra_use":"A","foots_1003":"21163","gm_layer":"Unknown Area Type","gm_type":"Unknown Area Type","layer":"Unknown Area Type","lnduse":"","name":"","objectid_1":"21611","parcel_id":"701418000","story_ht_":"0"},"type":"Feature"}
,{"geometry":{"coordinates":[[[-71.0468310,42.3309530],[-71.0468320,42.3309990],[-71.0467110,42.3310040],[-71.046710,42.3309870],[-71.04670400000001,42.330980],[-71.0467050,42.3309660],[-71.046710,42.3309620],[-71.046710,42.3309560]]],"type":"Polygon"},"id":15537,"properties":{"bra_use":"A","foots_1003":"21164","gm_layer":"Unknown Area Type","gm_type":"Unknown Area Type","layer":"Unknown Area Type","lnduse":"","name":"","objectid_1":"21612","parcel_id":"701418000","story_ht_":"0"},"type":"Feature"}
,{"geometry":{"coordinates":[[[-71.04683900000001,42.3311420],[-71.046840,42.3311970],[-71.046830,42.3311960],[-71.0468230,42.3312020],[-71.0468060,42.3312030],[-71.0467970,42.3311960],[-71.0467520,42.3311970],[-71.0467450,42.3312030],[-71.04673099999999,42.3312040],[-71.0467240,42.3311960],[-71.0467180,42.3311960],[-71.0467170,42.3311740],[-71.04670900000001,42.3311670],[-71.046710,42.3311550],[-71.04671500000001,42.3311520],[-71.04671500000001,42.3311430]]],"type":"Polygon"},"id":15538,"properties":{"bra_use":"A","foots_1003":"21165","gm_layer":"Unknown Area Type","gm_type":"Unknown Area Type","layer":"Unknown Area Type","lnduse":"","name":"","objectid_1":"21613","parcel_id":"701418000","story_ht_":"0"},"type":"Feature"}
,{"geometry":{"coordinates":[[[-71.04671399999999,42.3311250],[-71.04670900000001,42.3311180],[-71.04670900000001,42.3311080],[-71.04671399999999,42.3311020],[-71.0467130,42.3310960],[-71.0468360,42.3310930],[-71.04683900000001,42.3311420],[-71.04671500000001,42.3311430]]],"type":"Polygon"},"id":15539,"properties":{"bra_use":"A","foots_1003":"21166","gm_layer":"Unknown Area Type","gm_type":"Unknown Area Type","layer":"Unknown Area Type","lnduse":"","name":"","objectid_1":"21614","parcel_id":"701418000","story_ht_":"0"},"type":"Feature"}
,{"geometry":{"coordinates":[[[-71.04631999999999,42.3296070],[-71.0463190,42.3296030],[-71.0464810,42.3295780],[-71.0465140,42.3295730],[-71.0465140,42.329580],[-71.04661900000001,42.3295620],[-71.04666899999999,42.3297370],[-71.04667000000001,42.3297430],[-71.046570,42.329760],[-71.0465720,42.3297790],[-71.0463220,42.3298210],[-71.0462620,42.3296150]]],"type":"Polygon"},"id":15547,"properties":{"bra_use":"XG","foots_1003":"21174","gm_layer":"Unknown Area Type","gm_type":"Unknown Area Type","layer":"Unknown Area Type","lnduse":"E","name":"","objectid_1":"21622","parcel_id":"701421000","story_ht_":"0"},"type":"Feature"}
,{"geometry":{"coordinates":[[[-71.045790,42.3315580],[-71.04564499999999,42.3315610],[-71.0456410,42.3314160],[-71.0457840,42.3314120]]],"type":"Polygon"},"id":15595,"properties":{"bra_use":"CM","foots_1003":"21222","gm_layer":"Unknown Area Type","gm_type":"Unknown Area Type","layer":"Unknown Area Type","lnduse":"CM","name":"","objectid_1":"21670","parcel_id":"701477000","story_ht_":"0"},"type":"Feature"}
]}