{"type": "FeatureCollection", "features": [{"geometry":{"coordinates":[[[-71.0695920,42.3388760],[-71.0696940,42.3387950],[-71.06968500000001,42.3387910],[-71.06979800000001,42.3387020],[-71.06980299999999,42.3387040],[-71.0699010,42.3386240],[-71.07015800000001,42.3388020],[-71.070060,42.3388810],[-71.0700650,42.3388840],[-71.0699530,42.3389740],[-71.0699510,42.3389720],[-71.06984799999999,42.3390540]]],"type":"Polygon"},"id":14421,"properties":{"bra_use":"C","foots_1003":"20047","gm_layer":"Unknown Area Type","gm_type":"Unknown Area Type","layer":"Unknown Area Type","lnduse":"C","name":"","objectid_1":"24591","parcel_id":"801188050","story_ht_":"3"},"type":"Feature"}
,{"geometry":{"coordinates":[[[-71.0696020,42.3374880],[-71.0695460,42.3375250],[-71.0695240,42.3375060],[-71.06957800000001,42.3374690],[-71.0695490,42.3374450],[-71.0696580,42.3373760],[-71.069710,42.337420]]],"type":"Polygon"},"id":17608,"properties":{"bra_use":"R4","foots_1003":"24089","gm_layer":"Unknown Area Type","gm_type":"Unknown Area Type","layer":"Unknown Area Type","lnduse":"R4","name":"","objectid_1":"24615","parcel_id":"801230000","story_ht_":"3"},"type":"Feature"}
,{"geometry":{"coordinates":[[[-71.06959500000001,42.3375680],[-71.06957300000001,42.3375490],[-71.06962799999999,42.3375120],[-71.0696020,42.3374880],[-71.069710,42.337420],[-71.0697610,42.3374620],[-71.0696490,42.3375330]]],"type":"Polygon"},"id":17609,"properties":{"bra_use":"R2","foots_1003":"24090","gm_layer":"Unknown Area Type","gm_type":"Unknown Area Type","layer":"Unknown Area Type","lnduse":"R2","name":"","objectid_1":"24616","parcel_id":"801231000","story_ht_":"3"},"type":"Feature"}
,{"geometry":{"coordinates":[[[-71.0696490,42.3375330],[-71.0697610,42.3374620],[-71.06981399999999,42.337510],[-71.0697040,42.337580]]],"type":"Polygon"},"id":17610,"properties":{"bra_use":"R4","foots_1003":"24091","gm_layer":"Unknown Area Type","gm_type":"Unknown Area Type","layer":"Unknown Area Type","lnduse":"R4","name":"","objectid_1":"24617","parcel_id":"801232000","story_ht_":"3"},"type":"Feature"}
,{"geometry":{"coordinates":[[[-71.0698620,42.3375480],[-71.0697540,42.337620],[-71.0697510,42.3376180],[-71.069710,42.3376450],[-71.0696870,42.3376260],[-71.0697270,42.33760],[-71.0697040,42.337580],[-71.06981399999999,42.337510]]],"type":"Polygon"},"id":17611,"properties":{"bra_use":"R4","foots_1003":"24092","gm_layer":"Unknown Area Type","gm_type":"Unknown Area Type","layer":"Unknown Area Type","lnduse":"R4","name":"","objectid_1":"24618","parcel_id":"801233000","story_ht_":"3"},"type":"Feature"}
,{"geometry":{"coordinates":[[[-71.06996599999999,42.3377930],[-71.0700670,42.3377250],[-71.0701230,42.3377690],[-71.070020,42.3378370]]],"type":"Polygon"},"id":17614,"properties":{"bra_use":"R3","foots_1003":"24095","gm_layer":"Unknown Area Type","gm_type":"Unknown Area Type","layer":"Unknown Area Type","lnduse":"R3","name":"","objectid_1":"24621","parcel_id":"801238000","story_ht_":"3"},"type":"Feature"}
,{"geometry":{"coordinates":[[[-71.0702210,42.3378520],[-71.070120,42.337920],[-71.0700750,42.3378820],[-71.07017500000001,42.3378140]]],"type":"Polygon"},"id":17616,"properties":{"bra_use":"R3","foots_1003":"24097","gm_layer":"Unknown Area Type","gm_type":"Unknown Area Type","layer":"Unknown Area Type","lnduse":"R3","name":"","objectid_1":"24623","parcel_id":"801240000","story_ht_":"3"},"type":"Feature"}
,{"geometry":{"coordinates":[[[-71.0702970,42.3374750],[-71.0701830,42.337550],[-71.0701310,42.3375060],[-71.0702440,42.3374310]]],"type":"Polygon"},"id":17618,"properties":{"bra_use":"R4","foots_1003":"24099","gm_layer":"Unknown Area Type","gm_type":"Unknown Area Type","layer":"Unknown Area Type","lnduse":"R4","name":"","objectid_1":"24625","parcel_id":"801258000","story_ht_":"3"},"type":"Feature"}
,{"geometry":{"coordinates":[[[-71.0701310,42.3375060],[-71.0700780,42.3374630],[-71.07019099999999,42.3373870],[-71.0702440,42.3374310]]],"type":"Polygon"},"id":17619,"properties":{"bra_use":"R4","foots_1003":"24100","gm_layer":"Unknown Area Type","gm_type":"Unknown Area Type","layer":"Unknown Area Type","lnduse":"R4","name":"","objectid_1":"24626","parcel_id":"801259000","story_ht_":"3"},"type":"Feature"}
,{"geometry":{"coordinates":[[[-71.0700780,42.3374630],[-71.0700250,42.3374190],[-71.0701380,42.3373430],[-71.07019099999999,42.3373870]]],"type":"Polygon"},"id":17620,"properties":{"bra_use":"R4","foots_1003":"24101","gm_layer":"Unknown Area Type","gm_type":"Unknown Area Type","layer":"Unknown Area Type","lnduse":"R4","name":"","objectid_1":"24627","parcel_id":"801260000","story_ht_":"3"},"type":"Feature"}
,{"geometry":{"coordinates":[[[-71.0700250,42.3374190],[-71.0699710,42.3373750],[-71.07008500000001,42.3372990],[-71.0701380,42.3373430]]],"type":"Polygon"},"id":17621,"properties":{"bra_use":"R4","foots_1003":"24102","gm_layer":"Unknown Area Type","gm_type":"Unknown Area Type","layer":"Unknown Area Type","lnduse":"R4","name":"","objectid_1":"24628","parcel_id":"801261000","story_ht_":"3"},"type":"Feature"}
,{"geometry":{"coordinates":[[[-71.0699710,42.3373750],[-71.0699190,42.3373320],[-71.0700320,42.3372560],[-71.07008500000001,42.3372990]]],"type":"Polygon"},"id":17622,"properties":{"bra_use":"R4","foots_1003":"24103","gm_layer":"Unknown Area Type","gm_type":"Unknown Area Type","layer":"Unknown Area Type","lnduse":"R4","name":"","objectid_1":"24629","parcel_id":"801262000","story_ht_":"3"},"type":"Feature"}
,{"geometry":{"coordinates":[[[-71.0699190,42.3373320],[-71.06986499999999,42.3372880],[-71.06997800000001,42.3372120],[-71.0700320,42.3372560]]],"type":"Polygon"},"id":17623,"properties":{"bra_use":"R4","foots_1003":"24104","gm_layer":"Unknown Area Type","gm_type":"Unknown Area Type","layer":"Unknown Area Type","lnduse":"R4","name":"","objectid_1":"24630","parcel_id":"801263000","story_ht_":"3"},"type":"Feature"}
,{"geometry":{"coordinates":[[[-71.06997800000001,42.3372120],[-71.06986499999999,42.3372880],[-71.0698120,42.3372450],[-71.0699260,42.3371690]]],"type":"Polygon"},"id":17624,"properties":{"bra_use":"R4","foots_1003":"24105","gm_layer":"Unknown Area Type","gm_type":"Unknown Area Type","layer":"Unknown Area Type","lnduse":"R4","name":"","objectid_1":"24631","parcel_id":"801264000","story_ht_":"3"},"type":"Feature"}
,{"geometry":{"coordinates":[[[-71.0698120,42.3372450],[-71.06974099999999,42.3371860],[-71.0698580,42.3371080],[-71.06990500000001,42.3370760],[-71.069930,42.3370960],[-71.0698790,42.337130],[-71.0699260,42.3371690]]],"type":"Polygon"},"id":17625,"properties":{"bra_use":"R4","foots_1003":"24106","gm_layer":"Unknown Area Type","gm_type":"Unknown Area Type","layer":"Unknown Area Type","lnduse":"R4","name":"","objectid_1":"24632","parcel_id":"801265000","story_ht_":"3"},"type":"Feature"}
,{"geometry":{"coordinates":[[[-71.0698580,42.3371080],[-71.06974099999999,42.3371860],[-71.069670,42.3371280],[-71.0697880,42.337050]]],"type":"Polygon"},"id":17626,"properties":{"bra_use":"R4","foots_1003":"24107","gm_layer":"Unknown Area Type","gm_type":"Unknown Area Type","layer":"Unknown Area Type","lnduse":"R4","name":"","objectid_1":"24633","parcel_id":"801267000","story_ht_":"3"},"type":"Feature"}
,{"geometry":{"coordinates":[[[-71.069750,42.3370210],[-71.0697940,42.3369940],[-71.06982100000001,42.3370140],[-71.0697790,42.3370420],[-71.0697880,42.337050],[-71.069670,42.3371280],[-71.0696050,42.3370730],[-71.0697210,42.3369960]]],"type":"Polygon"},"id":17627,"properties":{"bra_use":"R3","foots_1003":"24108","gm_layer":"Unknown Area Type","gm_type":"Unknown Area Type","layer":"Unknown Area Type","lnduse":"R3","name":"","objectid_1":"24634","parcel_id":"801268000","story_ht_":"3"},"type":"Feature"}
,{"geometry":{"coordinates":[[[-71.0697210,42.3369960],[-71.0696050,42.3370730],[-71.06955000000001,42.3370290],[-71.0696650,42.3369510]]],"type":"Polygon"},"id":17628,"properties":{"bra_use":"R4","foots_1003":"24109","gm_layer":"Unknown Area Type","gm_type":"Unknown Area Type","layer":"Unknown Area Type","lnduse":"R4","name":"","objectid_1":"24635","parcel_id":"801269000","story_ht_":"3"},"type":"Feature"}
,{"geometry":{"coordinates":[[[-71.0716110,42.3380780],[-71.07159400000001,42.3380920],[-71.0715220,42.3380420],[-71.07160399999999,42.3379760],[-71.0715950,42.3379690],[-71.07169399999999,42.3378890],[-71.07190799999999,42.3380350],[-71.07181199999999,42.3381130],[-71.07183000000001,42.3381250],[-71.0717610,42.3381790],[-71.071760,42.3381790]]],"type":"Polygon"},"id":17634,"properties":{"bra_use":"E","foots_1003":"24115","gm_layer":"Unknown Area Type","gm_type":"Unknown Area Type","layer":"Unknown Area Type","lnduse":"E","name":"","objectid_1":"24641","parcel_id":"801361000","story_ht_":"3"},"type":"Feature"}
,{"geometry":{"coordinates":[[[-71.07452600000001,42.3374260],[-71.07447500000001,42.3373830],[-71.0745860,42.3373120],[-71.0746370,42.3373530]]],"type":"Polygon"},"id":17671,"properties":{"bra_use":"R1","foots_1003":"24152","gm_layer":"Unknown Area Type","gm_type":"Unknown Area Type","layer":"Unknown Area Type","lnduse":"R1","name":"","objectid_1":"24679","parcel_id":"801451000","story_ht_":"3"},"type":"Feature"}
,{"geometry":{"coordinates":[[[-71.07447500000001,42.3373830],[-71.07442500000001,42.3373410],[-71.0745340,42.3372680],[-71.0745860,42.3373120]]],"type":"Polygon"},"id":17672,"properties":{"bra_use":"R3","foots_1003":"24153","gm_layer":"Unknown Area Type","gm_type":"Unknown Area Type","layer":"Unknown Area Type","lnduse":"R3","name":"","objectid_1":"24680","parcel_id":"801452000","story_ht_":"3"},"type":"Feature"}
,{"geometry":{"coordinates":[[[-71.07442500000001,42.3373410],[-71.0743720,42.3372970],[-71.07448100000001,42.3372240],[-71.0745340,42.3372680]]],"type":"Polygon"},"id":17673,"properties":{"bra_use":"R3","foots_1003":"24154","gm_layer":"Unknown Area Type","gm_type":"Unknown Area Type","layer":"Unknown Area Type","lnduse":"R3","name":"","objectid_1":"24681","parcel_id":"801453000","story_ht_":"3"},"type":"Feature"}
,{"geometry":{"coordinates":[[[-71.0743720,42.3372970],[-71.0743210,42.3372540],[-71.0744310,42.3371820],[-71.07448100000001,42.3372240]]],"type":"Polygon"},"id":17674,"properties":{"bra_use":"R3","foots_1003":"24155","gm_layer":"Unknown Area Type","gm_type":"Unknown Area Type","layer":"Unknown Area Type","lnduse":"R3","name":"","objectid_1":"24682","parcel_id":"801454000","story_ht_":"3"},"type":"Feature"}
,{"geometry":{"coordinates":[[[-71.0743210,42.3372540],[-71.07426700000001,42.3372090],[-71.07437899999999,42.3371380],[-71.0744310,42.3371820]]],"type":"Polygon"},"id":17675,"properties":{"bra_use":"R3","foots_1003":"24156","gm_layer":"Unknown Area Type","gm_type":"Unknown Area Type","layer":"Unknown Area Type","lnduse":"R3","name":"","objectid_1":"24683","parcel_id":"801455000","story_ht_":"3"},"type":"Feature"}
,{"geometry":{"coordinates":[[[-71.07426700000001,42.3372090],[-71.0742180,42.3371680],[-71.07432799999999,42.3370970],[-71.07437899999999,42.3371380]]],"type":"Polygon"},"id":17676,"properties":{"bra_use":"R1","foots_1003":"24157","gm_layer":"Unknown Area Type","gm_type":"Unknown Area Type","layer":"Unknown Area Type","lnduse":"R1","name":"","objectid_1":"24684","parcel_id":"801456000","story_ht_":"3"},"type":"Feature"}
,{"geometry":{"coordinates":[[[-71.073870,42.3368960],[-71.0740090,42.3368030],[-71.07406400000001,42.336850],[-71.0739270,42.3369430]]],"type":"Polygon"},"id":17681,"properties":{"bra_use":"R3","foots_1003":"24162","gm_layer":"Unknown Area Type","gm_type":"Unknown Area Type","layer":"Unknown Area Type","lnduse":"R3","name":"","objectid_1":"24689","parcel_id":"801462000","story_ht_":"3"},"type":"Feature"}
,{"geometry":{"coordinates":[[[-71.0738740,42.3367150],[-71.0737530,42.3367970],[-71.0736960,42.3367490],[-71.07382200000001,42.3366710]]],"type":"Polygon"},"id":17684,"properties":{"bra_use":"R3","foots_1003":"24165","gm_layer":"Unknown Area Type","gm_type":"Unknown Area Type","layer":"Unknown Area Type","lnduse":"R3","name":"","objectid_1":"24692","parcel_id":"801465000","story_ht_":"3"},"type":"Feature"}
,{"geometry":{"coordinates":[[[-71.0745340,42.3400130],[-71.07447500000001,42.3400530],[-71.0743270,42.3399280],[-71.0743870,42.3398890],[-71.0745380,42.3400150]]],"type":"Polygon"},"id":18255,"properties":{"bra_use":"R1","foots_1003":"24863","gm_layer":"Unknown Area Type","gm_type":"Unknown Area Type","layer":"Unknown Area Type","lnduse":"R1","name":"","objectid_1":"25440","parcel_id":"900327000","story_ht_":"3"},"type":"Feature"}
,{"geometry":{"coordinates":[[[-71.07140699999999,42.3401170],[-71.0712140,42.3402430],[-71.07111399999999,42.340160],[-71.0710630,42.3401930],[-71.0711250,42.3402450],[-71.07104699999999,42.3402970],[-71.0709480,42.3402130],[-71.07085100000001,42.3402790],[-71.0707790,42.340220],[-71.0708350,42.3401840],[-71.0707740,42.3401330],[-71.0708530,42.3400810],[-71.070950,42.3401620],[-71.0710460,42.3400990],[-71.0709650,42.3400320],[-71.07115400000001,42.3399070]]],"type":"Polygon"},"id":14424,"properties":{"bra_use":"A","foots_1003":"20050","gm_layer":"Unknown Area Type","gm_type":"Unknown Area Type","layer":"Unknown Area Type","lnduse":"E","name":"","objectid_1":"24594","parcel_id":"801206010","story_ht_":"2"},"type":"Feature"}
,{"geometry":{"coordinates":[[[-71.0717320,42.3399010],[-71.0716030,42.3397940],[-71.0719040,42.3395930],[-71.07203300000001,42.3397010]]],"type":"Polygon"},"id":14430,"properties":{"bra_use":"E","foots_1003":"20056","gm_layer":"Unknown Area Type","gm_type":"Unknown Area Type","layer":"Unknown Area Type","lnduse":"E","name":"","objectid_1":"24600","parcel_id":"801210000","story_ht_":"2"},"type":"Feature"}
,{"geometry":{"coordinates":[[[-71.07018600000001,42.3380080],[-71.0703350,42.3379110],[-71.0704770,42.3380310],[-71.0703280,42.3381280]]],"type":"Polygon"},"id":14431,"properties":{"bra_use":"I","foots_1003":"20057","gm_layer":"Unknown Area Type","gm_type":"Unknown Area Type","layer":"Unknown Area Type","lnduse":"I","name":"","objectid_1":"24601","parcel_id":"801211000","story_ht_":"2"},"type":"Feature"}
,{"geometry":{"coordinates":[[[-71.07209400000001,42.3383520],[-71.071940,42.3384570],[-71.0719120,42.3384350],[-71.0718720,42.3384630],[-71.07190,42.3384830],[-71.07179100000001,42.3385570],[-71.0715740,42.3383820],[-71.0716850,42.3383070],[-71.0717490,42.3383610],[-71.0717890,42.3383330],[-71.07172199999999,42.338280],[-71.0718760,42.3381760]]],"type":"Polygon"},"id":17636,"properties":{"bra_use":"E","foots_1003":"24117","gm_layer":"Unknown Area Type","gm_type":"Unknown Area Type","layer":"Unknown Area Type","lnduse":"E","name":"","objectid_1":"24643","parcel_id":"801374000","story_ht_":"2"},"type":"Feature"}
,{"geometry":{"coordinates":[[[-71.0745120,42.3390640],[-71.0745060,42.3390680],[-71.07442500000001,42.3389970],[-71.0744850,42.3389590],[-71.0744960,42.3389680],[-71.0745160,42.3389540],[-71.0745690,42.3389990],[-71.0745460,42.3390130],[-71.0745630,42.3390270]]],"type":"Polygon"},"id":18310,"properties":{"bra_use":"R1","foots_1003":"24916","gm_layer":"Unknown Area Type","gm_type":"Unknown Area Type","layer":"Unknown Area Type","lnduse":"R1","name":"","objectid_1":"25493","parcel_id":"900379000","story_ht_":"2"},"type":"Feature"}
,{"geometry":{"coordinates":[[[-71.07141300000001,42.3399040],[-71.07151399999999,42.3399870],[-71.07143600000001,42.3400390],[-71.0713750,42.3399890],[-71.071320,42.3400230],[-71.0712510,42.3399640],[-71.0713490,42.3398980],[-71.0712490,42.3398170],[-71.0713270,42.3397660],[-71.0713890,42.3398170],[-71.0714430,42.339780],[-71.0715120,42.3398390]]],"type":"Polygon"},"id":14423,"properties":{"bra_use":"A","foots_1003":"20049","gm_layer":"Unknown Area Type","gm_type":"Unknown Area Type","layer":"Unknown Area Type","lnduse":"E","name":"","objectid_1":"24593","parcel_id":"801205010","story_ht_":"0"},"type":"Feature"}
,{"geometry":{"coordinates":[[[-71.0698570,42.3377020],[-71.0699590,42.3376340],[-71.0700140,42.337680],[-71.06991100000001,42.3377470]]],"type":"Polygon"},"id":17612,"properties":{"bra_use":"CM","foots_1003":"24093","gm_layer":"Unknown Area Type","gm_type":"Unknown Area Type","layer":"Unknown Area Type","lnduse":"CM","name":"","objectid_1":"24619","parcel_id":"801236000","story_ht_":"0"},"type":"Feature"}
,{"geometry":{"coordinates":[[[-71.0700140,42.337680],[-71.0700670,42.3377250],[-71.06996599999999,42.3377930],[-71.06991100000001,42.3377470]]],"type":"Polygon"},"id":17613,"properties":{"bra_use":"CM","foots_1003":"24094","gm_layer":"Unknown Area Type","gm_type":"Unknown Area Type","layer":"Unknown Area Type","lnduse":"CM","name":"","objectid_1":"24620","parcel_id":"801237000","story_ht_":"0"},"type":"Feature"}
,{"geometry":{"coordinates":[[[-71.070020,42.3378370],[-71.0701230,42.3377690],[-71.07017500000001,42.3378140],[-71.0700750,42.3378820]]],"type":"Polygon"},"id":17615,"properties":{"bra_use":"CM","foots_1003":"24096","gm_layer":"Unknown Area Type","gm_type":"Unknown Area Type","layer":"Unknown Area Type","lnduse":"CM","name":"","objectid_1":"24622","parcel_id":"801239000","story_ht_":"0"},"type":"Feature"}
,{"geometry":{"coordinates":[[[-71.0725190,42.3380590],[-71.0725190,42.3380790],[-71.07243800000001,42.3381310],[-71.0724220,42.3381270],[-71.07239800000001,42.3381420],[-71.07230199999999,42.3380630],[-71.0723740,42.3380140],[-71.07235900000001,42.3380050],[-71.0723460,42.3380170],[-71.0722390,42.337930],[-71.0723070,42.3378820]]],"type":"Polygon"},"id":17635,"properties":{"bra_use":"CM","foots_1003":"24116","gm_layer":"Unknown Area Type","gm_type":"Unknown Area Type","layer":"Unknown Area Type","lnduse":"CM","name":"","objectid_1":"24642","parcel_id":"801368000","story_ht_":"0"},"type":"Feature"}
,{"geometry":{"coordinates":[[[-71.0730750,42.3369550],[-71.0731590,42.3370260],[-71.0731090,42.3370570],[-71.07314599999999,42.337090],[-71.0730970,42.3371210],[-71.0730610,42.3370920],[-71.07304600000001,42.3371010],[-71.0729010,42.3369750],[-71.0730150,42.33690],[-71.0730220,42.3369050],[-71.0730370,42.3368950],[-71.0730940,42.3369420]]],"type":"Polygon"},"id":17639,"properties":{"bra_use":"E","foots_1003":"24120","gm_layer":"Unknown Area Type","gm_type":"Unknown Area Type","layer":"Unknown Area Type","lnduse":"CM","name":"","objectid_1":"24647","parcel_id":"801401010","story_ht_":"0"},"type":"Feature"}
,{"geometry":{"coordinates":[[[-71.0730050,42.3368680],[-71.0730640,42.3368290],[-71.07305599999999,42.3368220],[-71.0732060,42.3367240],[-71.07321500000001,42.3367310],[-71.0732730,42.3366920],[-71.073690,42.337040],[-71.0736290,42.3370810],[-71.07371000000001,42.3371470],[-71.073640,42.3371940],[-71.0737130,42.3372540],[-71.0736180,42.3373170],[-71.0736240,42.3373220],[-71.0735650,42.3373620],[-71.07355800000001,42.3373560],[-71.0730520,42.3376890],[-71.0730590,42.3376940],[-71.07300100000001,42.3377330],[-71.0729930,42.3377260],[-71.07290,42.3377880],[-71.0727440,42.3376580],[-71.0729460,42.3375250],[-71.0730210,42.3374750],[-71.0727880,42.337280],[-71.07278100000001,42.3372850],[-71.07262299999999,42.3371530],[-71.0728860,42.3369790],[-71.07304499999999,42.3371120],[-71.0730080,42.3371360],[-71.0732410,42.337330],[-71.0734180,42.3372130],[-71.0730940,42.3369420],[-71.0730980,42.336940],[-71.0730410,42.3368910],[-71.0730370,42.3368950]]],"type":"Polygon"},"id":17640,"properties":{"bra_use":"E","foots_1003":"24121","gm_layer":"Unknown Area Type","gm_type":"Unknown Area Type","layer":"Unknown Area Type","lnduse":"CM","name":"","objectid_1":"24648","parcel_id":"801401010","story_ht_":"0"},"type":"Feature"}
,{"geometry":{"coordinates":[[[-71.07429000000001,42.3367970],[-71.07422800000001,42.3367460],[-71.0743560,42.3366620],[-71.0744170,42.3367120]]],"type":"Polygon"},"id":17657,"properties":{"bra_use":"CM","foots_1003":"24138","gm_layer":"Unknown Area Type","gm_type":"Unknown Area Type","layer":"Unknown Area Type","lnduse":"CM","name":"","objectid_1":"24665","parcel_id":"801431000","story_ht_":"0"},"type":"Feature"}
,{"geometry":{"coordinates":[[[-71.0741690,42.3371270],[-71.07427800000001,42.3370530],[-71.07432799999999,42.3370970],[-71.0742180,42.3371680]]],"type":"Polygon"},"id":17677,"properties":{"bra_use":"CM","foots_1003":"24158","gm_layer":"Unknown Area Type","gm_type":"Unknown Area Type","layer":"Unknown Area Type","lnduse":"CM","name":"","objectid_1":"24685","parcel_id":"801457000","story_ht_":"0"},"type":"Feature"}
,{"geometry":{"coordinates":[[[-71.0741410,42.3369340],[-71.0742020,42.3368930],[-71.0742350,42.3369220],[-71.07417100000001,42.3369640],[-71.0741750,42.3369670],[-71.0740510,42.3370470],[-71.0739890,42.3369950],[-71.0741160,42.3369120]]],"type":"Polygon"},"id":17679,"properties":{"bra_use":"CM","foots_1003":"24160","gm_layer":"Unknown Area Type","gm_type":"Unknown Area Type","layer":"Unknown Area Type","lnduse":"CM","name":"","objectid_1":"24687","parcel_id":"801460000","story_ht_":"0"},"type":"Feature"}
,{"geometry":{"coordinates":[[[-71.07406400000001,42.336850],[-71.0741180,42.3368140],[-71.07418300000001,42.3368690],[-71.0741160,42.3369120],[-71.0739890,42.3369950],[-71.0739270,42.3369430]]],"type":"Polygon"},"id":17680,"properties":{"bra_use":"CM","foots_1003":"24161","gm_layer":"Unknown Area Type","gm_type":"Unknown Area Type","layer":"Unknown Area Type","lnduse":"CM","name":"","objectid_1":"24688","parcel_id":"801461000","story_ht_":"0"},"type":"Feature"}
,{"geometry":{"coordinates":[[[-71.0743270,42.3399280],[-71.07447500000001,42.3400530],[-71.07441300000001,42.3400940],[-71.07435700000001,42.3400470],[-71.0742640,42.339970]]],"type":"Polygon"},"id":18254,"properties":{"bra_use":"CM","foots_1003":"24862","gm_layer":"Unknown Area Type","gm_type":"Unknown Area Type","layer":"Unknown Area Type","lnduse":"CM","name":"","objectid_1":"25439","parcel_id":"900326000","story_ht_":"0"},"type":"Feature"}
,{"geometry":{"coordinates":[[[-71.0745340,42.3400130],[-71.0743870,42.3398890],[-71.0744440,42.3398510],[-71.0745810,42.3399610],[-71.0745620,42.3399740],[-71.0746460,42.3400440],[-71.0746030,42.3400710],[-71.0745380,42.3400150]]],"type":"Polygon"},"id":18256,"properties":{"bra_use":"CM","foots_1003":"24864","gm_layer":"Unknown Area Type","gm_type":"Unknown Area Type","layer":"Unknown Area Type","lnduse":"CM","name":"","objectid_1":"25441","parcel_id":"900328000","story_ht_":"0"},"type":"Feature"}
,{"geometry":{"coordinates":[[[-71.0743710,42.3393930],[-71.07430600000001,42.3393380],[-71.0744460,42.339250],[-71.0744620,42.3392630],[-71.07453099999999,42.3392190],[-71.0745740,42.3392570],[-71.0745050,42.3393010],[-71.07450900000001,42.3393030]]],"type":"Polygon"},"id":18295,"properties":{"bra_use":"CM","foots_1003":"24901","gm_layer":"Unknown Area Type","gm_type":"Unknown Area Type","layer":"Unknown Area Type","lnduse":"CM","name":"","objectid_1":"25478","parcel_id":"900352000","story_ht_":"0"},"type":"Feature"}
,{"geometry":{"coordinates":[[[-71.07430600000001,42.3393380],[-71.07424500000001,42.3392870],[-71.0743810,42.3391940],[-71.07440,42.339210],[-71.0745050,42.339140],[-71.074550,42.3391790],[-71.0744460,42.339250]]],"type":"Polygon"},"id":18296,"properties":{"bra_use":"CM","foots_1003":"24902","gm_layer":"Unknown Area Type","gm_type":"Unknown Area Type","layer":"Unknown Area Type","lnduse":"CM","name":"","objectid_1":"25479","parcel_id":"900352000","story_ht_":"0"},"type":"Feature"}
,{"geometry":{"coordinates":[[[-71.07434000000001,42.339160],[-71.0744440,42.339090],[-71.07448599999999,42.3391240],[-71.0743810,42.3391940],[-71.07424500000001,42.3392870],[-71.0741840,42.3392360],[-71.0743190,42.3391410]]],"type":"Polygon"},"id":18297,"properties":{"bra_use":"CM","foots_1003":"24903","gm_layer":"Unknown Area Type","gm_type":"Unknown Area Type","layer":"Unknown Area Type","lnduse":"CM","name":"","objectid_1":"25480","parcel_id":"900352000","story_ht_":"0"},"type":"Feature"}
,{"geometry":{"coordinates":[[[-71.074080,42.3389410],[-71.0741220,42.3389140],[-71.07417700000001,42.3389590],[-71.0741350,42.3389880],[-71.07399599999999,42.3390780],[-71.07393999999999,42.3390330]]],"type":"Polygon"},"id":18301,"properties":{"bra_use":"CM","foots_1003":"24907","gm_layer":"Unknown Area Type","gm_type":"Unknown Area Type","layer":"Unknown Area Type","lnduse":"CM","name":"","objectid_1":"25484","parcel_id":"900358000","story_ht_":"0"},"type":"Feature"}
]}