{"type": "FeatureCollection", "features": [{"geometry":{"coordinates":[[[-71.0713030,42.3454970],[-71.0713760,42.3454770],[-71.0714110,42.3455470],[-71.0713380,42.3455670]]],"type":"Polygon"},"id":8903,"properties":{"bra_use":"R1","foots_1003":"13908","gm_layer":"Unknown Area Type","gm_type":"Unknown Area Type","layer":"Unknown Area Type","lnduse":"R1","name":"","objectid_1":"14315","parcel_id":"500861000","story_ht_":"3"},"type":"Feature"}
,{"geometry":{"coordinates":[[[-71.0712580,42.3455870],[-71.0712240,42.3455170],[-71.0713030,42.3454970],[-71.0713380,42.3455670]]],"type":"Polygon"},"id":8904,"properties":{"bra_use":"R1","foots_1003":"13909","gm_layer":"Unknown Area Type","gm_type":"Unknown Area Type","layer":"Unknown Area Type","lnduse":"R1","name":"","objectid_1":"14316","parcel_id":"500862000","story_ht_":"3"},"type":"Feature"}
,{"geometry":{"coordinates":[[[-71.0711110,42.3458060],[-71.07104800000001,42.3458240],[-71.071010,42.3457470],[-71.0710720,42.3457310]]],"type":"Polygon"},"id":8907,"properties":{"bra_use":"R2","foots_1003":"13912","gm_layer":"Unknown Area Type","gm_type":"Unknown Area Type","layer":"Unknown Area Type","lnduse":"R2","name":"","objectid_1":"14319","parcel_id":"500867000","story_ht_":"3"},"type":"Feature"}
,{"geometry":{"coordinates":[[[-71.07115899999999,42.3457930],[-71.0711110,42.3458060],[-71.0710720,42.3457310],[-71.0711220,42.3457170]]],"type":"Polygon"},"id":8908,"properties":{"bra_use":"R2","foots_1003":"13913","gm_layer":"Unknown Area Type","gm_type":"Unknown Area Type","layer":"Unknown Area Type","lnduse":"R2","name":"","objectid_1":"14320","parcel_id":"500868000","story_ht_":"3"},"type":"Feature"}
,{"geometry":{"coordinates":[[[-71.0712760,42.3457630],[-71.07121600000001,42.3457780],[-71.0711810,42.3457010],[-71.0712370,42.3456850]]],"type":"Polygon"},"id":8910,"properties":{"bra_use":"R1","foots_1003":"13915","gm_layer":"Unknown Area Type","gm_type":"Unknown Area Type","layer":"Unknown Area Type","lnduse":"R1","name":"","objectid_1":"14322","parcel_id":"500870000","story_ht_":"3"},"type":"Feature"}
,{"geometry":{"coordinates":[[[-71.0713270,42.3457480],[-71.0712760,42.3457630],[-71.0712370,42.3456850],[-71.0712910,42.3456710]]],"type":"Polygon"},"id":8911,"properties":{"bra_use":"R1","foots_1003":"13916","gm_layer":"Unknown Area Type","gm_type":"Unknown Area Type","layer":"Unknown Area Type","lnduse":"R1","name":"","objectid_1":"14323","parcel_id":"500871000","story_ht_":"3"},"type":"Feature"}
,{"geometry":{"coordinates":[[[-71.0713980,42.345730],[-71.0713270,42.3457480],[-71.0712910,42.3456710],[-71.0713590,42.3456530]]],"type":"Polygon"},"id":8912,"properties":{"bra_use":"R1","foots_1003":"13917","gm_layer":"Unknown Area Type","gm_type":"Unknown Area Type","layer":"Unknown Area Type","lnduse":"R1","name":"","objectid_1":"14324","parcel_id":"500872000","story_ht_":"3"},"type":"Feature"}
,{"geometry":{"coordinates":[[[-71.0714460,42.3457160],[-71.0713980,42.345730],[-71.0713590,42.3456530],[-71.07140800000001,42.345640]]],"type":"Polygon"},"id":8913,"properties":{"bra_use":"R1","foots_1003":"13918","gm_layer":"Unknown Area Type","gm_type":"Unknown Area Type","layer":"Unknown Area Type","lnduse":"R1","name":"","objectid_1":"14325","parcel_id":"500873000","story_ht_":"3"},"type":"Feature"}
,{"geometry":{"coordinates":[[[-71.0715060,42.3456990],[-71.0714460,42.3457160],[-71.07140800000001,42.345640],[-71.07147000000001,42.3456230]]],"type":"Polygon"},"id":8914,"properties":{"bra_use":"R2","foots_1003":"13919","gm_layer":"Unknown Area Type","gm_type":"Unknown Area Type","layer":"Unknown Area Type","lnduse":"R2","name":"","objectid_1":"14326","parcel_id":"500874000","story_ht_":"3"},"type":"Feature"}
,{"geometry":{"coordinates":[[[-71.0715630,42.3456850],[-71.0715060,42.3456990],[-71.07147000000001,42.3456230],[-71.0715220,42.3456090]]],"type":"Polygon"},"id":8915,"properties":{"bra_use":"R1","foots_1003":"13920","gm_layer":"Unknown Area Type","gm_type":"Unknown Area Type","layer":"Unknown Area Type","lnduse":"R1","name":"","objectid_1":"14327","parcel_id":"500875000","story_ht_":"3"},"type":"Feature"}
,{"geometry":{"coordinates":[[[-71.0716190,42.345670],[-71.0715630,42.3456850],[-71.0715220,42.3456090],[-71.07158200000001,42.3455930]]],"type":"Polygon"},"id":8916,"properties":{"bra_use":"R3","foots_1003":"13921","gm_layer":"Unknown Area Type","gm_type":"Unknown Area Type","layer":"Unknown Area Type","lnduse":"R3","name":"","objectid_1":"14328","parcel_id":"500876000","story_ht_":"3"},"type":"Feature"}
,{"geometry":{"coordinates":[[[-71.0716190,42.345670],[-71.07158200000001,42.3455930],[-71.0716360,42.3455780],[-71.0716750,42.3456550]]],"type":"Polygon"},"id":8917,"properties":{"bra_use":"R1","foots_1003":"13922","gm_layer":"Unknown Area Type","gm_type":"Unknown Area Type","layer":"Unknown Area Type","lnduse":"R1","name":"","objectid_1":"14329","parcel_id":"500877000","story_ht_":"3"},"type":"Feature"}
,{"geometry":{"coordinates":[[[-71.0717210,42.3456420],[-71.0716750,42.3456550],[-71.0716360,42.3455780],[-71.0716820,42.3455660]]],"type":"Polygon"},"id":8918,"properties":{"bra_use":"R3","foots_1003":"13923","gm_layer":"Unknown Area Type","gm_type":"Unknown Area Type","layer":"Unknown Area Type","lnduse":"R3","name":"","objectid_1":"14330","parcel_id":"500878000","story_ht_":"3"},"type":"Feature"}
,{"geometry":{"coordinates":[[[-71.0717950,42.3456220],[-71.0717210,42.3456420],[-71.0716820,42.3455660],[-71.07175599999999,42.3455450]]],"type":"Polygon"},"id":8919,"properties":{"bra_use":"R3","foots_1003":"13924","gm_layer":"Unknown Area Type","gm_type":"Unknown Area Type","layer":"Unknown Area Type","lnduse":"R3","name":"","objectid_1":"14331","parcel_id":"500879000","story_ht_":"3"},"type":"Feature"}
,{"geometry":{"coordinates":[[[-71.071850,42.3456070],[-71.0717950,42.3456220],[-71.07175599999999,42.3455450],[-71.0718110,42.3455320]]],"type":"Polygon"},"id":8920,"properties":{"bra_use":"R1","foots_1003":"13925","gm_layer":"Unknown Area Type","gm_type":"Unknown Area Type","layer":"Unknown Area Type","lnduse":"R1","name":"","objectid_1":"14332","parcel_id":"500880000","story_ht_":"3"},"type":"Feature"}
,{"geometry":{"coordinates":[[[-71.0718110,42.3455320],[-71.07186900000001,42.3455160],[-71.0719070,42.3455920],[-71.071850,42.3456070]]],"type":"Polygon"},"id":8921,"properties":{"bra_use":"R1","foots_1003":"13926","gm_layer":"Unknown Area Type","gm_type":"Unknown Area Type","layer":"Unknown Area Type","lnduse":"R1","name":"","objectid_1":"14333","parcel_id":"500881000","story_ht_":"3"},"type":"Feature"}
,{"geometry":{"coordinates":[[[-71.0719350,42.3455720],[-71.07190300000001,42.3455070],[-71.0719450,42.3454950],[-71.0719780,42.345560]]],"type":"Polygon"},"id":8922,"properties":{"bra_use":"R1","foots_1003":"13927","gm_layer":"Unknown Area Type","gm_type":"Unknown Area Type","layer":"Unknown Area Type","lnduse":"R1","name":"","objectid_1":"14334","parcel_id":"500882000","story_ht_":"3"},"type":"Feature"}
,{"geometry":{"coordinates":[[[-71.0720750,42.3455340],[-71.0719780,42.345560],[-71.0719450,42.3454950],[-71.0720450,42.3454690]]],"type":"Polygon"},"id":8923,"properties":{"bra_use":"R2","foots_1003":"13928","gm_layer":"Unknown Area Type","gm_type":"Unknown Area Type","layer":"Unknown Area Type","lnduse":"R2","name":"","objectid_1":"14335","parcel_id":"500883000","story_ht_":"3"},"type":"Feature"}
,{"geometry":{"coordinates":[[[-71.07213900000001,42.3455180],[-71.0720750,42.3455340],[-71.0720450,42.3454690],[-71.0721090,42.3454520]]],"type":"Polygon"},"id":8924,"properties":{"bra_use":"R2","foots_1003":"13929","gm_layer":"Unknown Area Type","gm_type":"Unknown Area Type","layer":"Unknown Area Type","lnduse":"R2","name":"","objectid_1":"14336","parcel_id":"500884000","story_ht_":"3"},"type":"Feature"}
,{"geometry":{"coordinates":[[[-71.07228499999999,42.3454870],[-71.0722810,42.345480],[-71.07220700000001,42.3454990],[-71.0721750,42.3454340],[-71.0722490,42.3454140],[-71.0722880,42.3454860]]],"type":"Polygon"},"id":8926,"properties":{"bra_use":"R1","foots_1003":"13931","gm_layer":"Unknown Area Type","gm_type":"Unknown Area Type","layer":"Unknown Area Type","lnduse":"R1","name":"","objectid_1":"14338","parcel_id":"500886000","story_ht_":"3"},"type":"Feature"}
,{"geometry":{"coordinates":[[[-71.07153099999999,42.3458970],[-71.071530,42.3458970],[-71.07153099999999,42.3459020],[-71.0715270,42.3459050],[-71.0715110,42.3459090],[-71.07150,42.3459060],[-71.07149800000001,42.3458990],[-71.0714790,42.3459040],[-71.0714330,42.3458170],[-71.0714880,42.3458030]]],"type":"Polygon"},"id":8946,"properties":{"bra_use":"R3","foots_1003":"13951","gm_layer":"Unknown Area Type","gm_type":"Unknown Area Type","layer":"Unknown Area Type","lnduse":"R3","name":"","objectid_1":"14358","parcel_id":"500906000","story_ht_":"3"},"type":"Feature"}
,{"geometry":{"coordinates":[[[-71.07137899999999,42.3458320],[-71.0714330,42.3458170],[-71.0714790,42.3459040],[-71.07148100000001,42.3459110],[-71.07147000000001,42.3459190],[-71.0714550,42.3459230],[-71.0714440,42.3459210],[-71.07144099999999,42.3459160],[-71.0714210,42.345920]]],"type":"Polygon"},"id":8947,"properties":{"bra_use":"R4","foots_1003":"13952","gm_layer":"Unknown Area Type","gm_type":"Unknown Area Type","layer":"Unknown Area Type","lnduse":"R4","name":"","objectid_1":"14359","parcel_id":"500907000","story_ht_":"3"},"type":"Feature"}
,{"geometry":{"coordinates":[[[-71.0714210,42.345920],[-71.07141799999999,42.3459210],[-71.0714210,42.3459260],[-71.07141300000001,42.3459340],[-71.07139700000001,42.3459390],[-71.0713860,42.3459360],[-71.0713830,42.345930],[-71.07136300000001,42.3459360],[-71.0713210,42.3458460],[-71.07137899999999,42.3458320]]],"type":"Polygon"},"id":8948,"properties":{"bra_use":"R4","foots_1003":"13953","gm_layer":"Unknown Area Type","gm_type":"Unknown Area Type","layer":"Unknown Area Type","lnduse":"R4","name":"","objectid_1":"14360","parcel_id":"500908000","story_ht_":"3"},"type":"Feature"}
,{"geometry":{"coordinates":[[[-71.07136300000001,42.3459360],[-71.0713590,42.3459380],[-71.0713610,42.3459420],[-71.07135599999999,42.3459490],[-71.0713410,42.3459540],[-71.071330,42.3459510],[-71.0713270,42.3459460],[-71.0713040,42.3459520],[-71.0712590,42.3458620],[-71.0713210,42.3458460]]],"type":"Polygon"},"id":8949,"properties":{"bra_use":"R1","foots_1003":"13954","gm_layer":"Unknown Area Type","gm_type":"Unknown Area Type","layer":"Unknown Area Type","lnduse":"R1","name":"","objectid_1":"14361","parcel_id":"500909000","story_ht_":"3"},"type":"Feature"}
,{"geometry":{"coordinates":[[[-71.0713030,42.3459520],[-71.0713050,42.345960],[-71.0712970,42.3459650],[-71.07128299999999,42.345970],[-71.071270,42.3459670],[-71.0712680,42.3459620],[-71.07124500000001,42.3459690],[-71.07119899999999,42.3458780],[-71.0712590,42.3458620],[-71.0713040,42.3459520]]],"type":"Polygon"},"id":8950,"properties":{"bra_use":"R1","foots_1003":"13955","gm_layer":"Unknown Area Type","gm_type":"Unknown Area Type","layer":"Unknown Area Type","lnduse":"R1","name":"","objectid_1":"14362","parcel_id":"500910000","story_ht_":"3"},"type":"Feature"}
,{"geometry":{"coordinates":[[[-71.071180,42.3462930],[-71.0711350,42.3462030],[-71.0711850,42.3461910],[-71.0712250,42.3462790]]],"type":"Polygon"},"id":8954,"properties":{"bra_use":"R1","foots_1003":"13959","gm_layer":"Unknown Area Type","gm_type":"Unknown Area Type","layer":"Unknown Area Type","lnduse":"R1","name":"","objectid_1":"14366","parcel_id":"500917000","story_ht_":"3"},"type":"Feature"}
,{"geometry":{"coordinates":[[[-71.071280,42.3462660],[-71.0712250,42.3462790],[-71.0711850,42.3461910],[-71.0712410,42.3461750]]],"type":"Polygon"},"id":8955,"properties":{"bra_use":"R2","foots_1003":"13960","gm_layer":"Unknown Area Type","gm_type":"Unknown Area Type","layer":"Unknown Area Type","lnduse":"R2","name":"","objectid_1":"14367","parcel_id":"500918000","story_ht_":"3"},"type":"Feature"}
,{"geometry":{"coordinates":[[[-71.0713370,42.346250],[-71.0712940,42.3461610],[-71.0713480,42.3461460],[-71.07138999999999,42.3462360]]],"type":"Polygon"},"id":8957,"properties":{"bra_use":"R2","foots_1003":"13962","gm_layer":"Unknown Area Type","gm_type":"Unknown Area Type","layer":"Unknown Area Type","lnduse":"R2","name":"","objectid_1":"14369","parcel_id":"500920000","story_ht_":"3"},"type":"Feature"}
,{"geometry":{"coordinates":[[[-71.07138999999999,42.3462360],[-71.0713480,42.3461460],[-71.07140699999999,42.3461310],[-71.07145199999999,42.3462190]]],"type":"Polygon"},"id":8958,"properties":{"bra_use":"R2","foots_1003":"13963","gm_layer":"Unknown Area Type","gm_type":"Unknown Area Type","layer":"Unknown Area Type","lnduse":"R2","name":"","objectid_1":"14370","parcel_id":"500921000","story_ht_":"3"},"type":"Feature"}
,{"geometry":{"coordinates":[[[-71.0715750,42.3460860],[-71.07161600000001,42.3461740],[-71.0715630,42.3461890],[-71.07152000000001,42.34610]]],"type":"Polygon"},"id":8960,"properties":{"bra_use":"R2","foots_1003":"13965","gm_layer":"Unknown Area Type","gm_type":"Unknown Area Type","layer":"Unknown Area Type","lnduse":"R2","name":"","objectid_1":"14372","parcel_id":"500924000","story_ht_":"3"},"type":"Feature"}
,{"geometry":{"coordinates":[[[-71.0716350,42.3460680],[-71.0716740,42.3461580],[-71.07161600000001,42.3461740],[-71.0715750,42.3460860]]],"type":"Polygon"},"id":8961,"properties":{"bra_use":"R1","foots_1003":"13966","gm_layer":"Unknown Area Type","gm_type":"Unknown Area Type","layer":"Unknown Area Type","lnduse":"R1","name":"","objectid_1":"14373","parcel_id":"500925000","story_ht_":"3"},"type":"Feature"}
,{"geometry":{"coordinates":[[[-71.0716850,42.3460560],[-71.07172799999999,42.3461440],[-71.0716740,42.3461580],[-71.0716350,42.3460680]]],"type":"Polygon"},"id":8962,"properties":{"bra_use":"R1","foots_1003":"13967","gm_layer":"Unknown Area Type","gm_type":"Unknown Area Type","layer":"Unknown Area Type","lnduse":"R1","name":"","objectid_1":"14374","parcel_id":"500926000","story_ht_":"3"},"type":"Feature"}
,{"geometry":{"coordinates":[[[-71.0718420,42.3461130],[-71.0717870,42.3461280],[-71.0717420,42.346040],[-71.07180,42.3460240]]],"type":"Polygon"},"id":8964,"properties":{"bra_use":"R1","foots_1003":"13969","gm_layer":"Unknown Area Type","gm_type":"Unknown Area Type","layer":"Unknown Area Type","lnduse":"R1","name":"","objectid_1":"14376","parcel_id":"500928000","story_ht_":"3"},"type":"Feature"}
,{"geometry":{"coordinates":[[[-71.07194800000001,42.3460830],[-71.07190,42.3460980],[-71.07185699999999,42.3460080],[-71.0719070,42.3459950]]],"type":"Polygon"},"id":8966,"properties":{"bra_use":"R1","foots_1003":"13971","gm_layer":"Unknown Area Type","gm_type":"Unknown Area Type","layer":"Unknown Area Type","lnduse":"R1","name":"","objectid_1":"14378","parcel_id":"500930000","story_ht_":"3"},"type":"Feature"}
,{"geometry":{"coordinates":[[[-71.0720140,42.3460670],[-71.07194800000001,42.3460830],[-71.0719070,42.3459950],[-71.0719690,42.3459790]]],"type":"Polygon"},"id":8967,"properties":{"bra_use":"R1","foots_1003":"13972","gm_layer":"Unknown Area Type","gm_type":"Unknown Area Type","layer":"Unknown Area Type","lnduse":"R1","name":"","objectid_1":"14379","parcel_id":"500931000","story_ht_":"3"},"type":"Feature"}
,{"geometry":{"coordinates":[[[-71.0720140,42.3460670],[-71.0719690,42.3459790],[-71.0720810,42.3459480],[-71.0721210,42.3460380]]],"type":"Polygon"},"id":8968,"properties":{"bra_use":"R1","foots_1003":"13973","gm_layer":"Unknown Area Type","gm_type":"Unknown Area Type","layer":"Unknown Area Type","lnduse":"R1","name":"","objectid_1":"14380","parcel_id":"500933000","story_ht_":"3"},"type":"Feature"}
,{"geometry":{"coordinates":[[[-71.0721720,42.3460240],[-71.0721210,42.3460380],[-71.0720810,42.3459480],[-71.072130,42.3459360]]],"type":"Polygon"},"id":8969,"properties":{"bra_use":"R1","foots_1003":"13974","gm_layer":"Unknown Area Type","gm_type":"Unknown Area Type","layer":"Unknown Area Type","lnduse":"R1","name":"","objectid_1":"14381","parcel_id":"500934000","story_ht_":"3"},"type":"Feature"}
,{"geometry":{"coordinates":[[[-71.0721720,42.3460240],[-71.072130,42.3459360],[-71.0721910,42.3459190],[-71.0722330,42.3460080]]],"type":"Polygon"},"id":8970,"properties":{"bra_use":"R1","foots_1003":"13975","gm_layer":"Unknown Area Type","gm_type":"Unknown Area Type","layer":"Unknown Area Type","lnduse":"R1","name":"","objectid_1":"14382","parcel_id":"500935000","story_ht_":"3"},"type":"Feature"}
,{"geometry":{"coordinates":[[[-71.0722870,42.3459930],[-71.0722330,42.3460080],[-71.0721910,42.3459190],[-71.0722450,42.3459040]]],"type":"Polygon"},"id":8971,"properties":{"bra_use":"R3","foots_1003":"13976","gm_layer":"Unknown Area Type","gm_type":"Unknown Area Type","layer":"Unknown Area Type","lnduse":"R3","name":"","objectid_1":"14383","parcel_id":"500936000","story_ht_":"3"},"type":"Feature"}
,{"geometry":{"coordinates":[[[-71.0725060,42.3459330],[-71.0722870,42.3459930],[-71.0722450,42.3459040],[-71.0724630,42.3458450]]],"type":"Polygon"},"id":8972,"properties":{"bra_use":"R3","foots_1003":"13977","gm_layer":"Unknown Area Type","gm_type":"Unknown Area Type","layer":"Unknown Area Type","lnduse":"R3","name":"","objectid_1":"14384","parcel_id":"500938000","story_ht_":"3"},"type":"Feature"}
,{"geometry":{"coordinates":[[[-71.0725650,42.3459160],[-71.0725060,42.3459330],[-71.0724630,42.3458450],[-71.0725230,42.3458290]]],"type":"Polygon"},"id":8973,"properties":{"bra_use":"R2","foots_1003":"13978","gm_layer":"Unknown Area Type","gm_type":"Unknown Area Type","layer":"Unknown Area Type","lnduse":"R2","name":"","objectid_1":"14385","parcel_id":"500941000","story_ht_":"3"},"type":"Feature"}
,{"geometry":{"coordinates":[[[-71.0726870,42.3457840],[-71.07273100000001,42.3458720],[-71.0726750,42.3458870],[-71.0726310,42.3457980]]],"type":"Polygon"},"id":8976,"properties":{"bra_use":"RC","foots_1003":"13981","gm_layer":"Unknown Area Type","gm_type":"Unknown Area Type","layer":"Unknown Area Type","lnduse":"RC","name":"","objectid_1":"14388","parcel_id":"500944000","story_ht_":"3"},"type":"Feature"}
,{"geometry":{"coordinates":[[[-71.07274099999999,42.3460250],[-71.0727830,42.346110],[-71.0727270,42.3461250],[-71.0726880,42.3460390]]],"type":"Polygon"},"id":8977,"properties":{"bra_use":"R2","foots_1003":"13982","gm_layer":"Unknown Area Type","gm_type":"Unknown Area Type","layer":"Unknown Area Type","lnduse":"R2","name":"","objectid_1":"14389","parcel_id":"500946000","story_ht_":"3"},"type":"Feature"}
,{"geometry":{"coordinates":[[[-71.0727270,42.3461250],[-71.0726750,42.3461390],[-71.07262900000001,42.3460550],[-71.0726880,42.3460390]]],"type":"Polygon"},"id":8978,"properties":{"bra_use":"R1","foots_1003":"13983","gm_layer":"Unknown Area Type","gm_type":"Unknown Area Type","layer":"Unknown Area Type","lnduse":"R1","name":"","objectid_1":"14390","parcel_id":"500947000","story_ht_":"3"},"type":"Feature"}
,{"geometry":{"coordinates":[[[-71.0726750,42.3461390],[-71.0726190,42.3461540],[-71.0725760,42.3460690],[-71.07262900000001,42.3460550]]],"type":"Polygon"},"id":8979,"properties":{"bra_use":"R1","foots_1003":"13984","gm_layer":"Unknown Area Type","gm_type":"Unknown Area Type","layer":"Unknown Area Type","lnduse":"R1","name":"","objectid_1":"14391","parcel_id":"500948000","story_ht_":"3"},"type":"Feature"}
,{"geometry":{"coordinates":[[[-71.0726190,42.3461540],[-71.0725080,42.3461840],[-71.0724630,42.34610],[-71.0725760,42.3460690]]],"type":"Polygon"},"id":8980,"properties":{"bra_use":"R2","foots_1003":"13985","gm_layer":"Unknown Area Type","gm_type":"Unknown Area Type","layer":"Unknown Area Type","lnduse":"R2","name":"","objectid_1":"14392","parcel_id":"500950000","story_ht_":"3"},"type":"Feature"}
,{"geometry":{"coordinates":[[[-71.0725080,42.3461840],[-71.0724530,42.3461990],[-71.0724120,42.3461140],[-71.0724630,42.34610]]],"type":"Polygon"},"id":8981,"properties":{"bra_use":"R1","foots_1003":"13986","gm_layer":"Unknown Area Type","gm_type":"Unknown Area Type","layer":"Unknown Area Type","lnduse":"R1","name":"","objectid_1":"14393","parcel_id":"500951000","story_ht_":"3"},"type":"Feature"}
,{"geometry":{"coordinates":[[[-71.0724530,42.3461990],[-71.07239800000001,42.3462140],[-71.0723550,42.3461290],[-71.0724120,42.3461140]]],"type":"Polygon"},"id":8982,"properties":{"bra_use":"R1","foots_1003":"13987","gm_layer":"Unknown Area Type","gm_type":"Unknown Area Type","layer":"Unknown Area Type","lnduse":"R1","name":"","objectid_1":"14394","parcel_id":"500952000","story_ht_":"3"},"type":"Feature"}
,{"geometry":{"coordinates":[[[-71.0740280,42.3466350],[-71.07397400000001,42.3466770],[-71.0738580,42.3465990],[-71.0739090,42.3465570]]],"type":"Polygon"},"id":6626,"properties":{"bra_use":"R1","foots_1003":"11626","gm_layer":"Unknown Area Type","gm_type":"Unknown Area Type","layer":"Unknown Area Type","lnduse":"R1","name":"","objectid_1":"12214","parcel_id":"400025000","story_ht_":"2"},"type":"Feature"}
,{"geometry":{"coordinates":[[[-71.0730720,42.3445610],[-71.07306199999999,42.3445410],[-71.0728850,42.3445880],[-71.0728180,42.3444520],[-71.0729680,42.3444110],[-71.0728470,42.3441650],[-71.0728230,42.3441720],[-71.0728130,42.3441490],[-71.0727210,42.3441730],[-71.0726840,42.3440950],[-71.0733510,42.3439150],[-71.073390,42.3439930],[-71.0732410,42.3440330],[-71.07325299999999,42.3440560],[-71.0730410,42.3441130],[-71.0731560,42.3443490],[-71.0739160,42.3441450],[-71.0738570,42.3440270],[-71.07414799999999,42.3439490],[-71.07414799999999,42.343950],[-71.0741670,42.3439920],[-71.0741960,42.3439840],[-71.0742860,42.344170],[-71.07425600000001,42.3441760],[-71.0742760,42.3442180],[-71.0739890,42.3442950],[-71.07399700000001,42.3443120]]],"type":"Polygon"},"id":6782,"properties":{"bra_use":"E","foots_1003":"11782","gm_layer":"Unknown Area Type","gm_type":"Unknown Area Type","layer":"Unknown Area Type","lnduse":"E","name":"McKinley/Mackey School","objectid_1":"12370","parcel_id":"400212000","story_ht_":"2"},"type":"Feature"}
,{"geometry":{"coordinates":[[[-71.0724240,42.3470570],[-71.0725530,42.3470220],[-71.0725760,42.3470650],[-71.0724470,42.34710]]],"type":"Polygon"},"id":6963,"properties":{"bra_use":"R1","foots_1003":"11963","gm_layer":"Unknown Area Type","gm_type":"Unknown Area Type","layer":"Unknown Area Type","lnduse":"R1","name":"","objectid_1":"14475","parcel_id":"501041000","story_ht_":"2"},"type":"Feature"}
,{"geometry":{"coordinates":[[[-71.0725760,42.3470650],[-71.0725970,42.3471080],[-71.0724690,42.3471420],[-71.0724470,42.34710]]],"type":"Polygon"},"id":6964,"properties":{"bra_use":"R1","foots_1003":"11964","gm_layer":"Unknown Area Type","gm_type":"Unknown Area Type","layer":"Unknown Area Type","lnduse":"R1","name":"","objectid_1":"14476","parcel_id":"501042000","story_ht_":"2"},"type":"Feature"}
,{"geometry":{"coordinates":[[[-71.0725970,42.3471080],[-71.0726190,42.3471530],[-71.0724910,42.3471870],[-71.0724690,42.3471420]]],"type":"Polygon"},"id":6965,"properties":{"bra_use":"R1","foots_1003":"11965","gm_layer":"Unknown Area Type","gm_type":"Unknown Area Type","layer":"Unknown Area Type","lnduse":"R1","name":"","objectid_1":"14477","parcel_id":"501043000","story_ht_":"2"},"type":"Feature"}
,{"geometry":{"coordinates":[[[-71.0725130,42.347230],[-71.0724910,42.3471870],[-71.0726190,42.3471530],[-71.0726420,42.3471950]]],"type":"Polygon"},"id":6966,"properties":{"bra_use":"R1","foots_1003":"11966","gm_layer":"Unknown Area Type","gm_type":"Unknown Area Type","layer":"Unknown Area Type","lnduse":"R1","name":"","objectid_1":"14478","parcel_id":"501044000","story_ht_":"2"},"type":"Feature"}
,{"geometry":{"coordinates":[[[-71.0726660,42.3472430],[-71.0725370,42.3472790],[-71.0725130,42.347230],[-71.0726420,42.3471950]]],"type":"Polygon"},"id":6967,"properties":{"bra_use":"R1","foots_1003":"11967","gm_layer":"Unknown Area Type","gm_type":"Unknown Area Type","layer":"Unknown Area Type","lnduse":"R1","name":"","objectid_1":"14479","parcel_id":"501045000","story_ht_":"2"},"type":"Feature"}
,{"geometry":{"coordinates":[[[-71.0698720,42.3449660],[-71.0697040,42.3448980],[-71.06971400000001,42.3448840],[-71.0697170,42.3448790],[-71.0697710,42.3448050],[-71.06977999999999,42.3447940],[-71.0697960,42.3447710],[-71.06999399999999,42.3448480]]],"type":"Polygon"},"id":6172,"properties":{"bra_use":"C","foots_1003":"11172","gm_layer":"Unknown Area Type","gm_type":"Unknown Area Type","layer":"Unknown Area Type","lnduse":"C","name":"","objectid_1":"11731","parcel_id":"305751000","story_ht_":"1"},"type":"Feature"}
,{"geometry":{"coordinates":[[[-71.0696950,42.3471350],[-71.0696810,42.3471030],[-71.0695120,42.3471490],[-71.0695030,42.3471290],[-71.0694530,42.3471430],[-71.0695020,42.3472430],[-71.0693620,42.347280],[-71.069290,42.347130],[-71.0694280,42.3470930],[-71.06944300000001,42.3471210],[-71.0694910,42.3471080],[-71.0694620,42.347050],[-71.0696310,42.3470030],[-71.0696110,42.3469610],[-71.07005599999999,42.3468410],[-71.0700590,42.3468480],[-71.0701680,42.346820],[-71.0702510,42.3469840]]],"type":"Polygon"},"id":8788,"properties":{"bra_use":"E","foots_1003":"13793","gm_layer":"Unknown Area Type","gm_type":"Unknown Area Type","layer":"Unknown Area Type","lnduse":"E","name":"","objectid_1":"14200","parcel_id":"500692000","story_ht_":"1"},"type":"Feature"}
,{"geometry":{"coordinates":[[[-71.07205399999999,42.3444860],[-71.0718230,42.3445490],[-71.0717940,42.3444920],[-71.07189700000001,42.3444650],[-71.0718550,42.3443810],[-71.07166599999999,42.344430],[-71.0717360,42.3445740],[-71.0716190,42.3446050],[-71.07164400000001,42.3446570],[-71.07192000000001,42.3445810],[-71.0719150,42.3445680],[-71.0719890,42.3445480],[-71.0720070,42.3445470],[-71.0720120,42.3445470],[-71.0720170,42.3445480],[-71.072020,42.3445480],[-71.0720220,42.3445490],[-71.0720240,42.3445490],[-71.0720240,42.344550],[-71.07202700000001,42.344550],[-71.0720290,42.3445510],[-71.0720760,42.3445370],[-71.0722040,42.3447960],[-71.07216099999999,42.3448070],[-71.0721570,42.3448110],[-71.0721520,42.3448160],[-71.07215100000001,42.3448180],[-71.0721490,42.344820],[-71.0721350,42.3448280],[-71.07205399999999,42.3448510],[-71.0720470,42.3448380],[-71.0712990,42.3450380],[-71.07124500000001,42.3449270],[-71.0710450,42.3450060],[-71.0709540,42.3449130],[-71.0709770,42.3449050],[-71.0707080,42.3446290],[-71.07093999999999,42.3445030],[-71.0709980,42.344480],[-71.0714930,42.3443470],[-71.07150,42.3443620],[-71.07193700000001,42.3442450]]],"type":"Polygon"},"id":8866,"properties":{"bra_use":"E","foots_1003":"13871","gm_layer":"Unknown Area Type","gm_type":"Unknown Area Type","layer":"Unknown Area Type","lnduse":"E","name":"Boston Center for the Arts","objectid_1":"14278","parcel_id":"500818000","story_ht_":"1"},"type":"Feature"}
,{"geometry":{"coordinates":[[[-71.06953799999999,42.3442330],[-71.0696260,42.3441310],[-71.0696860,42.3441610],[-71.0695990,42.3442640]]],"type":"Polygon"},"id":6186,"properties":{"bra_use":"CM","foots_1003":"11186","gm_layer":"Unknown Area Type","gm_type":"Unknown Area Type","layer":"Unknown Area Type","lnduse":"CM","name":"","objectid_1":"11745","parcel_id":"305768000","story_ht_":"0"},"type":"Feature"}
,{"geometry":{"coordinates":[[[-71.07049600000001,42.3439850],[-71.0704080,42.3440580],[-71.0703540,42.3440230],[-71.0704350,42.3439490]]],"type":"Polygon"},"id":6246,"properties":{"bra_use":"CM","foots_1003":"11246","gm_layer":"Unknown Area Type","gm_type":"Unknown Area Type","layer":"Unknown Area Type","lnduse":"CM","name":"","objectid_1":"11806","parcel_id":"305843000","story_ht_":"0"},"type":"Feature"}
,{"geometry":{"coordinates":[[[-71.0706060,42.3440580],[-71.0705210,42.344130],[-71.0704650,42.3440950],[-71.0705540,42.3440250]]],"type":"Polygon"},"id":6248,"properties":{"bra_use":"CM","foots_1003":"11248","gm_layer":"Unknown Area Type","gm_type":"Unknown Area Type","layer":"Unknown Area Type","lnduse":"CM","name":"","objectid_1":"11808","parcel_id":"305845000","story_ht_":"0"},"type":"Feature"}
,{"geometry":{"coordinates":[[[-71.070250,42.3442470],[-71.0703230,42.3441690],[-71.0704540,42.3442350],[-71.0703810,42.3443150]]],"type":"Polygon"},"id":6255,"properties":{"bra_use":"CM","foots_1003":"11255","gm_layer":"Unknown Area Type","gm_type":"Unknown Area Type","layer":"Unknown Area Type","lnduse":"CM","name":"","objectid_1":"11815","parcel_id":"305853000","story_ht_":"0"},"type":"Feature"}
,{"geometry":{"coordinates":[[[-71.07006300000001,42.3440360],[-71.0701370,42.3440750],[-71.0700650,42.3441540],[-71.06998400000001,42.3441120]]],"type":"Polygon"},"id":6259,"properties":{"bra_use":"CM","foots_1003":"11259","gm_layer":"Unknown Area Type","gm_type":"Unknown Area Type","layer":"Unknown Area Type","lnduse":"CM","name":"","objectid_1":"11819","parcel_id":"305857000","story_ht_":"0"},"type":"Feature"}
,{"geometry":{"coordinates":[[[-71.0696090,42.343920],[-71.0695460,42.3438890],[-71.0696190,42.3438110],[-71.06967899999999,42.3438420]]],"type":"Polygon"},"id":6266,"properties":{"bra_use":"CM","foots_1003":"11266","gm_layer":"Unknown Area Type","gm_type":"Unknown Area Type","layer":"Unknown Area Type","lnduse":"CM","name":"","objectid_1":"11826","parcel_id":"305864000","story_ht_":"0"},"type":"Feature"}
,{"geometry":{"coordinates":[[[-71.0707970,42.3439830],[-71.070740,42.3439440],[-71.0708230,42.3438750],[-71.07087900000001,42.3439140]]],"type":"Polygon"},"id":6306,"properties":{"bra_use":"CM","foots_1003":"11306","gm_layer":"Unknown Area Type","gm_type":"Unknown Area Type","layer":"Unknown Area Type","lnduse":"CM","name":"","objectid_1":"11866","parcel_id":"305900000","story_ht_":"0"},"type":"Feature"}
,{"geometry":{"coordinates":[[[-71.0706860,42.3439090],[-71.07062500000001,42.3438690],[-71.0707070,42.3437980],[-71.07076600000001,42.3438370]]],"type":"Polygon"},"id":6308,"properties":{"bra_use":"CM","foots_1003":"11308","gm_layer":"Unknown Area Type","gm_type":"Unknown Area Type","layer":"Unknown Area Type","lnduse":"CM","name":"","objectid_1":"11868","parcel_id":"305902000","story_ht_":"0"},"type":"Feature"}
,{"geometry":{"coordinates":[[[-71.07355699999999,42.3466290],[-71.0735830,42.3466730],[-71.0733850,42.346740],[-71.0733620,42.3466920],[-71.0733710,42.346690],[-71.073520,42.3466420]]],"type":"Polygon"},"id":6608,"properties":{"bra_use":"CM","foots_1003":"11608","gm_layer":"Unknown Area Type","gm_type":"Unknown Area Type","layer":"Unknown Area Type","lnduse":"CM","name":"","objectid_1":"12196","parcel_id":"400002000","story_ht_":"0"},"type":"Feature"}
,{"geometry":{"coordinates":[[[-71.0733710,42.346690],[-71.07332200000001,42.3465970],[-71.07347799999999,42.3465550],[-71.073520,42.3466420]]],"type":"Polygon"},"id":6609,"properties":{"bra_use":"CM","foots_1003":"11609","gm_layer":"Unknown Area Type","gm_type":"Unknown Area Type","layer":"Unknown Area Type","lnduse":"CM","name":"","objectid_1":"12197","parcel_id":"400004000","story_ht_":"0"},"type":"Feature"}
,{"geometry":{"coordinates":[[[-71.0739030,42.3463820],[-71.0738320,42.3464020],[-71.07378300000001,42.3463050],[-71.0738550,42.3462860]]],"type":"Polygon"},"id":6614,"properties":{"bra_use":"CM","foots_1003":"11614","gm_layer":"Unknown Area Type","gm_type":"Unknown Area Type","layer":"Unknown Area Type","lnduse":"CM","name":"","objectid_1":"12202","parcel_id":"400011000","story_ht_":"0"},"type":"Feature"}
,{"geometry":{"coordinates":[[[-71.0739030,42.3463820],[-71.0738550,42.3462860],[-71.0739260,42.3462660],[-71.0739750,42.3463630]]],"type":"Polygon"},"id":6615,"properties":{"bra_use":"CM","foots_1003":"11615","gm_layer":"Unknown Area Type","gm_type":"Unknown Area Type","layer":"Unknown Area Type","lnduse":"CM","name":"","objectid_1":"12203","parcel_id":"400012000","story_ht_":"0"},"type":"Feature"}
,{"geometry":{"coordinates":[[[-71.07410,42.3462080],[-71.0741450,42.3463040],[-71.0740940,42.3463430],[-71.07407499999999,42.3463310],[-71.07402399999999,42.346230]]],"type":"Polygon"},"id":6616,"properties":{"bra_use":"CM","foots_1003":"11616","gm_layer":"Unknown Area Type","gm_type":"Unknown Area Type","layer":"Unknown Area Type","lnduse":"CM","name":"","objectid_1":"12204","parcel_id":"400013010","story_ht_":"0"},"type":"Feature"}
,{"geometry":{"coordinates":[[[-71.07407499999999,42.3463310],[-71.0740940,42.3463430],[-71.074040,42.3463860],[-71.0739950,42.346360],[-71.0739440,42.3462520],[-71.07402399999999,42.346230]]],"type":"Polygon"},"id":6617,"properties":{"bra_use":"CM","foots_1003":"11617","gm_layer":"Unknown Area Type","gm_type":"Unknown Area Type","layer":"Unknown Area Type","lnduse":"CM","name":"","objectid_1":"12205","parcel_id":"400013010","story_ht_":"0"},"type":"Feature"}
,{"geometry":{"coordinates":[[[-71.07446299999999,42.3462650],[-71.0743560,42.3463530],[-71.0742480,42.3462790],[-71.07435700000001,42.346190],[-71.0743690,42.3461990]]],"type":"Polygon"},"id":6618,"properties":{"bra_use":"CM","foots_1003":"11618","gm_layer":"Unknown Area Type","gm_type":"Unknown Area Type","layer":"Unknown Area Type","lnduse":"CM","name":"","objectid_1":"12206","parcel_id":"400019000","story_ht_":"0"},"type":"Feature"}
,{"geometry":{"coordinates":[[[-71.0744040,42.3461730],[-71.0743880,42.3461640],[-71.0744170,42.346140],[-71.0744140,42.3461370],[-71.0744450,42.3461120],[-71.0745680,42.3461930],[-71.0744730,42.3462720],[-71.07446299999999,42.3462650],[-71.0743690,42.3461990]]],"type":"Polygon"},"id":6619,"properties":{"bra_use":"CM","foots_1003":"11619","gm_layer":"Unknown Area Type","gm_type":"Unknown Area Type","layer":"Unknown Area Type","lnduse":"CM","name":"","objectid_1":"12207","parcel_id":"400019000","story_ht_":"0"},"type":"Feature"}
,{"geometry":{"coordinates":[[[-71.0743560,42.3463530],[-71.0742990,42.34640],[-71.0741890,42.3463280],[-71.0742480,42.3462790]]],"type":"Polygon"},"id":6620,"properties":{"bra_use":"CM","foots_1003":"11620","gm_layer":"Unknown Area Type","gm_type":"Unknown Area Type","layer":"Unknown Area Type","lnduse":"CM","name":"","objectid_1":"12208","parcel_id":"400019000","story_ht_":"0"},"type":"Feature"}
,{"geometry":{"coordinates":[[[-71.07418800000001,42.3464890],[-71.07413099999999,42.3465370],[-71.0740230,42.3464640],[-71.074080,42.3464170]]],"type":"Polygon"},"id":6623,"properties":{"bra_use":"CM","foots_1003":"11623","gm_layer":"Unknown Area Type","gm_type":"Unknown Area Type","layer":"Unknown Area Type","lnduse":"CM","name":"","objectid_1":"12211","parcel_id":"400022000","story_ht_":"0"},"type":"Feature"}
,{"geometry":{"coordinates":[[[-71.07413099999999,42.3465370],[-71.07407600000001,42.3465830],[-71.0739650,42.3465110],[-71.0740230,42.3464640]]],"type":"Polygon"},"id":6624,"properties":{"bra_use":"CM","foots_1003":"11624","gm_layer":"Unknown Area Type","gm_type":"Unknown Area Type","layer":"Unknown Area Type","lnduse":"CM","name":"","objectid_1":"12212","parcel_id":"400023000","story_ht_":"0"},"type":"Feature"}
,{"geometry":{"coordinates":[[[-71.0745360,42.3457920],[-71.0745830,42.3458890],[-71.0745110,42.3459070],[-71.07446400000001,42.3458120]]],"type":"Polygon"},"id":6634,"properties":{"bra_use":"CM","foots_1003":"11634","gm_layer":"Unknown Area Type","gm_type":"Unknown Area Type","layer":"Unknown Area Type","lnduse":"CM","name":"","objectid_1":"12222","parcel_id":"400035000","story_ht_":"0"},"type":"Feature"}
,{"geometry":{"coordinates":[[[-71.0740960,42.3460180],[-71.0739540,42.3460540],[-71.0739080,42.345960],[-71.074050,42.3459220]]],"type":"Polygon"},"id":6637,"properties":{"bra_use":"CM","foots_1003":"11637","gm_layer":"Unknown Area Type","gm_type":"Unknown Area Type","layer":"Unknown Area Type","lnduse":"CM","name":"","objectid_1":"12225","parcel_id":"400042000","story_ht_":"0"},"type":"Feature"}
,{"geometry":{"coordinates":[[[-71.07377099999999,42.3459960],[-71.07383900000001,42.3459780],[-71.0738870,42.3460730],[-71.0738180,42.3460920]]],"type":"Polygon"},"id":6639,"properties":{"bra_use":"CM","foots_1003":"11639","gm_layer":"Unknown Area Type","gm_type":"Unknown Area Type","layer":"Unknown Area Type","lnduse":"CM","name":"","objectid_1":"12227","parcel_id":"400045000","story_ht_":"0"},"type":"Feature"}
,{"geometry":{"coordinates":[[[-71.0736280,42.3460340],[-71.0736950,42.3460160],[-71.0737460,42.3461110],[-71.07367600000001,42.3461290]]],"type":"Polygon"},"id":6641,"properties":{"bra_use":"CM","foots_1003":"11641","gm_layer":"Unknown Area Type","gm_type":"Unknown Area Type","layer":"Unknown Area Type","lnduse":"CM","name":"","objectid_1":"12229","parcel_id":"400047000","story_ht_":"0"},"type":"Feature"}
,{"geometry":{"coordinates":[[[-71.07342199999999,42.3460890],[-71.07349000000001,42.3460710],[-71.0735440,42.3461640],[-71.073470,42.3461840]]],"type":"Polygon"},"id":6643,"properties":{"bra_use":"CM","foots_1003":"11643","gm_layer":"Unknown Area Type","gm_type":"Unknown Area Type","layer":"Unknown Area Type","lnduse":"CM","name":"","objectid_1":"12231","parcel_id":"400050000","story_ht_":"0"},"type":"Feature"}
,{"geometry":{"coordinates":[[[-71.07328200000001,42.3461270],[-71.0733580,42.3461070],[-71.07340600000001,42.3462010],[-71.0733310,42.3462210]]],"type":"Polygon"},"id":6645,"properties":{"bra_use":"CM","foots_1003":"11645","gm_layer":"Unknown Area Type","gm_type":"Unknown Area Type","layer":"Unknown Area Type","lnduse":"CM","name":"","objectid_1":"12233","parcel_id":"400052000","story_ht_":"0"},"type":"Feature"}
,{"geometry":{"coordinates":[[[-71.07308500000001,42.3458040],[-71.0730210,42.3458210],[-71.07297800000001,42.3457280],[-71.0729810,42.3457260],[-71.0729760,42.3457190],[-71.0729930,42.3457140],[-71.0729990,42.3457060],[-71.0730150,42.3457010],[-71.0730270,42.3457040],[-71.0730320,42.3457110],[-71.0730350,42.3457090]]],"type":"Polygon"},"id":6648,"properties":{"bra_use":"CM","foots_1003":"11648","gm_layer":"Unknown Area Type","gm_type":"Unknown Area Type","layer":"Unknown Area Type","lnduse":"CM","name":"","objectid_1":"12236","parcel_id":"400056000","story_ht_":"0"},"type":"Feature"}
,{"geometry":{"coordinates":[[[-71.0730410,42.3457080],[-71.07303899999999,42.3457030],[-71.0730440,42.3456960],[-71.0730580,42.3456910],[-71.07306800000001,42.3456940],[-71.0730710,42.3456980],[-71.07309600000001,42.3456910],[-71.0731440,42.3457880],[-71.07308500000001,42.3458040],[-71.0730350,42.3457090]]],"type":"Polygon"},"id":6649,"properties":{"bra_use":"CM","foots_1003":"11649","gm_layer":"Unknown Area Type","gm_type":"Unknown Area Type","layer":"Unknown Area Type","lnduse":"CM","name":"","objectid_1":"12237","parcel_id":"400057000","story_ht_":"0"},"type":"Feature"}
,{"geometry":{"coordinates":[[[-71.0731440,42.3457880],[-71.07309600000001,42.3456910],[-71.07312400000001,42.3456840],[-71.0731230,42.3456790],[-71.0731270,42.3456740],[-71.0731450,42.345670],[-71.07315199999999,42.345670],[-71.0731550,42.3456760],[-71.07316299999999,42.3456760],[-71.0732120,42.3457680]]],"type":"Polygon"},"id":6650,"properties":{"bra_use":"CM","foots_1003":"11650","gm_layer":"Unknown Area Type","gm_type":"Unknown Area Type","layer":"Unknown Area Type","lnduse":"CM","name":"","objectid_1":"12238","parcel_id":"400058000","story_ht_":"0"},"type":"Feature"}
,{"geometry":{"coordinates":[[[-71.07327100000001,42.3457520],[-71.0732120,42.3457680],[-71.07316299999999,42.3456760],[-71.07316400000001,42.3456750],[-71.0731620,42.3456660],[-71.0731670,42.345660],[-71.0731820,42.3456560],[-71.0731940,42.3456590],[-71.07320,42.3456660],[-71.0732220,42.345660]]],"type":"Polygon"},"id":6651,"properties":{"bra_use":"CM","foots_1003":"11651","gm_layer":"Unknown Area Type","gm_type":"Unknown Area Type","layer":"Unknown Area Type","lnduse":"CM","name":"","objectid_1":"12239","parcel_id":"400059000","story_ht_":"0"},"type":"Feature"}
,{"geometry":{"coordinates":[[[-71.0733340,42.3457360],[-71.07327100000001,42.3457520],[-71.0732220,42.345660],[-71.0732510,42.3456530],[-71.0732470,42.3456460],[-71.07325400000001,42.3456370],[-71.0732690,42.3456330],[-71.07328099999999,42.3456340],[-71.0732840,42.3456420],[-71.0732850,42.3456410]]],"type":"Polygon"},"id":6652,"properties":{"bra_use":"CM","foots_1003":"11652","gm_layer":"Unknown Area Type","gm_type":"Unknown Area Type","layer":"Unknown Area Type","lnduse":"CM","name":"","objectid_1":"12240","parcel_id":"400060000","story_ht_":"0"},"type":"Feature"}
,{"geometry":{"coordinates":[[[-71.07345599999999,42.3457020],[-71.0733970,42.3457190],[-71.0733480,42.3456250],[-71.0733530,42.3456230],[-71.0733520,42.3456160],[-71.07337200000001,42.345610],[-71.07337699999999,42.3456040],[-71.0733920,42.34560],[-71.07340499999999,42.34560],[-71.073410,42.3456090]]],"type":"Polygon"},"id":6654,"properties":{"bra_use":"CM","foots_1003":"11654","gm_layer":"Unknown Area Type","gm_type":"Unknown Area Type","layer":"Unknown Area Type","lnduse":"CM","name":"","objectid_1":"12242","parcel_id":"400062000","story_ht_":"0"},"type":"Feature"}
,{"geometry":{"coordinates":[[[-71.073410,42.3456090],[-71.0734160,42.3456080],[-71.07341200000001,42.3455980],[-71.07341700000001,42.3455920],[-71.073430,42.3455870],[-71.0734420,42.3455910],[-71.0734460,42.3455990],[-71.0734770,42.3455910],[-71.07352299999999,42.3456850],[-71.07345599999999,42.3457020]]],"type":"Polygon"},"id":6655,"properties":{"bra_use":"CM","foots_1003":"11655","gm_layer":"Unknown Area Type","gm_type":"Unknown Area Type","layer":"Unknown Area Type","lnduse":"CM","name":"","objectid_1":"12243","parcel_id":"400063000","story_ht_":"0"},"type":"Feature"}
,{"geometry":{"coordinates":[[[-71.0737120,42.3456330],[-71.07364699999999,42.3456510],[-71.07360,42.3455580],[-71.0736260,42.3455490],[-71.0736220,42.3455410],[-71.0736280,42.3455350],[-71.0736440,42.3455310],[-71.07365400000001,42.3455350],[-71.073660,42.345540]]],"type":"Polygon"},"id":6658,"properties":{"bra_use":"CM","foots_1003":"11658","gm_layer":"Unknown Area Type","gm_type":"Unknown Area Type","layer":"Unknown Area Type","lnduse":"CM","name":"","objectid_1":"12246","parcel_id":"400066000","story_ht_":"0"},"type":"Feature"}
,{"geometry":{"coordinates":[[[-71.07395800000001,42.3455670],[-71.07389600000001,42.3455830],[-71.07384999999999,42.3454880],[-71.0738740,42.3454810],[-71.0738710,42.3454750],[-71.07387799999999,42.3454690],[-71.0738940,42.3454640],[-71.07390700000001,42.3454650],[-71.0739110,42.3454740],[-71.0739140,42.3454740]]],"type":"Polygon"},"id":6662,"properties":{"bra_use":"CM","foots_1003":"11662","gm_layer":"Unknown Area Type","gm_type":"Unknown Area Type","layer":"Unknown Area Type","lnduse":"CM","name":"","objectid_1":"12250","parcel_id":"400070000","story_ht_":"0"},"type":"Feature"}
,{"geometry":{"coordinates":[[[-71.0740010,42.3454520],[-71.0739980,42.3454430],[-71.0740040,42.3454360],[-71.07401900000001,42.3454320],[-71.07402999999999,42.3454360],[-71.0740350,42.3454430],[-71.074040,42.3454410],[-71.07408599999999,42.3455320],[-71.0740230,42.3455490],[-71.0739770,42.3454580]]],"type":"Polygon"},"id":6664,"properties":{"bra_use":"CM","foots_1003":"11664","gm_layer":"Unknown Area Type","gm_type":"Unknown Area Type","layer":"Unknown Area Type","lnduse":"CM","name":"","objectid_1":"12252","parcel_id":"400072000","story_ht_":"0"},"type":"Feature"}
,{"geometry":{"coordinates":[[[-71.0741450,42.3455150],[-71.0741020,42.3454230],[-71.07412600000001,42.3454170],[-71.0741240,42.3454070],[-71.0741330,42.3454010],[-71.07414799999999,42.3453970],[-71.0741590,42.3454030],[-71.0741630,42.3454060],[-71.0742090,42.3454990]]],"type":"Polygon"},"id":6666,"properties":{"bra_use":"CM","foots_1003":"11666","gm_layer":"Unknown Area Type","gm_type":"Unknown Area Type","layer":"Unknown Area Type","lnduse":"CM","name":"","objectid_1":"12254","parcel_id":"400074000","story_ht_":"0"},"type":"Feature"}
,{"geometry":{"coordinates":[[[-71.07433500000001,42.3454640],[-71.0742740,42.345480],[-71.0742260,42.3453880],[-71.07425000000001,42.3453810],[-71.0742490,42.3453730],[-71.07425499999999,42.3453660],[-71.0742680,42.3453640],[-71.07427800000001,42.3453660],[-71.07428400000001,42.3453740],[-71.0742880,42.3453730]]],"type":"Polygon"},"id":6668,"properties":{"bra_use":"CM","foots_1003":"11668","gm_layer":"Unknown Area Type","gm_type":"Unknown Area Type","layer":"Unknown Area Type","lnduse":"CM","name":"","objectid_1":"12256","parcel_id":"400076000","story_ht_":"0"},"type":"Feature"}
,{"geometry":{"coordinates":[[[-71.0740610,42.3457710],[-71.0739870,42.345790],[-71.07394600000001,42.3457010],[-71.07401900000001,42.3456810]]],"type":"Polygon"},"id":6687,"properties":{"bra_use":"CM","foots_1003":"11687","gm_layer":"Unknown Area Type","gm_type":"Unknown Area Type","layer":"Unknown Area Type","lnduse":"CM","name":"","objectid_1":"12275","parcel_id":"400097000","story_ht_":"0"},"type":"Feature"}
,{"geometry":{"coordinates":[[[-71.0739280,42.3458060],[-71.0738820,42.3457180],[-71.07394600000001,42.3457010],[-71.0739870,42.345790]]],"type":"Polygon"},"id":6688,"properties":{"bra_use":"CM","foots_1003":"11688","gm_layer":"Unknown Area Type","gm_type":"Unknown Area Type","layer":"Unknown Area Type","lnduse":"CM","name":"","objectid_1":"12276","parcel_id":"400098000","story_ht_":"0"},"type":"Feature"}
,{"geometry":{"coordinates":[[[-71.0738820,42.3457180],[-71.0739280,42.3458060],[-71.0738630,42.3458230],[-71.07382200000001,42.3457340]]],"type":"Polygon"},"id":6689,"properties":{"bra_use":"CM","foots_1003":"11689","gm_layer":"Unknown Area Type","gm_type":"Unknown Area Type","layer":"Unknown Area Type","lnduse":"CM","name":"","objectid_1":"12277","parcel_id":"400099000","story_ht_":"0"},"type":"Feature"}
,{"geometry":{"coordinates":[[[-71.0737670,42.3458490],[-71.0737250,42.345760],[-71.07382200000001,42.3457340],[-71.0738630,42.3458230]]],"type":"Polygon"},"id":6690,"properties":{"bra_use":"CM","foots_1003":"11690","gm_layer":"Unknown Area Type","gm_type":"Unknown Area Type","layer":"Unknown Area Type","lnduse":"CM","name":"","objectid_1":"12278","parcel_id":"400100000","story_ht_":"0"},"type":"Feature"}
,{"geometry":{"coordinates":[[[-71.0737670,42.3458490],[-71.0736730,42.3458740],[-71.0736240,42.3457870],[-71.0737250,42.345760]]],"type":"Polygon"},"id":6691,"properties":{"bra_use":"CM","foots_1003":"11691","gm_layer":"Unknown Area Type","gm_type":"Unknown Area Type","layer":"Unknown Area Type","lnduse":"CM","name":"","objectid_1":"12279","parcel_id":"400101000","story_ht_":"0"},"type":"Feature"}
,{"geometry":{"coordinates":[[[-71.0735760,42.34580],[-71.0736240,42.3457870],[-71.0736730,42.3458740],[-71.0736220,42.3458890],[-71.0735770,42.3458020]]],"type":"Polygon"},"id":6692,"properties":{"bra_use":"CM","foots_1003":"11692","gm_layer":"Unknown Area Type","gm_type":"Unknown Area Type","layer":"Unknown Area Type","lnduse":"CM","name":"","objectid_1":"12280","parcel_id":"400102000","story_ht_":"0"},"type":"Feature"}
,{"geometry":{"coordinates":[[[-71.0735590,42.3459050],[-71.0735140,42.345820],[-71.0735770,42.3458020],[-71.0736220,42.3458890]]],"type":"Polygon"},"id":6693,"properties":{"bra_use":"CM","foots_1003":"11693","gm_layer":"Unknown Area Type","gm_type":"Unknown Area Type","layer":"Unknown Area Type","lnduse":"CM","name":"","objectid_1":"12281","parcel_id":"400103000","story_ht_":"0"},"type":"Feature"}
,{"geometry":{"coordinates":[[[-71.0731760,42.3460090],[-71.0730480,42.3460430],[-71.0729790,42.3459030],[-71.07310800000001,42.3458680]]],"type":"Polygon"},"id":6697,"properties":{"bra_use":"CM","foots_1003":"11697","gm_layer":"Unknown Area Type","gm_type":"Unknown Area Type","layer":"Unknown Area Type","lnduse":"CM","name":"","objectid_1":"12285","parcel_id":"400110000","story_ht_":"0"},"type":"Feature"}
,{"geometry":{"coordinates":[[[-71.0730260,42.3454610],[-71.07304499999999,42.3454990],[-71.0728270,42.345560],[-71.0728080,42.345520],[-71.0729430,42.3454850]]],"type":"Polygon"},"id":6698,"properties":{"bra_use":"CM","foots_1003":"11698","gm_layer":"Unknown Area Type","gm_type":"Unknown Area Type","layer":"Unknown Area Type","lnduse":"CM","name":"","objectid_1":"12286","parcel_id":"400112000","story_ht_":"0"},"type":"Feature"}
,{"geometry":{"coordinates":[[[-71.0728290,42.3449890],[-71.0727780,42.3448840],[-71.07284199999999,42.3448660],[-71.07289400000001,42.3449720]]],"type":"Polygon"},"id":6707,"properties":{"bra_use":"CM","foots_1003":"11707","gm_layer":"Unknown Area Type","gm_type":"Unknown Area Type","layer":"Unknown Area Type","lnduse":"CM","name":"","objectid_1":"12295","parcel_id":"400126000","story_ht_":"0"},"type":"Feature"}
,{"geometry":{"coordinates":[[[-71.07284199999999,42.3448660],[-71.07289900000001,42.3448510],[-71.0729530,42.3449560],[-71.07289400000001,42.3449720]]],"type":"Polygon"},"id":6708,"properties":{"bra_use":"CM","foots_1003":"11708","gm_layer":"Unknown Area Type","gm_type":"Unknown Area Type","layer":"Unknown Area Type","lnduse":"CM","name":"","objectid_1":"12296","parcel_id":"400127000","story_ht_":"0"},"type":"Feature"}
,{"geometry":{"coordinates":[[[-71.0736630,42.3446450],[-71.07371500000001,42.344750],[-71.0735980,42.3447820],[-71.0735430,42.3446770]]],"type":"Polygon"},"id":6718,"properties":{"bra_use":"CM","foots_1003":"11718","gm_layer":"Unknown Area Type","gm_type":"Unknown Area Type","layer":"Unknown Area Type","lnduse":"CM","name":"","objectid_1":"12306","parcel_id":"400140000","story_ht_":"0"},"type":"Feature"}
,{"geometry":{"coordinates":[[[-71.07372100000001,42.3446290],[-71.073780,42.3446130],[-71.07383400000001,42.3447180],[-71.0737760,42.3447330]]],"type":"Polygon"},"id":6720,"properties":{"bra_use":"CM","foots_1003":"11720","gm_layer":"Unknown Area Type","gm_type":"Unknown Area Type","layer":"Unknown Area Type","lnduse":"CM","name":"","objectid_1":"12308","parcel_id":"400142000","story_ht_":"0"},"type":"Feature"}
,{"geometry":{"coordinates":[[[-71.0741980,42.3445010],[-71.0742510,42.3446050],[-71.0741870,42.3446230],[-71.0741330,42.3445180]]],"type":"Polygon"},"id":6727,"properties":{"bra_use":"CM","foots_1003":"11727","gm_layer":"Unknown Area Type","gm_type":"Unknown Area Type","layer":"Unknown Area Type","lnduse":"CM","name":"","objectid_1":"12315","parcel_id":"400149000","story_ht_":"0"},"type":"Feature"}
,{"geometry":{"coordinates":[[[-71.0734830,42.3450780],[-71.0734260,42.3450930],[-71.0733850,42.3450090],[-71.0734410,42.3449940]]],"type":"Polygon"},"id":6745,"properties":{"bra_use":"CM","foots_1003":"11745","gm_layer":"Unknown Area Type","gm_type":"Unknown Area Type","layer":"Unknown Area Type","lnduse":"CM","name":"","objectid_1":"12333","parcel_id":"400167000","story_ht_":"0"},"type":"Feature"}
,{"geometry":{"coordinates":[[[-71.07350200000001,42.3449770],[-71.0735440,42.3450610],[-71.0734830,42.3450780],[-71.0734410,42.3449940]]],"type":"Polygon"},"id":6746,"properties":{"bra_use":"CM","foots_1003":"11746","gm_layer":"Unknown Area Type","gm_type":"Unknown Area Type","layer":"Unknown Area Type","lnduse":"CM","name":"","objectid_1":"12334","parcel_id":"400167000","story_ht_":"0"},"type":"Feature"}
,{"geometry":{"coordinates":[[[-71.0736260,42.3449440],[-71.0736730,42.3450270],[-71.07361400000001,42.3450430],[-71.073570,42.3449590]]],"type":"Polygon"},"id":6747,"properties":{"bra_use":"CM","foots_1003":"11747","gm_layer":"Unknown Area Type","gm_type":"Unknown Area Type","layer":"Unknown Area Type","lnduse":"CM","name":"","objectid_1":"12335","parcel_id":"400167000","story_ht_":"0"},"type":"Feature"}
,{"geometry":{"coordinates":[[[-71.07361400000001,42.3450430],[-71.0735440,42.3450610],[-71.07350200000001,42.3449770],[-71.073570,42.3449590]]],"type":"Polygon"},"id":6748,"properties":{"bra_use":"CM","foots_1003":"11748","gm_layer":"Unknown Area Type","gm_type":"Unknown Area Type","layer":"Unknown Area Type","lnduse":"CM","name":"","objectid_1":"12336","parcel_id":"400167000","story_ht_":"0"},"type":"Feature"}
,{"geometry":{"coordinates":[[[-71.0737220,42.3450130],[-71.0736730,42.3450270],[-71.0736260,42.3449440],[-71.07368099999999,42.3449290]]],"type":"Polygon"},"id":6749,"properties":{"bra_use":"CM","foots_1003":"11749","gm_layer":"Unknown Area Type","gm_type":"Unknown Area Type","layer":"Unknown Area Type","lnduse":"CM","name":"","objectid_1":"12337","parcel_id":"400167000","story_ht_":"0"},"type":"Feature"}
,{"geometry":{"coordinates":[[[-71.07320300000001,42.3450580],[-71.0733850,42.3450090],[-71.0734260,42.3450930],[-71.0732470,42.3451420]]],"type":"Polygon"},"id":6750,"properties":{"bra_use":"CM","foots_1003":"11750","gm_layer":"Unknown Area Type","gm_type":"Unknown Area Type","layer":"Unknown Area Type","lnduse":"CM","name":"","objectid_1":"12338","parcel_id":"400173000","story_ht_":"0"},"type":"Feature"}
,{"geometry":{"coordinates":[[[-71.0742590,42.3451460],[-71.07423300000001,42.3451550],[-71.07423300000001,42.3451580],[-71.0742290,42.3451640],[-71.07420999999999,42.345170],[-71.0742020,42.3451680],[-71.0741980,42.3451630],[-71.07414799999999,42.3450650],[-71.07421100000001,42.3450490]]],"type":"Polygon"},"id":6761,"properties":{"bra_use":"CM","foots_1003":"11761","gm_layer":"Unknown Area Type","gm_type":"Unknown Area Type","layer":"Unknown Area Type","lnduse":"CM","name":"","objectid_1":"12349","parcel_id":"400187000","story_ht_":"0"},"type":"Feature"}
,{"geometry":{"coordinates":[[[-71.0738980,42.3451330],[-71.073950,42.3452310],[-71.0739390,42.3452350],[-71.07393999999999,42.3452390],[-71.07393399999999,42.3452430],[-71.073920,42.3452490],[-71.0739090,42.3452460],[-71.07390700000001,42.3452420],[-71.07387900000001,42.345250],[-71.0738320,42.3451510]]],"type":"Polygon"},"id":6766,"properties":{"bra_use":"CM","foots_1003":"11766","gm_layer":"Unknown Area Type","gm_type":"Unknown Area Type","layer":"Unknown Area Type","lnduse":"CM","name":"","objectid_1":"12354","parcel_id":"400192000","story_ht_":"0"},"type":"Feature"}
,{"geometry":{"coordinates":[[[-71.0738250,42.3452630],[-71.0738130,42.3452670],[-71.0738150,42.3452720],[-71.0738080,42.3452780],[-71.0737960,42.3452820],[-71.0737850,42.345280],[-71.07378199999999,42.3452750],[-71.0737590,42.3452810],[-71.0737080,42.3451850],[-71.0737750,42.3451660]]],"type":"Polygon"},"id":6768,"properties":{"bra_use":"CM","foots_1003":"11768","gm_layer":"Unknown Area Type","gm_type":"Unknown Area Type","layer":"Unknown Area Type","lnduse":"CM","name":"","objectid_1":"12356","parcel_id":"400194000","story_ht_":"0"},"type":"Feature"}
,{"geometry":{"coordinates":[[[-71.0736450,42.3452020],[-71.0737080,42.3451850],[-71.0737590,42.3452810],[-71.0737280,42.345290],[-71.073730,42.3452950],[-71.0737280,42.3453010],[-71.0737060,42.3453050],[-71.07370,42.3453020],[-71.0736970,42.3452970],[-71.0736940,42.3452990]]],"type":"Polygon"},"id":6769,"properties":{"bra_use":"CM","foots_1003":"11769","gm_layer":"Unknown Area Type","gm_type":"Unknown Area Type","layer":"Unknown Area Type","lnduse":"CM","name":"","objectid_1":"12357","parcel_id":"400195000","story_ht_":"0"},"type":"Feature"}
,{"geometry":{"coordinates":[[[-71.0736940,42.3452990],[-71.0736890,42.3453010],[-71.073690,42.3453050],[-71.0736840,42.3453110],[-71.0736720,42.3453150],[-71.073660,42.3453130],[-71.0736580,42.3453070],[-71.07362999999999,42.3453160],[-71.0735810,42.3452180],[-71.0736450,42.3452020]]],"type":"Polygon"},"id":6770,"properties":{"bra_use":"CM","foots_1003":"11770","gm_layer":"Unknown Area Type","gm_type":"Unknown Area Type","layer":"Unknown Area Type","lnduse":"CM","name":"","objectid_1":"12358","parcel_id":"400196000","story_ht_":"0"},"type":"Feature"}
,{"geometry":{"coordinates":[[[-71.0733140,42.3454020],[-71.0733140,42.3454050],[-71.0733090,42.3454130],[-71.073290,42.3454170],[-71.07328200000001,42.3454140],[-71.0732790,42.345410],[-71.0732520,42.3454180],[-71.07320300000001,42.345320],[-71.07327100000001,42.3453020],[-71.07332100000001,42.34540]]],"type":"Polygon"},"id":6776,"properties":{"bra_use":"CM","foots_1003":"11776","gm_layer":"Unknown Area Type","gm_type":"Unknown Area Type","layer":"Unknown Area Type","lnduse":"CM","name":"","objectid_1":"12364","parcel_id":"400202000","story_ht_":"0"},"type":"Feature"}
,{"geometry":{"coordinates":[[[-71.0732320,42.3454260],[-71.0732330,42.3454270],[-71.0732240,42.3454340],[-71.07320900000001,42.3454390],[-71.07320,42.3454370],[-71.07319699999999,42.3454330],[-71.0731480,42.3453350],[-71.07320300000001,42.345320],[-71.0732520,42.3454180]]],"type":"Polygon"},"id":6777,"properties":{"bra_use":"CM","foots_1003":"11777","gm_layer":"Unknown Area Type","gm_type":"Unknown Area Type","layer":"Unknown Area Type","lnduse":"CM","name":"","objectid_1":"12365","parcel_id":"400203000","story_ht_":"0"},"type":"Feature"}
,{"geometry":{"coordinates":[[[-71.0730830,42.3453530],[-71.0731480,42.3453350],[-71.07319699999999,42.3454330],[-71.0731870,42.3454370],[-71.0731880,42.345440],[-71.0731840,42.3454450],[-71.0731670,42.3454490],[-71.073160,42.3454470],[-71.0731560,42.3454430],[-71.07313000000001,42.345450]]],"type":"Polygon"},"id":6778,"properties":{"bra_use":"CM","foots_1003":"11778","gm_layer":"Unknown Area Type","gm_type":"Unknown Area Type","layer":"Unknown Area Type","lnduse":"CM","name":"","objectid_1":"12366","parcel_id":"400203000","story_ht_":"0"},"type":"Feature"}
,{"geometry":{"coordinates":[[[-71.0726880,42.3443050],[-71.0722770,42.3444150],[-71.0721590,42.3441710],[-71.0722490,42.3441480],[-71.0722650,42.3441810],[-71.0724140,42.3441410],[-71.0724010,42.3441140],[-71.07257300000001,42.3440670]]],"type":"Polygon"},"id":6780,"properties":{"bra_use":"CM","foots_1003":"11780","gm_layer":"Unknown Area Type","gm_type":"Unknown Area Type","layer":"Unknown Area Type","lnduse":"CM","name":"","objectid_1":"12368","parcel_id":"400206000","story_ht_":"0"},"type":"Feature"}
,{"geometry":{"coordinates":[[[-71.0724140,42.3447380],[-71.07228600000001,42.3444840],[-71.0722870,42.3444830],[-71.0724570,42.3444370],[-71.072490,42.3445020],[-71.0724610,42.344510],[-71.0725240,42.3446340],[-71.0725530,42.3446260],[-71.0725860,42.3446910]]],"type":"Polygon"},"id":6783,"properties":{"bra_use":"CM","foots_1003":"11783","gm_layer":"Unknown Area Type","gm_type":"Unknown Area Type","layer":"Unknown Area Type","lnduse":"CM","name":"","objectid_1":"12371","parcel_id":"400213000","story_ht_":"0"},"type":"Feature"}
,{"geometry":{"coordinates":[[[-71.07277600000001,42.3446360],[-71.072780,42.3446420],[-71.07263399999999,42.3446790],[-71.0726090,42.3446270],[-71.0725760,42.3446350],[-71.0725580,42.3445950],[-71.07259000000001,42.3445860],[-71.0725130,42.3444280],[-71.0726560,42.344390]]],"type":"Polygon"},"id":6784,"properties":{"bra_use":"CM","foots_1003":"11784","gm_layer":"Unknown Area Type","gm_type":"Unknown Area Type","layer":"Unknown Area Type","lnduse":"CM","name":"","objectid_1":"12372","parcel_id":"400213000","story_ht_":"0"},"type":"Feature"}
,{"geometry":{"coordinates":[[[-71.0720530,42.3440130],[-71.0720190,42.3439380],[-71.0720290,42.3439190],[-71.0723690,42.343740],[-71.0725190,42.3438940]]],"type":"Polygon"},"id":6785,"properties":{"bra_use":"CM","foots_1003":"11785","gm_layer":"Unknown Area Type","gm_type":"Unknown Area Type","layer":"Unknown Area Type","lnduse":"CM","name":"","objectid_1":"12373","parcel_id":"400218000","story_ht_":"0"},"type":"Feature"}
,{"geometry":{"coordinates":[[[-71.0721250,42.3462870],[-71.07201499999999,42.3463170],[-71.0719720,42.3462330],[-71.07208300000001,42.3462020]]],"type":"Polygon"},"id":6939,"properties":{"bra_use":"CM","foots_1003":"11939","gm_layer":"Unknown Area Type","gm_type":"Unknown Area Type","layer":"Unknown Area Type","lnduse":"CM","name":"","objectid_1":"14399","parcel_id":"500958000","story_ht_":"0"},"type":"Feature"}
,{"geometry":{"coordinates":[[[-71.071850,42.3463610],[-71.0717880,42.3463780],[-71.07174600000001,42.3462930],[-71.071810,42.3462770]]],"type":"Polygon"},"id":6943,"properties":{"bra_use":"CM","foots_1003":"11943","gm_layer":"Unknown Area Type","gm_type":"Unknown Area Type","layer":"Unknown Area Type","lnduse":"CM","name":"","objectid_1":"14403","parcel_id":"500963000","story_ht_":"0"},"type":"Feature"}
,{"geometry":{"coordinates":[[[-71.0728120,42.3461960],[-71.0728360,42.3461890],[-71.0728410,42.346180],[-71.0728620,42.3461730],[-71.0728730,42.3461790],[-71.07288200000001,42.3461760],[-71.07289299999999,42.3461980],[-71.0729080,42.3462020],[-71.07291600000001,42.3462170],[-71.0729080,42.3462320],[-71.0729540,42.3463310],[-71.0729420,42.346340],[-71.0729250,42.3463460],[-71.0729120,42.3463410],[-71.07290999999999,42.3463380],[-71.0728830,42.3463440],[-71.07283200000001,42.3462430]]],"type":"Polygon"},"id":6955,"properties":{"bra_use":"CM","foots_1003":"11955","gm_layer":"Unknown Area Type","gm_type":"Unknown Area Type","layer":"Unknown Area Type","lnduse":"CM","name":"","objectid_1":"14415","parcel_id":"500977000","story_ht_":"0"},"type":"Feature"}
,{"geometry":{"coordinates":[[[-71.07281999999999,42.346360],[-71.072810,42.3463640],[-71.0728120,42.3463710],[-71.0728060,42.3463780],[-71.072790,42.3463840],[-71.07277600000001,42.3463780],[-71.0727740,42.3463740],[-71.07274700000001,42.346380],[-71.0726940,42.3462810],[-71.07277000000001,42.346260]]],"type":"Polygon"},"id":6957,"properties":{"bra_use":"CM","foots_1003":"11957","gm_layer":"Unknown Area Type","gm_type":"Unknown Area Type","layer":"Unknown Area Type","lnduse":"CM","name":"","objectid_1":"14417","parcel_id":"500979000","story_ht_":"0"},"type":"Feature"}
,{"geometry":{"coordinates":[[[-71.0726470,42.3464090],[-71.072650,42.3464150],[-71.07264499999999,42.3464220],[-71.07262400000001,42.3464270],[-71.07261699999999,42.3464230],[-71.0726140,42.3464190],[-71.0726110,42.3464190],[-71.0725580,42.3463160],[-71.07261699999999,42.3463020],[-71.0726730,42.3464020]]],"type":"Polygon"},"id":6958,"properties":{"bra_use":"CM","foots_1003":"11958","gm_layer":"Unknown Area Type","gm_type":"Unknown Area Type","layer":"Unknown Area Type","lnduse":"CM","name":"","objectid_1":"14418","parcel_id":"500979000","story_ht_":"0"},"type":"Feature"}
,{"geometry":{"coordinates":[[[-71.07274099999999,42.3463830],[-71.0727450,42.346390],[-71.07273499999999,42.3463960],[-71.072720,42.3464020],[-71.0727090,42.3463980],[-71.0727050,42.3463930],[-71.0726730,42.3464020],[-71.07261699999999,42.3463020],[-71.0726940,42.3462810],[-71.07274700000001,42.346380]]],"type":"Polygon"},"id":6959,"properties":{"bra_use":"CM","foots_1003":"11959","gm_layer":"Unknown Area Type","gm_type":"Unknown Area Type","layer":"Unknown Area Type","lnduse":"CM","name":"","objectid_1":"14419","parcel_id":"500979000","story_ht_":"0"},"type":"Feature"}
,{"geometry":{"coordinates":[[[-71.07258400000001,42.3464250],[-71.0725850,42.3464310],[-71.07257799999999,42.3464390],[-71.07256099999999,42.3464420],[-71.07255600000001,42.3464410],[-71.0725520,42.3464340],[-71.0725490,42.3464350],[-71.0725030,42.3463330],[-71.0725580,42.3463160],[-71.0726110,42.3464190]]],"type":"Polygon"},"id":6960,"properties":{"bra_use":"CM","foots_1003":"11960","gm_layer":"Unknown Area Type","gm_type":"Unknown Area Type","layer":"Unknown Area Type","lnduse":"CM","name":"","objectid_1":"14420","parcel_id":"500982000","story_ht_":"0"},"type":"Feature"}
,{"geometry":{"coordinates":[[[-71.0725070,42.3469330],[-71.0725290,42.3469770],[-71.07240,42.3470090],[-71.0723780,42.3469670]]],"type":"Polygon"},"id":6961,"properties":{"bra_use":"CM","foots_1003":"11961","gm_layer":"Unknown Area Type","gm_type":"Unknown Area Type","layer":"Unknown Area Type","lnduse":"CM","name":"","objectid_1":"14473","parcel_id":"501039000","story_ht_":"0"},"type":"Feature"}
,{"geometry":{"coordinates":[[[-71.0731930,42.346930],[-71.0732130,42.3469730],[-71.0732390,42.3469610],[-71.0732570,42.3470010],[-71.0732440,42.3470040],[-71.0733190,42.3471550],[-71.0733810,42.3471960],[-71.0733190,42.3472430],[-71.0733010,42.3472320],[-71.0731770,42.3473320],[-71.0731310,42.3473320],[-71.0730970,42.3473090],[-71.0730990,42.3472730],[-71.07312400000001,42.3472440],[-71.07299500000001,42.3469820]]],"type":"Polygon"},"id":6968,"properties":{"bra_use":"CM","foots_1003":"11968","gm_layer":"Unknown Area Type","gm_type":"Unknown Area Type","layer":"Unknown Area Type","lnduse":"CM","name":"","objectid_1":"14480","parcel_id":"501048000","story_ht_":"0"},"type":"Feature"}
,{"geometry":{"coordinates":[[[-71.07294899999999,42.3471650],[-71.0730020,42.347150],[-71.0730430,42.3472340],[-71.07281999999999,42.3472950],[-71.0727780,42.3472080],[-71.07281399999999,42.34720]]],"type":"Polygon"},"id":6969,"properties":{"bra_use":"CM","foots_1003":"11969","gm_layer":"Unknown Area Type","gm_type":"Unknown Area Type","layer":"Unknown Area Type","lnduse":"CM","name":"","objectid_1":"14481","parcel_id":"501052000","story_ht_":"0"},"type":"Feature"}
,{"geometry":{"coordinates":[[[-71.0727270,42.3470220],[-71.07270200000001,42.3469740],[-71.0728360,42.3469380],[-71.07286000000001,42.3469850]]],"type":"Polygon"},"id":6973,"properties":{"bra_use":"CM","foots_1003":"11973","gm_layer":"Unknown Area Type","gm_type":"Unknown Area Type","layer":"Unknown Area Type","lnduse":"CM","name":"","objectid_1":"14485","parcel_id":"501057000","story_ht_":"0"},"type":"Feature"}
,{"geometry":{"coordinates":[[[-71.0729070,42.3466510],[-71.0728830,42.3466010],[-71.0730330,42.3465580],[-71.0730580,42.3466090]]],"type":"Polygon"},"id":6978,"properties":{"bra_use":"CM","foots_1003":"11978","gm_layer":"Unknown Area Type","gm_type":"Unknown Area Type","layer":"Unknown Area Type","lnduse":"CM","name":"","objectid_1":"14490","parcel_id":"501063000","story_ht_":"0"},"type":"Feature"}
,{"geometry":{"coordinates":[[[-71.07285400000001,42.3465440],[-71.07300600000001,42.3465030],[-71.0730330,42.3465580],[-71.0728830,42.3466010]]],"type":"Polygon"},"id":6979,"properties":{"bra_use":"CM","foots_1003":"11979","gm_layer":"Unknown Area Type","gm_type":"Unknown Area Type","layer":"Unknown Area Type","lnduse":"CM","name":"","objectid_1":"14491","parcel_id":"501063000","story_ht_":"0"},"type":"Feature"}
,{"geometry":{"coordinates":[[[-71.07293199999999,42.3467030],[-71.0729070,42.3466510],[-71.0730580,42.3466090],[-71.07308399999999,42.3466610]]],"type":"Polygon"},"id":6980,"properties":{"bra_use":"CM","foots_1003":"11980","gm_layer":"Unknown Area Type","gm_type":"Unknown Area Type","layer":"Unknown Area Type","lnduse":"CM","name":"","objectid_1":"14492","parcel_id":"501065000","story_ht_":"0"},"type":"Feature"}
,{"geometry":{"coordinates":[[[-71.0725230,42.3464420],[-71.0725250,42.3464460],[-71.072520,42.3464530],[-71.0725040,42.3464580],[-71.0724920,42.3464550],[-71.072490,42.3464520],[-71.07248800000001,42.3464520],[-71.072440,42.346350],[-71.0725030,42.3463330],[-71.0725490,42.3464350]]],"type":"Polygon"},"id":8726,"properties":{"bra_use":"CM","foots_1003":"13731","gm_layer":"Unknown Area Type","gm_type":"Unknown Area Type","layer":"Unknown Area Type","lnduse":"CM","name":"","objectid_1":"14421","parcel_id":"500983000","story_ht_":"0"},"type":"Feature"}
,{"geometry":{"coordinates":[[[-71.07219499999999,42.3464130],[-71.0722450,42.3465170],[-71.0722360,42.346520],[-71.0722360,42.3465270],[-71.0722340,42.3465330],[-71.0722160,42.3465380],[-71.0722080,42.3465340],[-71.0722050,42.3465270],[-71.0721860,42.3465330],[-71.0721360,42.346430]]],"type":"Polygon"},"id":8731,"properties":{"bra_use":"CM","foots_1003":"13736","gm_layer":"Unknown Area Type","gm_type":"Unknown Area Type","layer":"Unknown Area Type","lnduse":"CM","name":"","objectid_1":"14426","parcel_id":"500988000","story_ht_":"0"},"type":"Feature"}
,{"geometry":{"coordinates":[[[-71.0720060,42.3465810],[-71.0719960,42.3465830],[-71.07199900000001,42.3465910],[-71.0719960,42.3465980],[-71.0719790,42.3466030],[-71.0719690,42.3466010],[-71.07196399999999,42.3465920],[-71.07194699999999,42.3465970],[-71.07190300000001,42.3464930],[-71.0719560,42.3464790]]],"type":"Polygon"},"id":8735,"properties":{"bra_use":"CM","foots_1003":"13740","gm_layer":"Unknown Area Type","gm_type":"Unknown Area Type","layer":"Unknown Area Type","lnduse":"CM","name":"","objectid_1":"14430","parcel_id":"500992000","story_ht_":"0"},"type":"Feature"}
,{"geometry":{"coordinates":[[[-71.07194699999999,42.3465970],[-71.07193100000001,42.34660],[-71.0719350,42.3466090],[-71.071930,42.3466160],[-71.07191400000001,42.3466220],[-71.0719040,42.3466160],[-71.0718990,42.3466080],[-71.0718870,42.3466120],[-71.071840,42.3465110],[-71.07190300000001,42.3464930]]],"type":"Polygon"},"id":8736,"properties":{"bra_use":"CM","foots_1003":"13741","gm_layer":"Unknown Area Type","gm_type":"Unknown Area Type","layer":"Unknown Area Type","lnduse":"CM","name":"","objectid_1":"14431","parcel_id":"500992100","story_ht_":"0"},"type":"Feature"}
,{"geometry":{"coordinates":[[[-71.0718280,42.3466270],[-71.071810,42.3466320],[-71.07181300000001,42.346640],[-71.0718090,42.3466470],[-71.0717940,42.3466510],[-71.07178500000001,42.3466470],[-71.071780,42.346640],[-71.07176800000001,42.3466430],[-71.0717190,42.3465430],[-71.0717810,42.3465270]]],"type":"Polygon"},"id":8738,"properties":{"bra_use":"CM","foots_1003":"13743","gm_layer":"Unknown Area Type","gm_type":"Unknown Area Type","layer":"Unknown Area Type","lnduse":"CM","name":"","objectid_1":"14433","parcel_id":"500994000","story_ht_":"0"},"type":"Feature"}
,{"geometry":{"coordinates":[[[-71.07147000000001,42.3467230],[-71.071330,42.3467650],[-71.0712810,42.3466630],[-71.0714210,42.3466250]]],"type":"Polygon"},"id":8744,"properties":{"bra_use":"CM","foots_1003":"13749","gm_layer":"Unknown Area Type","gm_type":"Unknown Area Type","layer":"Unknown Area Type","lnduse":"CM","name":"","objectid_1":"14439","parcel_id":"501000000","story_ht_":"0"},"type":"Feature"}
,{"geometry":{"coordinates":[[[-71.0713150,42.3470410],[-71.0711630,42.3470780],[-71.071130,42.3470110],[-71.0713380,42.3469540],[-71.0713420,42.3469590],[-71.07134600000001,42.3469580],[-71.07138000000001,42.3470230]]],"type":"Polygon"},"id":8749,"properties":{"bra_use":"CM","foots_1003":"13754","gm_layer":"Unknown Area Type","gm_type":"Unknown Area Type","layer":"Unknown Area Type","lnduse":"CM","name":"","objectid_1":"14444","parcel_id":"501007000","story_ht_":"0"},"type":"Feature"}
,{"geometry":{"coordinates":[[[-71.0713380,42.3470950],[-71.07135599999999,42.347090],[-71.0713870,42.3471510],[-71.07122099999999,42.3471950],[-71.0711920,42.3471350]]],"type":"Polygon"},"id":8750,"properties":{"bra_use":"CM","foots_1003":"13755","gm_layer":"Unknown Area Type","gm_type":"Unknown Area Type","layer":"Unknown Area Type","lnduse":"CM","name":"","objectid_1":"14445","parcel_id":"501007000","story_ht_":"0"},"type":"Feature"}
,{"geometry":{"coordinates":[[[-71.0713380,42.3470950],[-71.0711920,42.3471350],[-71.0711630,42.3470780],[-71.07131099999999,42.3470420]]],"type":"Polygon"},"id":8751,"properties":{"bra_use":"CM","foots_1003":"13756","gm_layer":"Unknown Area Type","gm_type":"Unknown Area Type","layer":"Unknown Area Type","lnduse":"CM","name":"","objectid_1":"14446","parcel_id":"501007000","story_ht_":"0"},"type":"Feature"}
,{"geometry":{"coordinates":[[[-71.0712520,42.3472550],[-71.07122099999999,42.3471950],[-71.0713870,42.3471510],[-71.0714170,42.347210]]],"type":"Polygon"},"id":8752,"properties":{"bra_use":"CM","foots_1003":"13757","gm_layer":"Unknown Area Type","gm_type":"Unknown Area Type","layer":"Unknown Area Type","lnduse":"CM","name":"","objectid_1":"14447","parcel_id":"501007000","story_ht_":"0"},"type":"Feature"}
,{"geometry":{"coordinates":[[[-71.07134600000001,42.3469580],[-71.0714330,42.3469340],[-71.0714940,42.3470610],[-71.071410,42.3470850],[-71.07138000000001,42.3470230]]],"type":"Polygon"},"id":8753,"properties":{"bra_use":"CM","foots_1003":"13758","gm_layer":"Unknown Area Type","gm_type":"Unknown Area Type","layer":"Unknown Area Type","lnduse":"CM","name":"","objectid_1":"14448","parcel_id":"501007000","story_ht_":"0"},"type":"Feature"}
,{"geometry":{"coordinates":[[[-71.0715690,42.347040],[-71.0714940,42.3470610],[-71.0714330,42.3469340],[-71.0715110,42.3469130],[-71.0715210,42.3469330]]],"type":"Polygon"},"id":8754,"properties":{"bra_use":"CM","foots_1003":"13759","gm_layer":"Unknown Area Type","gm_type":"Unknown Area Type","layer":"Unknown Area Type","lnduse":"CM","name":"","objectid_1":"14449","parcel_id":"501007000","story_ht_":"0"},"type":"Feature"}
,{"geometry":{"coordinates":[[[-71.0717160,42.347130],[-71.0716990,42.3470910],[-71.0718670,42.3470470],[-71.0718850,42.3470860]]],"type":"Polygon"},"id":8759,"properties":{"bra_use":"CM","foots_1003":"13764","gm_layer":"Unknown Area Type","gm_type":"Unknown Area Type","layer":"Unknown Area Type","lnduse":"CM","name":"","objectid_1":"14454","parcel_id":"501012000","story_ht_":"0"},"type":"Feature"}
,{"geometry":{"coordinates":[[[-71.0721970,42.3468680],[-71.0721940,42.3468580],[-71.07213900000001,42.3467540],[-71.07226900000001,42.3467170],[-71.07232500000001,42.3468310]]],"type":"Polygon"},"id":8773,"properties":{"bra_use":"CM","foots_1003":"13778","gm_layer":"Unknown Area Type","gm_type":"Unknown Area Type","layer":"Unknown Area Type","lnduse":"CM","name":"","objectid_1":"14468","parcel_id":"501032000","story_ht_":"0"},"type":"Feature"}
,{"geometry":{"coordinates":[[[-71.0720560,42.3468980],[-71.07199900000001,42.3467940],[-71.07213900000001,42.3467540],[-71.0721940,42.3468580]]],"type":"Polygon"},"id":8774,"properties":{"bra_use":"CM","foots_1003":"13779","gm_layer":"Unknown Area Type","gm_type":"Unknown Area Type","layer":"Unknown Area Type","lnduse":"CM","name":"","objectid_1":"14469","parcel_id":"501032000","story_ht_":"0"},"type":"Feature"}
,{"geometry":{"coordinates":[[[-71.0724020,42.346680],[-71.07246000000001,42.3467930],[-71.07239300000001,42.3468110],[-71.0723340,42.3466980]]],"type":"Polygon"},"id":8776,"properties":{"bra_use":"CM","foots_1003":"13781","gm_layer":"Unknown Area Type","gm_type":"Unknown Area Type","layer":"Unknown Area Type","lnduse":"CM","name":"","objectid_1":"14471","parcel_id":"501037000","story_ht_":"0"},"type":"Feature"}
,{"geometry":{"coordinates":[[[-71.0697320,42.346190],[-71.0697490,42.3461860],[-71.06983700000001,42.3463680],[-71.06970,42.3464040],[-71.0696420,42.3462890],[-71.0696820,42.3462210],[-71.069660,42.3461780],[-71.06971900000001,42.3461630]]],"type":"Polygon"},"id":8787,"properties":{"bra_use":"E","foots_1003":"13792","gm_layer":"Unknown Area Type","gm_type":"Unknown Area Type","layer":"Unknown Area Type","lnduse":"E","name":"","objectid_1":"14199","parcel_id":"500691000","story_ht_":"0"},"type":"Feature"}
,{"geometry":{"coordinates":[[[-71.07041700000001,42.3465910],[-71.070240,42.3466390],[-71.0701510,42.346460],[-71.0704920,42.3463670],[-71.07058000000001,42.3465470]]],"type":"Polygon"},"id":8790,"properties":{"bra_use":"CM","foots_1003":"13795","gm_layer":"Unknown Area Type","gm_type":"Unknown Area Type","layer":"Unknown Area Type","lnduse":"CM","name":"","objectid_1":"14202","parcel_id":"500697000","story_ht_":"0"},"type":"Feature"}
,{"geometry":{"coordinates":[[[-71.0705540,42.3451780],[-71.0704090,42.3451620],[-71.070410,42.3451510],[-71.0703470,42.3451430],[-71.0703560,42.3450950],[-71.070420,42.34510],[-71.0704270,42.3450550],[-71.0704990,42.3450630],[-71.07050099999999,42.3450660]]],"type":"Polygon"},"id":8865,"properties":{"bra_use":"A","foots_1003":"13870","gm_layer":"Unknown Area Type","gm_type":"Unknown Area Type","layer":"Unknown Area Type","lnduse":"E","name":"","objectid_1":"14277","parcel_id":"500815000","story_ht_":"0"},"type":"Feature"}
,{"geometry":{"coordinates":[[[-71.0715890,42.3453210],[-71.07153700000001,42.3452180],[-71.0715970,42.3452010],[-71.0716470,42.3453050]]],"type":"Polygon"},"id":8879,"properties":{"bra_use":"CM","foots_1003":"13884","gm_layer":"Unknown Area Type","gm_type":"Unknown Area Type","layer":"Unknown Area Type","lnduse":"CM","name":"","objectid_1":"14291","parcel_id":"500836000","story_ht_":"0"},"type":"Feature"}
,{"geometry":{"coordinates":[[[-71.0716470,42.3453050],[-71.0715970,42.3452010],[-71.07165999999999,42.3451840],[-71.071710,42.3452880]]],"type":"Polygon"},"id":8880,"properties":{"bra_use":"CM","foots_1003":"13885","gm_layer":"Unknown Area Type","gm_type":"Unknown Area Type","layer":"Unknown Area Type","lnduse":"CM","name":"","objectid_1":"14292","parcel_id":"500837000","story_ht_":"0"},"type":"Feature"}
,{"geometry":{"coordinates":[[[-71.0718960,42.3452390],[-71.0718440,42.3451350],[-71.07191400000001,42.3451170],[-71.071960,42.345220]]],"type":"Polygon"},"id":8884,"properties":{"bra_use":"CM","foots_1003":"13889","gm_layer":"Unknown Area Type","gm_type":"Unknown Area Type","layer":"Unknown Area Type","lnduse":"CM","name":"","objectid_1":"14296","parcel_id":"500841000","story_ht_":"0"},"type":"Feature"}
,{"geometry":{"coordinates":[[[-71.0720950,42.3451860],[-71.0720410,42.3450820],[-71.0721590,42.345050],[-71.07221199999999,42.3451530]]],"type":"Polygon"},"id":8887,"properties":{"bra_use":"CM","foots_1003":"13892","gm_layer":"Unknown Area Type","gm_type":"Unknown Area Type","layer":"Unknown Area Type","lnduse":"CM","name":"","objectid_1":"14299","parcel_id":"500844000","story_ht_":"0"},"type":"Feature"}
,{"geometry":{"coordinates":[[[-71.0721590,42.345050],[-71.0722280,42.3450310],[-71.07227399999999,42.3451370],[-71.07221199999999,42.3451530]]],"type":"Polygon"},"id":8888,"properties":{"bra_use":"CM","foots_1003":"13893","gm_layer":"Unknown Area Type","gm_type":"Unknown Area Type","layer":"Unknown Area Type","lnduse":"CM","name":"","objectid_1":"14300","parcel_id":"500846000","story_ht_":"0"},"type":"Feature"}
,{"geometry":{"coordinates":[[[-71.0722280,42.3450310],[-71.0723150,42.3450090],[-71.0723850,42.3451530],[-71.0722980,42.3451780],[-71.0722760,42.3451360],[-71.07227399999999,42.3451370]]],"type":"Polygon"},"id":8889,"properties":{"bra_use":"CM","foots_1003":"13894","gm_layer":"Unknown Area Type","gm_type":"Unknown Area Type","layer":"Unknown Area Type","lnduse":"CM","name":"","objectid_1":"14301","parcel_id":"500847000","story_ht_":"0"},"type":"Feature"}
,{"geometry":{"coordinates":[[[-71.0722610,42.3452350],[-71.07230199999999,42.3453120],[-71.0722170,42.3453340],[-71.0721810,42.3452560]]],"type":"Polygon"},"id":8891,"properties":{"bra_use":"CM","foots_1003":"13896","gm_layer":"Unknown Area Type","gm_type":"Unknown Area Type","layer":"Unknown Area Type","lnduse":"CM","name":"","objectid_1":"14303","parcel_id":"500849000","story_ht_":"0"},"type":"Feature"}
,{"geometry":{"coordinates":[[[-71.0720920,42.3452880],[-71.0720870,42.3452810],[-71.0721810,42.3452560],[-71.0722170,42.3453340],[-71.0721250,42.3453580]]],"type":"Polygon"},"id":8892,"properties":{"bra_use":"CM","foots_1003":"13897","gm_layer":"Unknown Area Type","gm_type":"Unknown Area Type","layer":"Unknown Area Type","lnduse":"CM","name":"","objectid_1":"14304","parcel_id":"500850000","story_ht_":"0"},"type":"Feature"}
,{"geometry":{"coordinates":[[[-71.0721250,42.3453580],[-71.0720560,42.3453770],[-71.0720190,42.3453080],[-71.0720920,42.3452880]]],"type":"Polygon"},"id":8893,"properties":{"bra_use":"CM","foots_1003":"13898","gm_layer":"Unknown Area Type","gm_type":"Unknown Area Type","layer":"Unknown Area Type","lnduse":"CM","name":"","objectid_1":"14305","parcel_id":"500851000","story_ht_":"0"},"type":"Feature"}
,{"geometry":{"coordinates":[[[-71.0709660,42.345670],[-71.07092299999999,42.3455790],[-71.07099100000001,42.3455620],[-71.0709810,42.3455430],[-71.0710290,42.345530],[-71.0710380,42.3455490],[-71.0711860,42.3455120],[-71.07122699999999,42.3456030]]],"type":"Polygon"},"id":8905,"properties":{"bra_use":"CM","foots_1003":"13910","gm_layer":"Unknown Area Type","gm_type":"Unknown Area Type","layer":"Unknown Area Type","lnduse":"CM","name":"","objectid_1":"14317","parcel_id":"500864000","story_ht_":"0"},"type":"Feature"}
,{"geometry":{"coordinates":[[[-71.07121600000001,42.3457780],[-71.07115899999999,42.3457930],[-71.0711220,42.3457170],[-71.0711810,42.3457010]]],"type":"Polygon"},"id":8909,"properties":{"bra_use":"CM","foots_1003":"13914","gm_layer":"Unknown Area Type","gm_type":"Unknown Area Type","layer":"Unknown Area Type","lnduse":"CM","name":"","objectid_1":"14321","parcel_id":"500869000","story_ht_":"0"},"type":"Feature"}
,{"geometry":{"coordinates":[[[-71.07213900000001,42.3455180],[-71.0721090,42.3454520],[-71.0721750,42.3454340],[-71.07220700000001,42.3454990]]],"type":"Polygon"},"id":8925,"properties":{"bra_use":"CM","foots_1003":"13930","gm_layer":"Unknown Area Type","gm_type":"Unknown Area Type","layer":"Unknown Area Type","lnduse":"CM","name":"","objectid_1":"14337","parcel_id":"500885000","story_ht_":"0"},"type":"Feature"}
,{"geometry":{"coordinates":[[[-71.0725470,42.3456320],[-71.0724860,42.3456490],[-71.07243800000001,42.345550],[-71.0724910,42.3455350]]],"type":"Polygon"},"id":8929,"properties":{"bra_use":"CM","foots_1003":"13934","gm_layer":"Unknown Area Type","gm_type":"Unknown Area Type","layer":"Unknown Area Type","lnduse":"CM","name":"","objectid_1":"14341","parcel_id":"500889000","story_ht_":"0"},"type":"Feature"}
,{"geometry":{"coordinates":[[[-71.0725470,42.3456320],[-71.0724910,42.3455350],[-71.0725570,42.3455170],[-71.07259999999999,42.3456170]]],"type":"Polygon"},"id":8930,"properties":{"bra_use":"CM","foots_1003":"13935","gm_layer":"Unknown Area Type","gm_type":"Unknown Area Type","layer":"Unknown Area Type","lnduse":"CM","name":"","objectid_1":"14342","parcel_id":"500889000","story_ht_":"0"},"type":"Feature"}
,{"geometry":{"coordinates":[[[-71.0724250,42.3456650],[-71.0723660,42.3456820],[-71.0723180,42.3455830],[-71.0723770,42.3455670]]],"type":"Polygon"},"id":8932,"properties":{"bra_use":"CM","foots_1003":"13937","gm_layer":"Unknown Area Type","gm_type":"Unknown Area Type","layer":"Unknown Area Type","lnduse":"CM","name":"","objectid_1":"14344","parcel_id":"500891000","story_ht_":"0"},"type":"Feature"}
,{"geometry":{"coordinates":[[[-71.0723660,42.3456820],[-71.0723050,42.3456990],[-71.07225800000001,42.3455990],[-71.0723180,42.3455830]]],"type":"Polygon"},"id":8933,"properties":{"bra_use":"CM","foots_1003":"13938","gm_layer":"Unknown Area Type","gm_type":"Unknown Area Type","layer":"Unknown Area Type","lnduse":"CM","name":"","objectid_1":"14345","parcel_id":"500892000","story_ht_":"0"},"type":"Feature"}
,{"geometry":{"coordinates":[[[-71.07230300000001,42.34570],[-71.07229700000001,42.3457080],[-71.0722770,42.3457140],[-71.07226300000001,42.3457110],[-71.072260,42.3457050],[-71.0722380,42.3457110],[-71.0721870,42.3456060],[-71.0722490,42.3455880],[-71.0722550,42.34560],[-71.07225800000001,42.3455990],[-71.0723050,42.3456990]]],"type":"Polygon"},"id":8934,"properties":{"bra_use":"CM","foots_1003":"13939","gm_layer":"Unknown Area Type","gm_type":"Unknown Area Type","layer":"Unknown Area Type","lnduse":"CM","name":"","objectid_1":"14346","parcel_id":"500893000","story_ht_":"0"},"type":"Feature"}
,{"geometry":{"coordinates":[[[-71.0718820,42.3458040],[-71.07181799999999,42.3458210],[-71.0717710,42.3457180],[-71.0718330,42.3457020]]],"type":"Polygon"},"id":8940,"properties":{"bra_use":"CM","foots_1003":"13945","gm_layer":"Unknown Area Type","gm_type":"Unknown Area Type","layer":"Unknown Area Type","lnduse":"CM","name":"","objectid_1":"14352","parcel_id":"500900000","story_ht_":"0"},"type":"Feature"}
,{"geometry":{"coordinates":[[[-71.0715970,42.3458820],[-71.07158200000001,42.3458860],[-71.0715840,42.3458920],[-71.07157700000001,42.3459010],[-71.0715580,42.3459040],[-71.0715470,42.3459020],[-71.07154300000001,42.3458960],[-71.07153099999999,42.3458970],[-71.0714880,42.3458030],[-71.0714840,42.3457970],[-71.07154300000001,42.345780]]],"type":"Polygon"},"id":8945,"properties":{"bra_use":"CM","foots_1003":"13950","gm_layer":"Unknown Area Type","gm_type":"Unknown Area Type","layer":"Unknown Area Type","lnduse":"CM","name":"","objectid_1":"14357","parcel_id":"500905000","story_ht_":"0"},"type":"Feature"}
,{"geometry":{"coordinates":[[[-71.07124399999999,42.3459690],[-71.0712460,42.3459740],[-71.071240,42.3459810],[-71.0712230,42.3459860],[-71.0712120,42.3459830],[-71.07120999999999,42.3459780],[-71.0711870,42.3459830],[-71.07114300000001,42.3458930],[-71.07119899999999,42.3458780],[-71.07124500000001,42.3459690]]],"type":"Polygon"},"id":8951,"properties":{"bra_use":"CM","foots_1003":"13956","gm_layer":"Unknown Area Type","gm_type":"Unknown Area Type","layer":"Unknown Area Type","lnduse":"CM","name":"","objectid_1":"14363","parcel_id":"500911000","story_ht_":"0"},"type":"Feature"}
,{"geometry":{"coordinates":[[[-71.0711870,42.3459830],[-71.0711850,42.3459830],[-71.0711870,42.345990],[-71.07118199999999,42.3459960],[-71.0711670,42.3460010],[-71.0711560,42.3459980],[-71.0711520,42.345990],[-71.0711280,42.3459990],[-71.0710830,42.3459080],[-71.07114300000001,42.3458930]]],"type":"Polygon"},"id":8952,"properties":{"bra_use":"CM","foots_1003":"13957","gm_layer":"Unknown Area Type","gm_type":"Unknown Area Type","layer":"Unknown Area Type","lnduse":"CM","name":"","objectid_1":"14364","parcel_id":"500912000","story_ht_":"0"},"type":"Feature"}
,{"geometry":{"coordinates":[[[-71.07083900000001,42.3463330],[-71.070830,42.3463120],[-71.07080999999999,42.3463080],[-71.0708030,42.3462880],[-71.0708130,42.3462780],[-71.0711240,42.3461940],[-71.07114799999999,42.346250]]],"type":"Polygon"},"id":8953,"properties":{"bra_use":"CM","foots_1003":"13958","gm_layer":"Unknown Area Type","gm_type":"Unknown Area Type","layer":"Unknown Area Type","lnduse":"CM","name":"","objectid_1":"14365","parcel_id":"500916000","story_ht_":"0"},"type":"Feature"}
,{"geometry":{"coordinates":[[[-71.0713370,42.346250],[-71.071280,42.3462660],[-71.0712410,42.3461750],[-71.0712940,42.3461610]]],"type":"Polygon"},"id":8956,"properties":{"bra_use":"CM","foots_1003":"13961","gm_layer":"Unknown Area Type","gm_type":"Unknown Area Type","layer":"Unknown Area Type","lnduse":"CM","name":"","objectid_1":"14368","parcel_id":"500919000","story_ht_":"0"},"type":"Feature"}
,{"geometry":{"coordinates":[[[-71.0715630,42.3461890],[-71.07145199999999,42.3462190],[-71.07140699999999,42.3461310],[-71.07152000000001,42.34610]]],"type":"Polygon"},"id":8959,"properties":{"bra_use":"CM","foots_1003":"13964","gm_layer":"Unknown Area Type","gm_type":"Unknown Area Type","layer":"Unknown Area Type","lnduse":"CM","name":"","objectid_1":"14371","parcel_id":"500923000","story_ht_":"0"},"type":"Feature"}
,{"geometry":{"coordinates":[[[-71.0717420,42.346040],[-71.0717870,42.3461280],[-71.07172799999999,42.3461440],[-71.0716850,42.3460560]]],"type":"Polygon"},"id":8963,"properties":{"bra_use":"CM","foots_1003":"13968","gm_layer":"Unknown Area Type","gm_type":"Unknown Area Type","layer":"Unknown Area Type","lnduse":"CM","name":"","objectid_1":"14375","parcel_id":"500927000","story_ht_":"0"},"type":"Feature"}
,{"geometry":{"coordinates":[[[-71.07190,42.3460980],[-71.0718420,42.3461130],[-71.07180,42.3460240],[-71.07185699999999,42.3460080]]],"type":"Polygon"},"id":8965,"properties":{"bra_use":"CM","foots_1003":"13970","gm_layer":"Unknown Area Type","gm_type":"Unknown Area Type","layer":"Unknown Area Type","lnduse":"CM","name":"","objectid_1":"14377","parcel_id":"500929000","story_ht_":"0"},"type":"Feature"}
,{"geometry":{"coordinates":[[[-71.0726220,42.3459030],[-71.0725650,42.3459160],[-71.0725230,42.3458290],[-71.0725760,42.3458140]]],"type":"Polygon"},"id":8974,"properties":{"bra_use":"CM","foots_1003":"13979","gm_layer":"Unknown Area Type","gm_type":"Unknown Area Type","layer":"Unknown Area Type","lnduse":"CM","name":"","objectid_1":"14386","parcel_id":"500942000","story_ht_":"0"},"type":"Feature"}
]}