{"type": "FeatureCollection", "features": [{"geometry":{"coordinates":[[[-71.0630730,42.378030],[-71.06307700000001,42.3780260],[-71.0630630,42.3780190],[-71.0630840,42.3779930],[-71.06309899999999,42.3779990],[-71.06313299999999,42.3779580],[-71.0632610,42.3780210],[-71.06320,42.3780890]]],"type":"Polygon"},"id":3056,"properties":{"bra_use":"R2","foots_1003":"6927","gm_layer":"Unknown Area Type","gm_type":"Unknown Area Type","layer":"Unknown Area Type","lnduse":"R2","name":"","objectid_1":"7321","parcel_id":"200196000","story_ht_":"2.5"},"type":"Feature"}
,{"geometry":{"coordinates":[[[-71.0625190,42.3784210],[-71.06247500000001,42.3784030],[-71.0625520,42.3782930],[-71.0625560,42.3782930],[-71.0625620,42.3782860],[-71.06260399999999,42.3783030]]],"type":"Polygon"},"id":3066,"properties":{"bra_use":"R1","foots_1003":"6937","gm_layer":"Unknown Area Type","gm_type":"Unknown Area Type","layer":"Unknown Area Type","lnduse":"R1","name":"","objectid_1":"7331","parcel_id":"200205000","story_ht_":"2.5"},"type":"Feature"}
,{"geometry":{"coordinates":[[[-71.0622810,42.3781940],[-71.0623240,42.3781410],[-71.0624160,42.3781840],[-71.0623930,42.3782080],[-71.06250900000001,42.3782620],[-71.062490,42.3782870]]],"type":"Polygon"},"id":3071,"properties":{"bra_use":"R2","foots_1003":"6942","gm_layer":"Unknown Area Type","gm_type":"Unknown Area Type","layer":"Unknown Area Type","lnduse":"R2","name":"","objectid_1":"7336","parcel_id":"200210000","story_ht_":"2.5"},"type":"Feature"}
,{"geometry":{"coordinates":[[[-71.063020,42.3789540],[-71.0630330,42.378940],[-71.0630480,42.3789460],[-71.06311700000001,42.3788670],[-71.0631210,42.3788640],[-71.0631640,42.3788830],[-71.0631260,42.3789260],[-71.0631040,42.3789490],[-71.0631010,42.3789530]]],"type":"Polygon"},"id":3115,"properties":{"bra_use":"RC","foots_1003":"6986","gm_layer":"Unknown Area Type","gm_type":"Unknown Area Type","layer":"Unknown Area Type","lnduse":"RC","name":"","objectid_1":"7380","parcel_id":"200262000","story_ht_":"2.5"},"type":"Feature"}
,{"geometry":{"coordinates":[[[-71.0640130,42.3768310],[-71.0641090,42.3768710],[-71.0640480,42.3769550],[-71.0639510,42.3769150]]],"type":"Polygon"},"id":3160,"properties":{"bra_use":"R1","foots_1003":"7041","gm_layer":"Unknown Area Type","gm_type":"Unknown Area Type","layer":"Unknown Area Type","lnduse":"R1","name":"","objectid_1":"7435","parcel_id":"200338000","story_ht_":"2.5"},"type":"Feature"}
,{"geometry":{"coordinates":[[[-71.063610,42.3771550],[-71.0635090,42.3771120],[-71.0636370,42.3769370],[-71.063740,42.376980]]],"type":"Polygon"},"id":3163,"properties":{"bra_use":"R4","foots_1003":"7044","gm_layer":"Unknown Area Type","gm_type":"Unknown Area Type","layer":"Unknown Area Type","lnduse":"R4","name":"","objectid_1":"7438","parcel_id":"200344010","story_ht_":"2.5"},"type":"Feature"}
,{"geometry":{"coordinates":[[[-71.063840,42.3767660],[-71.06391000000001,42.3767910],[-71.06386000000001,42.3768660],[-71.0638690,42.376870],[-71.06383200000001,42.3769190],[-71.0637890,42.3769060],[-71.0638210,42.3768590],[-71.0637840,42.3768470]]],"type":"Polygon"},"id":3191,"properties":{"bra_use":"R1","foots_1003":"7072","gm_layer":"Unknown Area Type","gm_type":"Unknown Area Type","layer":"Unknown Area Type","lnduse":"R1","name":"","objectid_1":"7466","parcel_id":"200382000","story_ht_":"2.5"},"type":"Feature"}
,{"geometry":{"coordinates":[[[-71.0604270,42.3781660],[-71.0604860,42.3780740],[-71.0605090,42.3780810],[-71.0605320,42.3780460],[-71.0606370,42.3780820],[-71.0606150,42.3781170],[-71.0606220,42.378120],[-71.0605640,42.3782130]]],"type":"Polygon"},"id":3702,"properties":{"bra_use":"R4","foots_1003":"8699","gm_layer":"Unknown Area Type","gm_type":"Unknown Area Type","layer":"Unknown Area Type","lnduse":"R4","name":"","objectid_1":"9148","parcel_id":"203056000","story_ht_":"2.5"},"type":"Feature"}
,{"geometry":{"coordinates":[[[-71.0611530,42.3774840],[-71.0612050,42.3773870],[-71.06139899999999,42.3774470],[-71.06136100000001,42.3775240],[-71.06128099999999,42.3775010],[-71.0612690,42.3775210]]],"type":"Polygon"},"id":3715,"properties":{"bra_use":"R1","foots_1003":"8712","gm_layer":"Unknown Area Type","gm_type":"Unknown Area Type","layer":"Unknown Area Type","lnduse":"R1","name":"","objectid_1":"9161","parcel_id":"203071000","story_ht_":"2.5"},"type":"Feature"}
,{"geometry":{"coordinates":[[[-71.0620340,42.3779640],[-71.0620030,42.3780010],[-71.0619160,42.3779610],[-71.06190100000001,42.3779790],[-71.0617980,42.3779320],[-71.0618460,42.3778750]]],"type":"Polygon"},"id":3028,"properties":{"bra_use":"R2","foots_1003":"6899","gm_layer":"Unknown Area Type","gm_type":"Unknown Area Type","layer":"Unknown Area Type","lnduse":"R2","name":"","objectid_1":"7293","parcel_id":"200164000","story_ht_":"2"},"type":"Feature"}
,{"geometry":{"coordinates":[[[-71.0618960,42.3778110],[-71.06194000000001,42.3777570],[-71.0620340,42.3778010],[-71.0620110,42.3778280],[-71.06205199999999,42.3778480],[-71.06202500000001,42.3778790],[-71.0619820,42.3778580],[-71.06198500000001,42.3778530]]],"type":"Polygon"},"id":3030,"properties":{"bra_use":"R2","foots_1003":"6901","gm_layer":"Unknown Area Type","gm_type":"Unknown Area Type","layer":"Unknown Area Type","lnduse":"R2","name":"","objectid_1":"7295","parcel_id":"200166000","story_ht_":"2"},"type":"Feature"}
,{"geometry":{"coordinates":[[[-71.062150,42.3775980],[-71.06209200000001,42.377570],[-71.0621530,42.37750],[-71.06220999999999,42.3775270]]],"type":"Polygon"},"id":3033,"properties":{"bra_use":"R1","foots_1003":"6904","gm_layer":"Unknown Area Type","gm_type":"Unknown Area Type","layer":"Unknown Area Type","lnduse":"R1","name":"","objectid_1":"7298","parcel_id":"200169000","story_ht_":"2"},"type":"Feature"}
,{"geometry":{"coordinates":[[[-71.06220999999999,42.3775270],[-71.0622690,42.3775550],[-71.06219400000001,42.3776440],[-71.06214799999999,42.3776220],[-71.0621630,42.3776040],[-71.062150,42.3775980]]],"type":"Polygon"},"id":3034,"properties":{"bra_use":"R1","foots_1003":"6905","gm_layer":"Unknown Area Type","gm_type":"Unknown Area Type","layer":"Unknown Area Type","lnduse":"R1","name":"","objectid_1":"7299","parcel_id":"200170000","story_ht_":"2"},"type":"Feature"}
,{"geometry":{"coordinates":[[[-71.0622910,42.3776660],[-71.06223300000001,42.3776380],[-71.062290,42.3775680],[-71.0623540,42.3775950]]],"type":"Polygon"},"id":3035,"properties":{"bra_use":"R1","foots_1003":"6906","gm_layer":"Unknown Area Type","gm_type":"Unknown Area Type","layer":"Unknown Area Type","lnduse":"R1","name":"","objectid_1":"7300","parcel_id":"200171000","story_ht_":"2"},"type":"Feature"}
,{"geometry":{"coordinates":[[[-71.062410,42.377620],[-71.0623530,42.3776940],[-71.0622910,42.3776660],[-71.0623540,42.3775950]]],"type":"Polygon"},"id":3036,"properties":{"bra_use":"R1","foots_1003":"6907","gm_layer":"Unknown Area Type","gm_type":"Unknown Area Type","layer":"Unknown Area Type","lnduse":"R1","name":"","objectid_1":"7301","parcel_id":"200172000","story_ht_":"2"},"type":"Feature"}
,{"geometry":{"coordinates":[[[-71.0622510,42.3778490],[-71.0622460,42.3778560],[-71.0621980,42.3778350],[-71.06225499999999,42.3777610],[-71.06240,42.3778240],[-71.06234600000001,42.377890]]],"type":"Polygon"},"id":3037,"properties":{"bra_use":"R1","foots_1003":"6908","gm_layer":"Unknown Area Type","gm_type":"Unknown Area Type","layer":"Unknown Area Type","lnduse":"R1","name":"","objectid_1":"7302","parcel_id":"200175000","story_ht_":"2"},"type":"Feature"}
,{"geometry":{"coordinates":[[[-71.0621730,42.377890],[-71.0622020,42.3778540],[-71.0623310,42.3779140],[-71.0623020,42.377950]]],"type":"Polygon"},"id":3038,"properties":{"bra_use":"R1","foots_1003":"6909","gm_layer":"Unknown Area Type","gm_type":"Unknown Area Type","layer":"Unknown Area Type","lnduse":"R1","name":"","objectid_1":"7303","parcel_id":"200176000","story_ht_":"2"},"type":"Feature"}
,{"geometry":{"coordinates":[[[-71.0621750,42.3779630],[-71.06213200000001,42.3779450],[-71.06216000000001,42.3779080],[-71.0622030,42.3779270],[-71.0622090,42.377920],[-71.0622960,42.3779570],[-71.0622260,42.3780480],[-71.0621390,42.3780080]]],"type":"Polygon"},"id":3039,"properties":{"bra_use":"R2","foots_1003":"6910","gm_layer":"Unknown Area Type","gm_type":"Unknown Area Type","layer":"Unknown Area Type","lnduse":"R2","name":"","objectid_1":"7304","parcel_id":"200177000","story_ht_":"2"},"type":"Feature"}
,{"geometry":{"coordinates":[[[-71.0621920,42.3780880],[-71.0621050,42.3780510],[-71.0621390,42.3780080],[-71.0622260,42.3780480]]],"type":"Polygon"},"id":3040,"properties":{"bra_use":"R1","foots_1003":"6911","gm_layer":"Unknown Area Type","gm_type":"Unknown Area Type","layer":"Unknown Area Type","lnduse":"R1","name":"","objectid_1":"7305","parcel_id":"200179000","story_ht_":"2"},"type":"Feature"}
,{"geometry":{"coordinates":[[[-71.06190100000001,42.3781330],[-71.0619250,42.3781040],[-71.0620030,42.3781380],[-71.0620220,42.3781130],[-71.0621350,42.3781650],[-71.0620910,42.3782180]]],"type":"Polygon"},"id":3042,"properties":{"bra_use":"R2","foots_1003":"6913","gm_layer":"Unknown Area Type","gm_type":"Unknown Area Type","layer":"Unknown Area Type","lnduse":"R2","name":"","objectid_1":"7307","parcel_id":"200181000","story_ht_":"2"},"type":"Feature"}
,{"geometry":{"coordinates":[[[-71.0618960,42.3782120],[-71.061920,42.3781820],[-71.06196900000001,42.3782030],[-71.0619880,42.378180],[-71.06208599999999,42.3782240],[-71.0620430,42.3782780]]],"type":"Polygon"},"id":3043,"properties":{"bra_use":"R2","foots_1003":"6914","gm_layer":"Unknown Area Type","gm_type":"Unknown Area Type","layer":"Unknown Area Type","lnduse":"R2","name":"","objectid_1":"7308","parcel_id":"200182000","story_ht_":"2"},"type":"Feature"}
,{"geometry":{"coordinates":[[[-71.06189999999999,42.3782880],[-71.06194000000001,42.378240],[-71.062040,42.3782860],[-71.0620010,42.3783350]]],"type":"Polygon"},"id":3044,"properties":{"bra_use":"R2","foots_1003":"6915","gm_layer":"Unknown Area Type","gm_type":"Unknown Area Type","layer":"Unknown Area Type","lnduse":"R2","name":"","objectid_1":"7309","parcel_id":"200183000","story_ht_":"2"},"type":"Feature"}
,{"geometry":{"coordinates":[[[-71.0619160,42.3784410],[-71.0618150,42.3783970],[-71.0618940,42.3782980],[-71.0619950,42.3783420]]],"type":"Polygon"},"id":3045,"properties":{"bra_use":"R2","foots_1003":"6916","gm_layer":"Unknown Area Type","gm_type":"Unknown Area Type","layer":"Unknown Area Type","lnduse":"R2","name":"","objectid_1":"7310","parcel_id":"200185000","story_ht_":"2"},"type":"Feature"}
,{"geometry":{"coordinates":[[[-71.0628040,42.3778080],[-71.06286400000001,42.3778330],[-71.0628170,42.3778930],[-71.0627970,42.3778840],[-71.0627640,42.3779260],[-71.0627240,42.377910]]],"type":"Polygon"},"id":3052,"properties":{"bra_use":"R1","foots_1003":"6923","gm_layer":"Unknown Area Type","gm_type":"Unknown Area Type","layer":"Unknown Area Type","lnduse":"R1","name":"","objectid_1":"7317","parcel_id":"200192000","story_ht_":"2"},"type":"Feature"}
,{"geometry":{"coordinates":[[[-71.06247500000001,42.3784030],[-71.0624220,42.3783820],[-71.06246899999999,42.3783120],[-71.0624720,42.3783130],[-71.0625020,42.3782710],[-71.0625520,42.3782930]]],"type":"Polygon"},"id":3067,"properties":{"bra_use":"R1","foots_1003":"6938","gm_layer":"Unknown Area Type","gm_type":"Unknown Area Type","layer":"Unknown Area Type","lnduse":"R1","name":"","objectid_1":"7332","parcel_id":"200206000","story_ht_":"2"},"type":"Feature"}
,{"geometry":{"coordinates":[[[-71.0624220,42.3783820],[-71.0624160,42.3783920],[-71.06235700000001,42.3783690],[-71.0624140,42.3782890],[-71.06246899999999,42.3783120]]],"type":"Polygon"},"id":3068,"properties":{"bra_use":"R1","foots_1003":"6939","gm_layer":"Unknown Area Type","gm_type":"Unknown Area Type","layer":"Unknown Area Type","lnduse":"R1","name":"","objectid_1":"7333","parcel_id":"200207000","story_ht_":"2"},"type":"Feature"}
,{"geometry":{"coordinates":[[[-71.06238000000001,42.3783160],[-71.0623660,42.3783340],[-71.06231800000001,42.3783130],[-71.06229399999999,42.3783440],[-71.0621950,42.3783010],[-71.06223300000001,42.3782550]]],"type":"Polygon"},"id":3069,"properties":{"bra_use":"R2","foots_1003":"6940","gm_layer":"Unknown Area Type","gm_type":"Unknown Area Type","layer":"Unknown Area Type","lnduse":"R2","name":"","objectid_1":"7334","parcel_id":"200208000","story_ht_":"2"},"type":"Feature"}
,{"geometry":{"coordinates":[[[-71.062270,42.3782060],[-71.0623710,42.3782480],[-71.0623490,42.3782780],[-71.0623950,42.3782980],[-71.06238000000001,42.3783160],[-71.06223300000001,42.3782550]]],"type":"Polygon"},"id":3070,"properties":{"bra_use":"R2","foots_1003":"6941","gm_layer":"Unknown Area Type","gm_type":"Unknown Area Type","layer":"Unknown Area Type","lnduse":"R2","name":"","objectid_1":"7335","parcel_id":"200209000","story_ht_":"2"},"type":"Feature"}
,{"geometry":{"coordinates":[[[-71.06232900000001,42.378130],[-71.06237400000001,42.3780780],[-71.06242500000001,42.3781020],[-71.0624150,42.3781140],[-71.0624840,42.3781470],[-71.06247999999999,42.3781520],[-71.0625120,42.3781670],[-71.0624840,42.37820],[-71.06238399999999,42.3781510],[-71.0623810,42.3781550]]],"type":"Polygon"},"id":3072,"properties":{"bra_use":"R1","foots_1003":"6943","gm_layer":"Unknown Area Type","gm_type":"Unknown Area Type","layer":"Unknown Area Type","lnduse":"R1","name":"","objectid_1":"7337","parcel_id":"200211000","story_ht_":"2"},"type":"Feature"}
,{"geometry":{"coordinates":[[[-71.0623780,42.3780710],[-71.0624150,42.3780240],[-71.06251500000001,42.3780670],[-71.06250900000001,42.3780750],[-71.06257100000001,42.3781010],[-71.0625470,42.3781320],[-71.0624850,42.3781050],[-71.0624780,42.3781140]]],"type":"Polygon"},"id":3073,"properties":{"bra_use":"R2","foots_1003":"6944","gm_layer":"Unknown Area Type","gm_type":"Unknown Area Type","layer":"Unknown Area Type","lnduse":"R2","name":"","objectid_1":"7338","parcel_id":"200212000","story_ht_":"2"},"type":"Feature"}
,{"geometry":{"coordinates":[[[-71.0627820,42.3782420],[-71.0627720,42.3782390],[-71.0627550,42.3782630],[-71.0627150,42.3782490],[-71.06273400000001,42.3782220],[-71.0627310,42.3782220],[-71.06276800000001,42.3781690],[-71.062820,42.378190]]],"type":"Polygon"},"id":3075,"properties":{"bra_use":"R1","foots_1003":"6946","gm_layer":"Unknown Area Type","gm_type":"Unknown Area Type","layer":"Unknown Area Type","lnduse":"R1","name":"","objectid_1":"7340","parcel_id":"200215000","story_ht_":"2"},"type":"Feature"}
,{"geometry":{"coordinates":[[[-71.0623030,42.3785160],[-71.0622920,42.3785310],[-71.06225000000001,42.3785160],[-71.06228400000001,42.3784690],[-71.0622680,42.3784630],[-71.0622810,42.3784440],[-71.0622970,42.3784520],[-71.0623220,42.3784160],[-71.06238500000001,42.378440],[-71.0623240,42.3785240]]],"type":"Polygon"},"id":3079,"properties":{"bra_use":"R1","foots_1003":"6950","gm_layer":"Unknown Area Type","gm_type":"Unknown Area Type","layer":"Unknown Area Type","lnduse":"R1","name":"","objectid_1":"7344","parcel_id":"200220000","story_ht_":"2"},"type":"Feature"}
,{"geometry":{"coordinates":[[[-71.06238500000001,42.378440],[-71.0624960,42.3784850],[-71.0624230,42.3785860],[-71.0624030,42.3785770],[-71.06241799999999,42.3785540],[-71.06236199999999,42.3785320],[-71.06232799999999,42.378580],[-71.0622930,42.3785640],[-71.0623240,42.3785240]]],"type":"Polygon"},"id":3080,"properties":{"bra_use":"R1","foots_1003":"6951","gm_layer":"Unknown Area Type","gm_type":"Unknown Area Type","layer":"Unknown Area Type","lnduse":"R1","name":"","objectid_1":"7345","parcel_id":"200221000","story_ht_":"2"},"type":"Feature"}
,{"geometry":{"coordinates":[[[-71.0626960,42.3785870],[-71.0627890,42.3786240],[-71.06273400000001,42.3787020],[-71.0626410,42.3786670]]],"type":"Polygon"},"id":3082,"properties":{"bra_use":"R1","foots_1003":"6953","gm_layer":"Unknown Area Type","gm_type":"Unknown Area Type","layer":"Unknown Area Type","lnduse":"R1","name":"","objectid_1":"7347","parcel_id":"200225000","story_ht_":"2"},"type":"Feature"}
,{"geometry":{"coordinates":[[[-71.0626260,42.3787220],[-71.0626260,42.3787210],[-71.06272199999999,42.3787570],[-71.0626920,42.37880],[-71.0625960,42.3787640],[-71.0626090,42.3787460],[-71.0625110,42.3787090],[-71.0625270,42.3786840]]],"type":"Polygon"},"id":3083,"properties":{"bra_use":"R2","foots_1003":"6954","gm_layer":"Unknown Area Type","gm_type":"Unknown Area Type","layer":"Unknown Area Type","lnduse":"R2","name":"","objectid_1":"7348","parcel_id":"200227000","story_ht_":"2"},"type":"Feature"}
,{"geometry":{"coordinates":[[[-71.06247000000001,42.3788550],[-71.0625050,42.3788030],[-71.0625570,42.3788210],[-71.062590,42.3787720],[-71.0626870,42.378810],[-71.0626140,42.3789070]]],"type":"Polygon"},"id":3084,"properties":{"bra_use":"R2","foots_1003":"6955","gm_layer":"Unknown Area Type","gm_type":"Unknown Area Type","layer":"Unknown Area Type","lnduse":"R2","name":"","objectid_1":"7349","parcel_id":"200229000","story_ht_":"2"},"type":"Feature"}
,{"geometry":{"coordinates":[[[-71.06350500000001,42.3782080],[-71.063560,42.378230],[-71.0634670,42.3783590],[-71.0634170,42.3783390],[-71.06348800000001,42.378240]]],"type":"Polygon"},"id":3104,"properties":{"bra_use":"R2","foots_1003":"6975","gm_layer":"Unknown Area Type","gm_type":"Unknown Area Type","layer":"Unknown Area Type","lnduse":"R2","name":"","objectid_1":"7369","parcel_id":"200248010","story_ht_":"2"},"type":"Feature"}
,{"geometry":{"coordinates":[[[-71.0632980,42.3787960],[-71.0633060,42.3787870],[-71.06327400000001,42.3787730],[-71.0633090,42.3787310],[-71.063340,42.3787430],[-71.06335300000001,42.3787210],[-71.0634530,42.3787620],[-71.06339800000001,42.3788370]]],"type":"Polygon"},"id":3112,"properties":{"bra_use":"R1","foots_1003":"6983","gm_layer":"Unknown Area Type","gm_type":"Unknown Area Type","layer":"Unknown Area Type","lnduse":"R1","name":"","objectid_1":"7377","parcel_id":"200257000","story_ht_":"2"},"type":"Feature"}
,{"geometry":{"coordinates":[[[-71.0631140,42.3789530],[-71.0631040,42.3789490],[-71.0631260,42.3789260],[-71.06315100000001,42.3789360],[-71.0631650,42.3789170],[-71.06320,42.378930],[-71.06321300000001,42.3789090],[-71.0632990,42.3789490]]],"type":"Polygon"},"id":3114,"properties":{"bra_use":"R2","foots_1003":"6985","gm_layer":"Unknown Area Type","gm_type":"Unknown Area Type","layer":"Unknown Area Type","lnduse":"R2","name":"","objectid_1":"7379","parcel_id":"200261000","story_ht_":"2"},"type":"Feature"}
,{"geometry":{"coordinates":[[[-71.0634950,42.3789460],[-71.0634730,42.3789360],[-71.0635290,42.3788640],[-71.0635770,42.3788850],[-71.0635710,42.3788920],[-71.06359999999999,42.3789050],[-71.06357199999999,42.3789410],[-71.0635430,42.3789290],[-71.063530,42.3789450]]],"type":"Polygon"},"id":3116,"properties":{"bra_use":"R1","foots_1003":"6991","gm_layer":"Unknown Area Type","gm_type":"Unknown Area Type","layer":"Unknown Area Type","lnduse":"R1","name":"","objectid_1":"7385","parcel_id":"200270000","story_ht_":"2"},"type":"Feature"}
,{"geometry":{"coordinates":[[[-71.0637050,42.3787960],[-71.0636830,42.3788250],[-71.063580,42.3787820],[-71.0636040,42.378750]]],"type":"Polygon"},"id":3117,"properties":{"bra_use":"R3","foots_1003":"6992","gm_layer":"Unknown Area Type","gm_type":"Unknown Area Type","layer":"Unknown Area Type","lnduse":"R3","name":"","objectid_1":"7386","parcel_id":"200272000","story_ht_":"2"},"type":"Feature"}
,{"geometry":{"coordinates":[[[-71.0636040,42.378750],[-71.0636380,42.3787050],[-71.06374099999999,42.3787490],[-71.0637050,42.3787960]]],"type":"Polygon"},"id":3118,"properties":{"bra_use":"R3","foots_1003":"6993","gm_layer":"Unknown Area Type","gm_type":"Unknown Area Type","layer":"Unknown Area Type","lnduse":"R3","name":"","objectid_1":"7387","parcel_id":"200272000","story_ht_":"2"},"type":"Feature"}
,{"geometry":{"coordinates":[[[-71.06379699999999,42.3788150],[-71.063720,42.3787790],[-71.0637380,42.3787570],[-71.0638160,42.378790]]],"type":"Polygon"},"id":3119,"properties":{"bra_use":"R3","foots_1003":"6994","gm_layer":"Unknown Area Type","gm_type":"Unknown Area Type","layer":"Unknown Area Type","lnduse":"R3","name":"","objectid_1":"7388","parcel_id":"200272000","story_ht_":"2"},"type":"Feature"}
,{"geometry":{"coordinates":[[[-71.0637440,42.3787480],[-71.0636380,42.3787030],[-71.0636840,42.3786480],[-71.06379200000001,42.3786940],[-71.0637760,42.3787150],[-71.0638830,42.378760],[-71.06384799999999,42.3788040],[-71.0638160,42.378790],[-71.0637380,42.3787570]]],"type":"Polygon"},"id":3120,"properties":{"bra_use":"R3","foots_1003":"6995","gm_layer":"Unknown Area Type","gm_type":"Unknown Area Type","layer":"Unknown Area Type","lnduse":"R3","name":"","objectid_1":"7389","parcel_id":"200273000","story_ht_":"2"},"type":"Feature"}
,{"geometry":{"coordinates":[[[-71.06385400000001,42.3786520],[-71.06383700000001,42.3786710],[-71.06380900000001,42.378660],[-71.06379800000001,42.3786710],[-71.0636980,42.3786250],[-71.06372500000001,42.3785920]]],"type":"Polygon"},"id":3121,"properties":{"bra_use":"R1","foots_1003":"6996","gm_layer":"Unknown Area Type","gm_type":"Unknown Area Type","layer":"Unknown Area Type","lnduse":"R1","name":"","objectid_1":"7390","parcel_id":"200274000","story_ht_":"2"},"type":"Feature"}
,{"geometry":{"coordinates":[[[-71.0645990,42.3779820],[-71.0644830,42.3780780],[-71.0646670,42.3781990],[-71.064550,42.3782970],[-71.0645840,42.378320],[-71.0645760,42.3783270],[-71.0644940,42.3783950],[-71.0644820,42.3783870],[-71.0644130,42.3784430],[-71.06428099999999,42.3783580],[-71.0642680,42.3783690],[-71.06423100000001,42.3783450],[-71.0642440,42.3783330],[-71.0640250,42.378190],[-71.0640240,42.3781890],[-71.06441700000001,42.3778620]]],"type":"Polygon"},"id":3123,"properties":{"bra_use":"E","foots_1003":"6998","gm_layer":"Unknown Area Type","gm_type":"Unknown Area Type","layer":"Unknown Area Type","lnduse":"E","name":"","objectid_1":"7392","parcel_id":"200276000","story_ht_":"2"},"type":"Feature"}
,{"geometry":{"coordinates":[[[-71.0640250,42.3787710],[-71.0640350,42.3787590],[-71.0640140,42.3787480],[-71.06404600000001,42.3787150],[-71.0640720,42.3787280],[-71.0640770,42.3787220],[-71.0641840,42.3787740],[-71.0641390,42.3788260]]],"type":"Polygon"},"id":3125,"properties":{"bra_use":"R1","foots_1003":"7000","gm_layer":"Unknown Area Type","gm_type":"Unknown Area Type","layer":"Unknown Area Type","lnduse":"R1","name":"","objectid_1":"7394","parcel_id":"200288000","story_ht_":"2"},"type":"Feature"}
,{"geometry":{"coordinates":[[[-71.064470,42.3771040],[-71.0642020,42.3773290],[-71.0640320,42.3772170],[-71.06429900000001,42.3769920]]],"type":"Polygon"},"id":3139,"properties":{"bra_use":"E","foots_1003":"7020","gm_layer":"Unknown Area Type","gm_type":"Unknown Area Type","layer":"Unknown Area Type","lnduse":"E","name":"Bunker Hill Health Center","objectid_1":"7414","parcel_id":"200318000","story_ht_":"2"},"type":"Feature"}
,{"geometry":{"coordinates":[[[-71.064140,42.3777910],[-71.06413600000001,42.3777940],[-71.0640440,42.3777340],[-71.064080,42.3777030],[-71.064170,42.3777610],[-71.0641820,42.377750],[-71.0642790,42.3778140],[-71.0642330,42.3778520]]],"type":"Polygon"},"id":3143,"properties":{"bra_use":"R1","foots_1003":"7024","gm_layer":"Unknown Area Type","gm_type":"Unknown Area Type","layer":"Unknown Area Type","lnduse":"R1","name":"","objectid_1":"7418","parcel_id":"200323000","story_ht_":"2"},"type":"Feature"}
,{"geometry":{"coordinates":[[[-71.06401700000001,42.3777770],[-71.0640480,42.3777990],[-71.06403899999999,42.3778070],[-71.06407900000001,42.3778340],[-71.0640940,42.3778230],[-71.06419099999999,42.3778870],[-71.0641450,42.3779260],[-71.0640530,42.3778640],[-71.0640480,42.3778670],[-71.063970,42.3778140]]],"type":"Polygon"},"id":3144,"properties":{"bra_use":"R1","foots_1003":"7025","gm_layer":"Unknown Area Type","gm_type":"Unknown Area Type","layer":"Unknown Area Type","lnduse":"R1","name":"","objectid_1":"7419","parcel_id":"200324000","story_ht_":"2"},"type":"Feature"}
,{"geometry":{"coordinates":[[[-71.0639710,42.3778850],[-71.0639980,42.377860],[-71.0640470,42.3778890],[-71.0640530,42.3778820],[-71.064140,42.3779320],[-71.0641090,42.3779620]]],"type":"Polygon"},"id":3145,"properties":{"bra_use":"R1","foots_1003":"7026","gm_layer":"Unknown Area Type","gm_type":"Unknown Area Type","layer":"Unknown Area Type","lnduse":"R1","name":"","objectid_1":"7420","parcel_id":"200325000","story_ht_":"2"},"type":"Feature"}
,{"geometry":{"coordinates":[[[-71.0640520,42.3780080],[-71.0638690,42.3778920],[-71.0638950,42.3778680],[-71.0639880,42.3779210],[-71.0639970,42.3779130],[-71.0640950,42.3779690]]],"type":"Polygon"},"id":3146,"properties":{"bra_use":"R2","foots_1003":"7027","gm_layer":"Unknown Area Type","gm_type":"Unknown Area Type","layer":"Unknown Area Type","lnduse":"R2","name":"","objectid_1":"7421","parcel_id":"200326000","story_ht_":"2"},"type":"Feature"}
,{"geometry":{"coordinates":[[[-71.06391600000001,42.3779260],[-71.06388699999999,42.3779550],[-71.0638280,42.3779220],[-71.0638580,42.3778920]]],"type":"Polygon"},"id":3147,"properties":{"bra_use":"R1","foots_1003":"7028","gm_layer":"Unknown Area Type","gm_type":"Unknown Area Type","layer":"Unknown Area Type","lnduse":"R1","name":"","objectid_1":"7422","parcel_id":"200327000","story_ht_":"2"},"type":"Feature"}
,{"geometry":{"coordinates":[[[-71.0639750,42.3780740],[-71.0637890,42.3779580],[-71.0638220,42.3779290],[-71.06392099999999,42.3779920],[-71.0639450,42.3779710],[-71.0640310,42.3780240]]],"type":"Polygon"},"id":3148,"properties":{"bra_use":"R1","foots_1003":"7029","gm_layer":"Unknown Area Type","gm_type":"Unknown Area Type","layer":"Unknown Area Type","lnduse":"R1","name":"","objectid_1":"7423","parcel_id":"200327000","story_ht_":"2"},"type":"Feature"}
,{"geometry":{"coordinates":[[[-71.0636490,42.377710],[-71.0637650,42.3777640],[-71.06375300000001,42.3777770],[-71.0638460,42.3778190],[-71.0638440,42.3778240],[-71.0638740,42.3778370],[-71.0638630,42.3778490],[-71.0638380,42.3778370],[-71.0638240,42.3778530],[-71.0636090,42.3777630]]],"type":"Polygon"},"id":3154,"properties":{"bra_use":"R2","foots_1003":"7035","gm_layer":"Unknown Area Type","gm_type":"Unknown Area Type","layer":"Unknown Area Type","lnduse":"R2","name":"","objectid_1":"7429","parcel_id":"200331000","story_ht_":"2"},"type":"Feature"}
,{"geometry":{"coordinates":[[[-71.0639510,42.3769150],[-71.0640480,42.3769550],[-71.06396599999999,42.3770680],[-71.06387100000001,42.3770260]]],"type":"Polygon"},"id":3161,"properties":{"bra_use":"R1","foots_1003":"7042","gm_layer":"Unknown Area Type","gm_type":"Unknown Area Type","layer":"Unknown Area Type","lnduse":"R1","name":"","objectid_1":"7436","parcel_id":"200339000","story_ht_":"2"},"type":"Feature"}
,{"geometry":{"coordinates":[[[-71.0635860,42.3771850],[-71.063540,42.3772480],[-71.0635040,42.3772340],[-71.06347599999999,42.3772720],[-71.0634240,42.3772510],[-71.0634520,42.3772120],[-71.0634120,42.3771970],[-71.0634570,42.3771340]]],"type":"Polygon"},"id":3164,"properties":{"bra_use":"R1","foots_1003":"7045","gm_layer":"Unknown Area Type","gm_type":"Unknown Area Type","layer":"Unknown Area Type","lnduse":"R1","name":"","objectid_1":"7439","parcel_id":"200347000","story_ht_":"2"},"type":"Feature"}
,{"geometry":{"coordinates":[[[-71.06368000000001,42.3774490],[-71.0634960,42.3773750],[-71.0635230,42.3773380],[-71.0635990,42.3773690],[-71.0636080,42.3773560],[-71.0637160,42.3773990]]],"type":"Polygon"},"id":3167,"properties":{"bra_use":"R1","foots_1003":"7048","gm_layer":"Unknown Area Type","gm_type":"Unknown Area Type","layer":"Unknown Area Type","lnduse":"R1","name":"","objectid_1":"7442","parcel_id":"200350000","story_ht_":"2"},"type":"Feature"}
,{"geometry":{"coordinates":[[[-71.0635320,42.3776550],[-71.0634840,42.3777150],[-71.0632720,42.3776220],[-71.0633010,42.3775860],[-71.06339199999999,42.3776240],[-71.0633910,42.3776250],[-71.0633940,42.3776270],[-71.0634130,42.3776040]]],"type":"Polygon"},"id":3168,"properties":{"bra_use":"R2","foots_1003":"7049","gm_layer":"Unknown Area Type","gm_type":"Unknown Area Type","layer":"Unknown Area Type","lnduse":"R2","name":"","objectid_1":"7443","parcel_id":"200355000","story_ht_":"2"},"type":"Feature"}
,{"geometry":{"coordinates":[[[-71.06338599999999,42.3778490],[-71.06328600000001,42.3778120],[-71.0633270,42.3777550],[-71.0634240,42.3777920]]],"type":"Polygon"},"id":3170,"properties":{"bra_use":"R1","foots_1003":"7051","gm_layer":"Unknown Area Type","gm_type":"Unknown Area Type","layer":"Unknown Area Type","lnduse":"R1","name":"","objectid_1":"7445","parcel_id":"200357000","story_ht_":"2"},"type":"Feature"}
,{"geometry":{"coordinates":[[[-71.0631380,42.3777430],[-71.0631750,42.3777580],[-71.06321199999999,42.3777140],[-71.0632550,42.3777320],[-71.0632160,42.3777770],[-71.0632080,42.3777730],[-71.0631540,42.377840],[-71.06308799999999,42.377810],[-71.0630870,42.377810]]],"type":"Polygon"},"id":3171,"properties":{"bra_use":"R1","foots_1003":"7052","gm_layer":"Unknown Area Type","gm_type":"Unknown Area Type","layer":"Unknown Area Type","lnduse":"R1","name":"","objectid_1":"7446","parcel_id":"200359000","story_ht_":"2"},"type":"Feature"}
,{"geometry":{"coordinates":[[[-71.0628340,42.3774890],[-71.06293599999999,42.3775360],[-71.0629280,42.3775460],[-71.06297000000001,42.3775640],[-71.0629890,42.3775370],[-71.06300899999999,42.3775460],[-71.0629570,42.3776140],[-71.0629050,42.3775890],[-71.06290199999999,42.3775910],[-71.0627940,42.3775410]]],"type":"Polygon"},"id":3176,"properties":{"bra_use":"R2","foots_1003":"7057","gm_layer":"Unknown Area Type","gm_type":"Unknown Area Type","layer":"Unknown Area Type","lnduse":"R2","name":"","objectid_1":"7451","parcel_id":"200365000","story_ht_":"2"},"type":"Feature"}
,{"geometry":{"coordinates":[[[-71.0633540,42.3771160],[-71.063320,42.3771610],[-71.06334200000001,42.3771710],[-71.0633170,42.3772040],[-71.0632260,42.3771670],[-71.06321199999999,42.3771830],[-71.0631150,42.3771420],[-71.0631910,42.3770450],[-71.0632890,42.3770880]]],"type":"Polygon"},"id":3182,"properties":{"bra_use":"R1","foots_1003":"7063","gm_layer":"Unknown Area Type","gm_type":"Unknown Area Type","layer":"Unknown Area Type","lnduse":"R1","name":"","objectid_1":"7457","parcel_id":"200372000","story_ht_":"2"},"type":"Feature"}
,{"geometry":{"coordinates":[[[-71.0633570,42.3768330],[-71.06346600000001,42.3768810],[-71.06344799999999,42.3769040],[-71.06352200000001,42.3769370],[-71.06350000000001,42.3769640],[-71.0633160,42.3768840]]],"type":"Polygon"},"id":3186,"properties":{"bra_use":"R2","foots_1003":"7067","gm_layer":"Unknown Area Type","gm_type":"Unknown Area Type","layer":"Unknown Area Type","lnduse":"R2","name":"","objectid_1":"7461","parcel_id":"200377000","story_ht_":"2"},"type":"Feature"}
,{"geometry":{"coordinates":[[[-71.06346499999999,42.3768440],[-71.0634250,42.3768270],[-71.0634970,42.3767290],[-71.06346000000001,42.3767140],[-71.0635250,42.3766270],[-71.06360100000001,42.3766570],[-71.0635350,42.3767440],[-71.063540,42.3767450]]],"type":"Polygon"},"id":3187,"properties":{"bra_use":"R1","foots_1003":"7068","gm_layer":"Unknown Area Type","gm_type":"Unknown Area Type","layer":"Unknown Area Type","lnduse":"R1","name":"","objectid_1":"7462","parcel_id":"200378000","story_ht_":"2"},"type":"Feature"}
,{"geometry":{"coordinates":[[[-71.0632150,42.3768050],[-71.06317799999999,42.3768550],[-71.06307200000001,42.3768120],[-71.0630920,42.3767860],[-71.0630030,42.3767520],[-71.0630250,42.3767230]]],"type":"Polygon"},"id":3193,"properties":{"bra_use":"R2","foots_1003":"7074","gm_layer":"Unknown Area Type","gm_type":"Unknown Area Type","layer":"Unknown Area Type","lnduse":"R2","name":"","objectid_1":"7468","parcel_id":"200384000","story_ht_":"2"},"type":"Feature"}
,{"geometry":{"coordinates":[[[-71.06290900000001,42.3769150],[-71.0628830,42.3769030],[-71.06290199999999,42.3768780],[-71.0630030,42.3769220],[-71.063020,42.3769020],[-71.0631090,42.376940],[-71.0630730,42.3769830]]],"type":"Polygon"},"id":3195,"properties":{"bra_use":"R1","foots_1003":"7076","gm_layer":"Unknown Area Type","gm_type":"Unknown Area Type","layer":"Unknown Area Type","lnduse":"R1","name":"","objectid_1":"7470","parcel_id":"200386000","story_ht_":"2"},"type":"Feature"}
,{"geometry":{"coordinates":[[[-71.06303800000001,42.377030],[-71.0629510,42.3769910],[-71.0629660,42.376970],[-71.06289200000001,42.3769380],[-71.06290900000001,42.3769150],[-71.0630730,42.3769830]]],"type":"Polygon"},"id":3196,"properties":{"bra_use":"R1","foots_1003":"7077","gm_layer":"Unknown Area Type","gm_type":"Unknown Area Type","layer":"Unknown Area Type","lnduse":"R1","name":"","objectid_1":"7471","parcel_id":"200387000","story_ht_":"2"},"type":"Feature"}
,{"geometry":{"coordinates":[[[-71.0628340,42.3770140],[-71.0628220,42.3770080],[-71.06283999999999,42.3769830],[-71.06292500000001,42.3770190],[-71.0629410,42.3769970],[-71.0630280,42.3770350],[-71.06299300000001,42.3770820]]],"type":"Polygon"},"id":3197,"properties":{"bra_use":"R1","foots_1003":"7078","gm_layer":"Unknown Area Type","gm_type":"Unknown Area Type","layer":"Unknown Area Type","lnduse":"R1","name":"","objectid_1":"7472","parcel_id":"200388000","story_ht_":"2"},"type":"Feature"}
,{"geometry":{"coordinates":[[[-71.062960,42.3771250],[-71.0628730,42.3770890],[-71.062890,42.3770660],[-71.0628160,42.3770360],[-71.0628340,42.3770140],[-71.06299300000001,42.3770820]]],"type":"Polygon"},"id":3198,"properties":{"bra_use":"R1","foots_1003":"7079","gm_layer":"Unknown Area Type","gm_type":"Unknown Area Type","layer":"Unknown Area Type","lnduse":"R1","name":"","objectid_1":"7473","parcel_id":"200389000","story_ht_":"2"},"type":"Feature"}
,{"geometry":{"coordinates":[[[-71.06294699999999,42.3771420],[-71.06291400000001,42.3771850],[-71.06274000000001,42.3771090],[-71.0627580,42.3770860],[-71.0628430,42.3771230],[-71.06285699999999,42.3771040]]],"type":"Polygon"},"id":3199,"properties":{"bra_use":"R1","foots_1003":"7080","gm_layer":"Unknown Area Type","gm_type":"Unknown Area Type","layer":"Unknown Area Type","lnduse":"R1","name":"","objectid_1":"7474","parcel_id":"200390000","story_ht_":"2"},"type":"Feature"}
,{"geometry":{"coordinates":[[[-71.0628780,42.3772320],[-71.0627890,42.3771930],[-71.06280700000001,42.377170],[-71.0627210,42.3771330],[-71.06274000000001,42.3771090],[-71.06291400000001,42.3771850]]],"type":"Polygon"},"id":3200,"properties":{"bra_use":"R1","foots_1003":"7081","gm_layer":"Unknown Area Type","gm_type":"Unknown Area Type","layer":"Unknown Area Type","lnduse":"R1","name":"","objectid_1":"7475","parcel_id":"200391000","story_ht_":"2"},"type":"Feature"}
,{"geometry":{"coordinates":[[[-71.06270000000001,42.3772070],[-71.0626790,42.37720],[-71.06269399999999,42.3771780],[-71.0627160,42.3771860],[-71.062720,42.3771810],[-71.06275700000001,42.3771940],[-71.0627580,42.3771930],[-71.0628670,42.3772340],[-71.0628430,42.377270]]],"type":"Polygon"},"id":3201,"properties":{"bra_use":"R1","foots_1003":"7082","gm_layer":"Unknown Area Type","gm_type":"Unknown Area Type","layer":"Unknown Area Type","lnduse":"R1","name":"","objectid_1":"7476","parcel_id":"200392000","story_ht_":"2"},"type":"Feature"}
,{"geometry":{"coordinates":[[[-71.0628210,42.37730],[-71.0627090,42.3772590],[-71.0627180,42.3772440],[-71.0626850,42.3772310],[-71.06270000000001,42.3772070],[-71.0628430,42.377270]]],"type":"Polygon"},"id":3202,"properties":{"bra_use":"R1","foots_1003":"7083","gm_layer":"Unknown Area Type","gm_type":"Unknown Area Type","layer":"Unknown Area Type","lnduse":"R1","name":"","objectid_1":"7477","parcel_id":"200393000","story_ht_":"2"},"type":"Feature"}
,{"geometry":{"coordinates":[[[-71.0622650,42.3774280],[-71.06231099999999,42.3773620],[-71.06242500000001,42.3774070],[-71.06236800000001,42.3774750]]],"type":"Polygon"},"id":3208,"properties":{"bra_use":"R1","foots_1003":"7089","gm_layer":"Unknown Area Type","gm_type":"Unknown Area Type","layer":"Unknown Area Type","lnduse":"R1","name":"","objectid_1":"7483","parcel_id":"200399000","story_ht_":"2"},"type":"Feature"}
,{"geometry":{"coordinates":[[[-71.062440,42.3773590],[-71.06241799999999,42.3773930],[-71.0623140,42.3773580],[-71.0623350,42.3773230]]],"type":"Polygon"},"id":3209,"properties":{"bra_use":"R1","foots_1003":"7090","gm_layer":"Unknown Area Type","gm_type":"Unknown Area Type","layer":"Unknown Area Type","lnduse":"R1","name":"","objectid_1":"7484","parcel_id":"200400000","story_ht_":"2"},"type":"Feature"}
,{"geometry":{"coordinates":[[[-71.0624620,42.3773240],[-71.0624930,42.3773340],[-71.0624710,42.377370],[-71.062440,42.3773590],[-71.0623350,42.3773230],[-71.0623580,42.3772870]]],"type":"Polygon"},"id":3210,"properties":{"bra_use":"R2","foots_1003":"7091","gm_layer":"Unknown Area Type","gm_type":"Unknown Area Type","layer":"Unknown Area Type","lnduse":"R2","name":"","objectid_1":"7485","parcel_id":"200401000","story_ht_":"2"},"type":"Feature"}
,{"geometry":{"coordinates":[[[-71.0624620,42.3773240],[-71.0623580,42.3772870],[-71.06238000000001,42.377250],[-71.0624870,42.3772810]]],"type":"Polygon"},"id":3211,"properties":{"bra_use":"R1","foots_1003":"7092","gm_layer":"Unknown Area Type","gm_type":"Unknown Area Type","layer":"Unknown Area Type","lnduse":"R1","name":"","objectid_1":"7486","parcel_id":"200402000","story_ht_":"2"},"type":"Feature"}
,{"geometry":{"coordinates":[[[-71.0624850,42.3771040],[-71.06253599999999,42.3770260],[-71.0626290,42.377060],[-71.0626240,42.3770690],[-71.0626860,42.3770820],[-71.0626470,42.3771410],[-71.06258800000001,42.3771290],[-71.062580,42.3771370]]],"type":"Polygon"},"id":3214,"properties":{"bra_use":"R2","foots_1003":"7095","gm_layer":"Unknown Area Type","gm_type":"Unknown Area Type","layer":"Unknown Area Type","lnduse":"R2","name":"","objectid_1":"7489","parcel_id":"200405000","story_ht_":"2"},"type":"Feature"}
,{"geometry":{"coordinates":[[[-71.0627530,42.3767890],[-71.062760,42.3767790],[-71.0627010,42.3767580],[-71.06273299999999,42.3767060],[-71.06283000000001,42.376740],[-71.06279000000001,42.3768010]]],"type":"Polygon"},"id":3217,"properties":{"bra_use":"R1","foots_1003":"7098","gm_layer":"Unknown Area Type","gm_type":"Unknown Area Type","layer":"Unknown Area Type","lnduse":"R1","name":"","objectid_1":"7492","parcel_id":"200409000","story_ht_":"2"},"type":"Feature"}
,{"geometry":{"coordinates":[[[-71.0629240,42.3766270],[-71.0628950,42.3766770],[-71.06278399999999,42.376640],[-71.0628160,42.3765850]]],"type":"Polygon"},"id":3218,"properties":{"bra_use":"R1","foots_1003":"7099","gm_layer":"Unknown Area Type","gm_type":"Unknown Area Type","layer":"Unknown Area Type","lnduse":"R1","name":"","objectid_1":"7493","parcel_id":"200411000","story_ht_":"2"},"type":"Feature"}
,{"geometry":{"coordinates":[[[-71.0628160,42.3765850],[-71.06284700000001,42.3765350],[-71.0629620,42.3765730],[-71.0629450,42.3766010],[-71.06299300000001,42.3766160],[-71.06297600000001,42.3766440],[-71.0629240,42.3766270]]],"type":"Polygon"},"id":3219,"properties":{"bra_use":"R2","foots_1003":"7100","gm_layer":"Unknown Area Type","gm_type":"Unknown Area Type","layer":"Unknown Area Type","lnduse":"R2","name":"","objectid_1":"7494","parcel_id":"200412000","story_ht_":"2"},"type":"Feature"}
,{"geometry":{"coordinates":[[[-71.0633940,42.3765780],[-71.0633340,42.3766560],[-71.0632990,42.3766420],[-71.0632370,42.3767190],[-71.0631980,42.3767040],[-71.0632610,42.3766260],[-71.0633230,42.3765490]]],"type":"Polygon"},"id":3225,"properties":{"bra_use":"R2","foots_1003":"7106","gm_layer":"Unknown Area Type","gm_type":"Unknown Area Type","layer":"Unknown Area Type","lnduse":"R2","name":"","objectid_1":"7500","parcel_id":"200418000","story_ht_":"2"},"type":"Feature"}
,{"geometry":{"coordinates":[[[-71.06373000000001,42.3764350],[-71.06377500000001,42.3763760],[-71.0638240,42.3764060],[-71.0637710,42.3764690],[-71.06383200000001,42.3764950],[-71.0637790,42.3765590],[-71.0636690,42.3765150]]],"type":"Polygon"},"id":3261,"properties":{"bra_use":"R1","foots_1003":"7142","gm_layer":"Unknown Area Type","gm_type":"Unknown Area Type","layer":"Unknown Area Type","lnduse":"R1","name":"","objectid_1":"7536","parcel_id":"200450000","story_ht_":"2"},"type":"Feature"}
,{"geometry":{"coordinates":[[[-71.0641730,42.3766930],[-71.06415800000001,42.3767030],[-71.06411900000001,42.3766780],[-71.06441700000001,42.3764190],[-71.0644630,42.3764480],[-71.06446699999999,42.3764430],[-71.0645150,42.376440],[-71.0645560,42.3764660],[-71.0645610,42.3765010],[-71.0645560,42.3765040],[-71.06460,42.3765330],[-71.0643140,42.3767810]]],"type":"Polygon"},"id":3269,"properties":{"bra_use":"E","foots_1003":"7150","gm_layer":"Unknown Area Type","gm_type":"Unknown Area Type","layer":"Unknown Area Type","lnduse":"E","name":"Boys and Girls Club","objectid_1":"7544","parcel_id":"200457000","story_ht_":"2"},"type":"Feature"}
,{"geometry":{"coordinates":[[[-71.0645960,42.3789260],[-71.06454600000001,42.3789020],[-71.0645830,42.3788580],[-71.0646730,42.37890],[-71.0646510,42.3789250]]],"type":"Polygon"},"id":3418,"properties":{"bra_use":"R1","foots_1003":"7299","gm_layer":"Unknown Area Type","gm_type":"Unknown Area Type","layer":"Unknown Area Type","lnduse":"R1","name":"","objectid_1":"7693","parcel_id":"200641000","story_ht_":"2"},"type":"Feature"}
,{"geometry":{"coordinates":[[[-71.0644270,42.3789290],[-71.0644290,42.3789260],[-71.0644350,42.3789290]]],"type":"Polygon"},"id":3423,"properties":{"bra_use":"R1","foots_1003":"7310","gm_layer":"Unknown Area Type","gm_type":"Unknown Area Type","layer":"Unknown Area Type","lnduse":"R1","name":"","objectid_1":"7705","parcel_id":"200662000","story_ht_":"2"},"type":"Feature"}
,{"geometry":{"coordinates":[[[-71.0597630,42.3771860],[-71.05980700000001,42.3771010],[-71.059890,42.3771230],[-71.05984599999999,42.3772110]]],"type":"Polygon"},"id":3664,"properties":{"bra_use":"R1","foots_1003":"8661","gm_layer":"Unknown Area Type","gm_type":"Unknown Area Type","layer":"Unknown Area Type","lnduse":"R1","name":"","objectid_1":"9110","parcel_id":"203006000","story_ht_":"2"},"type":"Feature"}
,{"geometry":{"coordinates":[[[-71.05975700000001,42.3776610],[-71.05966600000001,42.3776330],[-71.05971700000001,42.3775420],[-71.0598080,42.3775710]]],"type":"Polygon"},"id":3670,"properties":{"bra_use":"R1","foots_1003":"8667","gm_layer":"Unknown Area Type","gm_type":"Unknown Area Type","layer":"Unknown Area Type","lnduse":"R1","name":"","objectid_1":"9116","parcel_id":"203016000","story_ht_":"2"},"type":"Feature"}
,{"geometry":{"coordinates":[[[-71.0599180,42.3774480],[-71.0599350,42.3774120],[-71.05998099999999,42.3774240],[-71.05999300000001,42.37740],[-71.06009400000001,42.3774270],[-71.0600640,42.3774880]]],"type":"Polygon"},"id":3674,"properties":{"bra_use":"R2","foots_1003":"8671","gm_layer":"Unknown Area Type","gm_type":"Unknown Area Type","layer":"Unknown Area Type","lnduse":"R2","name":"","objectid_1":"9120","parcel_id":"203023000","story_ht_":"2"},"type":"Feature"}
,{"geometry":{"coordinates":[[[-71.0599610,42.377680],[-71.05985800000001,42.3776490],[-71.05989200000001,42.3775890],[-71.05999199999999,42.3776180]]],"type":"Polygon"},"id":3678,"properties":{"bra_use":"R1","foots_1003":"8675","gm_layer":"Unknown Area Type","gm_type":"Unknown Area Type","layer":"Unknown Area Type","lnduse":"R1","name":"","objectid_1":"9124","parcel_id":"203026000","story_ht_":"2"},"type":"Feature"}
,{"geometry":{"coordinates":[[[-71.0599610,42.377680],[-71.05993100000001,42.3777360],[-71.059820,42.3777040],[-71.0598310,42.3776840],[-71.0597750,42.3776690],[-71.0597940,42.377630],[-71.05985800000001,42.3776490]]],"type":"Polygon"},"id":3679,"properties":{"bra_use":"R2","foots_1003":"8676","gm_layer":"Unknown Area Type","gm_type":"Unknown Area Type","layer":"Unknown Area Type","lnduse":"R2","name":"","objectid_1":"9125","parcel_id":"203027000","story_ht_":"2"},"type":"Feature"}
,{"geometry":{"coordinates":[[[-71.0596450,42.3776710],[-71.0597470,42.37770],[-71.0597410,42.3777120],[-71.0599170,42.3777640],[-71.0598940,42.3778080],[-71.05961600000001,42.3777280]]],"type":"Polygon"},"id":3680,"properties":{"bra_use":"R2","foots_1003":"8677","gm_layer":"Unknown Area Type","gm_type":"Unknown Area Type","layer":"Unknown Area Type","lnduse":"R2","name":"","objectid_1":"9126","parcel_id":"203028000","story_ht_":"2"},"type":"Feature"}
,{"geometry":{"coordinates":[[[-71.06073600000001,42.3775070],[-71.0607510,42.3774760],[-71.0608060,42.3774910],[-71.06081500000001,42.3774720],[-71.0609410,42.3775080],[-71.06091600000001,42.3775590]]],"type":"Polygon"},"id":3696,"properties":{"bra_use":"R2","foots_1003":"8693","gm_layer":"Unknown Area Type","gm_type":"Unknown Area Type","layer":"Unknown Area Type","lnduse":"R2","name":"","objectid_1":"9142","parcel_id":"203047000","story_ht_":"2"},"type":"Feature"}
,{"geometry":{"coordinates":[[[-71.06077500000001,42.3776060],[-71.06069599999999,42.3775830],[-71.0607260,42.3775270],[-71.06080400000001,42.3775490],[-71.06081399999999,42.3775330],[-71.06091600000001,42.3775620],[-71.06086500000001,42.3776570],[-71.06076400000001,42.3776280]]],"type":"Polygon"},"id":3697,"properties":{"bra_use":"R1","foots_1003":"8694","gm_layer":"Unknown Area Type","gm_type":"Unknown Area Type","layer":"Unknown Area Type","lnduse":"R1","name":"","objectid_1":"9143","parcel_id":"203049000","story_ht_":"2"},"type":"Feature"}
,{"geometry":{"coordinates":[[[-71.0608160,42.3777470],[-71.0607140,42.3777170],[-71.06072399999999,42.37770],[-71.0606760,42.3776850],[-71.0607060,42.3776290],[-71.0607550,42.3776440],[-71.06076400000001,42.3776280],[-71.06086500000001,42.3776570]]],"type":"Polygon"},"id":3698,"properties":{"bra_use":"R1","foots_1003":"8695","gm_layer":"Unknown Area Type","gm_type":"Unknown Area Type","layer":"Unknown Area Type","lnduse":"R1","name":"","objectid_1":"9144","parcel_id":"203051000","story_ht_":"2"},"type":"Feature"}
,{"geometry":{"coordinates":[[[-71.06060700000001,42.3777670],[-71.06062300000001,42.3777330],[-71.06067899999999,42.3777490],[-71.0606860,42.3777350],[-71.06080,42.3777680],[-71.0607760,42.3778150]]],"type":"Polygon"},"id":3699,"properties":{"bra_use":"R2","foots_1003":"8696","gm_layer":"Unknown Area Type","gm_type":"Unknown Area Type","layer":"Unknown Area Type","lnduse":"R2","name":"","objectid_1":"9145","parcel_id":"203052000","story_ht_":"2"},"type":"Feature"}
,{"geometry":{"coordinates":[[[-71.0606720,42.3779920],[-71.06056599999999,42.3779610],[-71.0606090,42.3778780],[-71.0607150,42.377910]]],"type":"Polygon"},"id":3701,"properties":{"bra_use":"R2","foots_1003":"8698","gm_layer":"Unknown Area Type","gm_type":"Unknown Area Type","layer":"Unknown Area Type","lnduse":"R2","name":"","objectid_1":"9147","parcel_id":"203054000","story_ht_":"2"},"type":"Feature"}
,{"geometry":{"coordinates":[[[-71.06029700000001,42.3781030],[-71.0603430,42.3780320],[-71.06035900000001,42.3780380],[-71.0603960,42.3779810],[-71.06049299999999,42.3780150],[-71.06043699999999,42.3781020],[-71.0604530,42.3781070],[-71.0604270,42.3781470]]],"type":"Polygon"},"id":3703,"properties":{"bra_use":"R2","foots_1003":"8700","gm_layer":"Unknown Area Type","gm_type":"Unknown Area Type","layer":"Unknown Area Type","lnduse":"R2","name":"","objectid_1":"9149","parcel_id":"203058000","story_ht_":"2"},"type":"Feature"}
,{"geometry":{"coordinates":[[[-71.060380,42.3778750],[-71.06031900000001,42.3778570],[-71.06034099999999,42.3778180],[-71.0603230,42.3778130],[-71.060340,42.377780],[-71.06035900000001,42.3777860],[-71.060380,42.3777470],[-71.0604410,42.3777660]]],"type":"Polygon"},"id":3707,"properties":{"bra_use":"R1","foots_1003":"8704","gm_layer":"Unknown Area Type","gm_type":"Unknown Area Type","layer":"Unknown Area Type","lnduse":"R1","name":"","objectid_1":"9153","parcel_id":"203062020","story_ht_":"2"},"type":"Feature"}
,{"geometry":{"coordinates":[[[-71.0601480,42.3777370],[-71.0601810,42.3776790],[-71.0601580,42.3776720],[-71.0601870,42.377620],[-71.0601980,42.3776240],[-71.0602980,42.3776520],[-71.0602840,42.3776770],[-71.0603620,42.3777010],[-71.0603510,42.3777210],[-71.06033100000001,42.3777140],[-71.06029599999999,42.3777810],[-71.0602930,42.377780],[-71.0601970,42.3777510]]],"type":"Polygon"},"id":3708,"properties":{"bra_use":"R1","foots_1003":"8705","gm_layer":"Unknown Area Type","gm_type":"Unknown Area Type","layer":"Unknown Area Type","lnduse":"R1","name":"","objectid_1":"9154","parcel_id":"203062020","story_ht_":"2"},"type":"Feature"}
,{"geometry":{"coordinates":[[[-71.0602320,42.3775450],[-71.0602550,42.3775060],[-71.06035900000001,42.3775360],[-71.0603510,42.3775540],[-71.0604390,42.377580],[-71.0604250,42.3776040]]],"type":"Polygon"},"id":3710,"properties":{"bra_use":"R1","foots_1003":"8707","gm_layer":"Unknown Area Type","gm_type":"Unknown Area Type","layer":"Unknown Area Type","lnduse":"R1","name":"","objectid_1":"9156","parcel_id":"203065000","story_ht_":"2"},"type":"Feature"}
,{"geometry":{"coordinates":[[[-71.0603320,42.3773520],[-71.0603560,42.3773060],[-71.06047599999999,42.3773410],[-71.0604670,42.3773610],[-71.0605470,42.3773840],[-71.0605340,42.3774110]]],"type":"Polygon"},"id":3713,"properties":{"bra_use":"R1","foots_1003":"8710","gm_layer":"Unknown Area Type","gm_type":"Unknown Area Type","layer":"Unknown Area Type","lnduse":"R1","name":"","objectid_1":"9159","parcel_id":"203068000","story_ht_":"2"},"type":"Feature"}
,{"geometry":{"coordinates":[[[-71.0612610,42.3775350],[-71.0613280,42.3775520],[-71.0613140,42.3775790],[-71.0611270,42.3775310],[-71.0611530,42.3774840],[-71.0612690,42.3775210]]],"type":"Polygon"},"id":3714,"properties":{"bra_use":"R1","foots_1003":"8711","gm_layer":"Unknown Area Type","gm_type":"Unknown Area Type","layer":"Unknown Area Type","lnduse":"R1","name":"","objectid_1":"9160","parcel_id":"203069000","story_ht_":"2"},"type":"Feature"}
,{"geometry":{"coordinates":[[[-71.0612660,42.3772740],[-71.0613070,42.3772850],[-71.06137800000001,42.3773050],[-71.0613810,42.3772970],[-71.06147900000001,42.3773250],[-71.0614870,42.3773270],[-71.061420,42.3774530],[-71.06139899999999,42.3774470],[-71.0612050,42.3773870]]],"type":"Polygon"},"id":3716,"properties":{"bra_use":"R2","foots_1003":"8713","gm_layer":"Unknown Area Type","gm_type":"Unknown Area Type","layer":"Unknown Area Type","lnduse":"R2","name":"","objectid_1":"9162","parcel_id":"203072000","story_ht_":"2"},"type":"Feature"}
,{"geometry":{"coordinates":[[[-71.0615220,42.3776850],[-71.0614830,42.3777580],[-71.06135399999999,42.377720],[-71.0613920,42.3776470]]],"type":"Polygon"},"id":3721,"properties":{"bra_use":"R1","foots_1003":"8718","gm_layer":"Unknown Area Type","gm_type":"Unknown Area Type","layer":"Unknown Area Type","lnduse":"R1","name":"","objectid_1":"9167","parcel_id":"203077000","story_ht_":"2"},"type":"Feature"}
,{"geometry":{"coordinates":[[[-71.0608390,42.378080],[-71.0609470,42.3781140],[-71.06093900000001,42.3781270],[-71.0610080,42.3781480],[-71.0609690,42.3782190],[-71.06089900000001,42.3781980],[-71.060890,42.3782150],[-71.0607830,42.3781820]]],"type":"Polygon"},"id":3726,"properties":{"bra_use":"R3","foots_1003":"8723","gm_layer":"Unknown Area Type","gm_type":"Unknown Area Type","layer":"Unknown Area Type","lnduse":"R3","name":"","objectid_1":"9172","parcel_id":"203083000","story_ht_":"2"},"type":"Feature"}
,{"geometry":{"coordinates":[[[-71.06090399999999,42.377950],[-71.0610140,42.3779810],[-71.06095999999999,42.3780840],[-71.0608510,42.3780550]]],"type":"Polygon"},"id":3727,"properties":{"bra_use":"R1","foots_1003":"8724","gm_layer":"Unknown Area Type","gm_type":"Unknown Area Type","layer":"Unknown Area Type","lnduse":"R1","name":"","objectid_1":"9173","parcel_id":"203084000","story_ht_":"2"},"type":"Feature"}
,{"geometry":{"coordinates":[[[-71.0610210,42.3777380],[-71.0610480,42.3776870],[-71.0611560,42.3777160],[-71.06120799999999,42.3777330],[-71.0611930,42.3777580],[-71.06116400000001,42.3777490],[-71.061150,42.3777760]]],"type":"Polygon"},"id":3731,"properties":{"bra_use":"R1","foots_1003":"8728","gm_layer":"Unknown Area Type","gm_type":"Unknown Area Type","layer":"Unknown Area Type","lnduse":"R1","name":"","objectid_1":"9177","parcel_id":"203089000","story_ht_":"2"},"type":"Feature"}
,{"geometry":{"coordinates":[[[-71.06111900000001,42.3775580],[-71.0612320,42.3775920],[-71.0612150,42.3776220],[-71.06110200000001,42.377590]]],"type":"Polygon"},"id":3734,"properties":{"bra_use":"R1","foots_1003":"8731","gm_layer":"Unknown Area Type","gm_type":"Unknown Area Type","layer":"Unknown Area Type","lnduse":"R1","name":"","objectid_1":"9180","parcel_id":"203092000","story_ht_":"2"},"type":"Feature"}
,{"geometry":{"coordinates":[[[-71.06174300000001,42.377550],[-71.06176000000001,42.3775270],[-71.06181700000001,42.377550],[-71.0618320,42.3775340],[-71.061920,42.3775710],[-71.0618860,42.3776140]]],"type":"Polygon"},"id":3740,"properties":{"bra_use":"R1","foots_1003":"8737","gm_layer":"Unknown Area Type","gm_type":"Unknown Area Type","layer":"Unknown Area Type","lnduse":"R1","name":"","objectid_1":"9186","parcel_id":"203098000","story_ht_":"2"},"type":"Feature"}
,{"geometry":{"coordinates":[[[-71.0618510,42.3776580],[-71.0617620,42.3776190],[-71.0617780,42.3775980],[-71.0617230,42.3775740],[-71.06174300000001,42.377550],[-71.0618860,42.3776140]]],"type":"Polygon"},"id":3741,"properties":{"bra_use":"R1","foots_1003":"8738","gm_layer":"Unknown Area Type","gm_type":"Unknown Area Type","layer":"Unknown Area Type","lnduse":"R1","name":"","objectid_1":"9187","parcel_id":"203099000","story_ht_":"2"},"type":"Feature"}
,{"geometry":{"coordinates":[[[-71.06126399999999,42.3782650],[-71.0613140,42.3782830],[-71.0612660,42.3783570],[-71.0612890,42.3783640],[-71.0612440,42.3784320],[-71.0611710,42.3784060]]],"type":"Polygon"},"id":3754,"properties":{"bra_use":"R2","foots_1003":"8751","gm_layer":"Unknown Area Type","gm_type":"Unknown Area Type","layer":"Unknown Area Type","lnduse":"R2","name":"","objectid_1":"9200","parcel_id":"203112000","story_ht_":"2"},"type":"Feature"}
,{"geometry":{"coordinates":[[[-71.0620710,42.376980],[-71.0621080,42.376920],[-71.06221100000001,42.3769590],[-71.0621750,42.3770160]]],"type":"Polygon"},"id":3767,"properties":{"bra_use":"R1","foots_1003":"8764","gm_layer":"Unknown Area Type","gm_type":"Unknown Area Type","layer":"Unknown Area Type","lnduse":"R1","name":"","objectid_1":"9213","parcel_id":"203127000","story_ht_":"2"},"type":"Feature"}
,{"geometry":{"coordinates":[[[-71.0620030,42.3769620],[-71.0620160,42.3769370],[-71.0619990,42.3769320],[-71.0620160,42.3769020],[-71.0620340,42.3769070],[-71.0620440,42.3768890],[-71.06210,42.3769050],[-71.062060,42.3769790]]],"type":"Polygon"},"id":3768,"properties":{"bra_use":"R1","foots_1003":"8765","gm_layer":"Unknown Area Type","gm_type":"Unknown Area Type","layer":"Unknown Area Type","lnduse":"R1","name":"","objectid_1":"9214","parcel_id":"203128000","story_ht_":"2"},"type":"Feature"}
,{"geometry":{"coordinates":[[[-71.06197400000001,42.3764220],[-71.0621340,42.3764670],[-71.06210,42.376530],[-71.0619870,42.37650],[-71.0620120,42.376450],[-71.0619670,42.3764370]]],"type":"Polygon"},"id":3806,"properties":{"bra_use":"R2","foots_1003":"8802","gm_layer":"Unknown Area Type","gm_type":"Unknown Area Type","layer":"Unknown Area Type","lnduse":"R2","name":"","objectid_1":"9251","parcel_id":"203165001","story_ht_":"2"},"type":"Feature"}
,{"geometry":{"coordinates":[[[-71.0623830,42.3759760],[-71.062450,42.3760020],[-71.06242500000001,42.3760620],[-71.0623440,42.3760330]]],"type":"Polygon"},"id":3808,"properties":{"bra_use":"R1","foots_1003":"8804","gm_layer":"Unknown Area Type","gm_type":"Unknown Area Type","layer":"Unknown Area Type","lnduse":"R1","name":"","objectid_1":"9253","parcel_id":"203167000","story_ht_":"2"},"type":"Feature"}
,{"geometry":{"coordinates":[[[-71.06198000000001,42.3780870],[-71.0619990,42.3780640],[-71.0620680,42.3780940],[-71.062090,42.3780670],[-71.06218200000001,42.3781050],[-71.06214199999999,42.3781560]]],"type":"Polygon"},"id":3041,"properties":{"bra_use":"R1","foots_1003":"6912","gm_layer":"Unknown Area Type","gm_type":"Unknown Area Type","layer":"Unknown Area Type","lnduse":"R1","name":"","objectid_1":"7306","parcel_id":"200180000","story_ht_":"1.5"},"type":"Feature"}
,{"geometry":{"coordinates":[[[-71.0637760,42.3781180],[-71.0638660,42.3780390],[-71.0638680,42.378040],[-71.063880,42.378030],[-71.0639010,42.3780420],[-71.06388800000001,42.3780550],[-71.0639420,42.3780880],[-71.06391499999999,42.3781110],[-71.0639240,42.3781160],[-71.0638950,42.3781420],[-71.0638850,42.3781370],[-71.0638520,42.3781650]]],"type":"Polygon"},"id":3149,"properties":{"bra_use":"R1","foots_1003":"7030","gm_layer":"Unknown Area Type","gm_type":"Unknown Area Type","layer":"Unknown Area Type","lnduse":"R1","name":"","objectid_1":"7424","parcel_id":"200328000","story_ht_":"1.5"},"type":"Feature"}
,{"geometry":{"coordinates":[[[-71.0616960,42.377580],[-71.061660,42.3775660],[-71.06171999999999,42.3774750],[-71.0617620,42.3774930]]],"type":"Polygon"},"id":3735,"properties":{"bra_use":"R1","foots_1003":"8732","gm_layer":"Unknown Area Type","gm_type":"Unknown Area Type","layer":"Unknown Area Type","lnduse":"R1","name":"","objectid_1":"9181","parcel_id":"203093000","story_ht_":"1.5"},"type":"Feature"}
,{"geometry":{"coordinates":[[[-71.06173800000001,42.3773990],[-71.061790,42.3773360],[-71.0618380,42.3773580],[-71.06178800000001,42.3774220]]],"type":"Polygon"},"id":3736,"properties":{"bra_use":"R1","foots_1003":"8733","gm_layer":"Unknown Area Type","gm_type":"Unknown Area Type","layer":"Unknown Area Type","lnduse":"R1","name":"","objectid_1":"9182","parcel_id":"203094000","story_ht_":"1.5"},"type":"Feature"}
,{"geometry":{"coordinates":[[[-71.06178800000001,42.3774220],[-71.0618380,42.3773580],[-71.0618930,42.3773830],[-71.06184500000001,42.3774480]]],"type":"Polygon"},"id":3737,"properties":{"bra_use":"R1","foots_1003":"8734","gm_layer":"Unknown Area Type","gm_type":"Unknown Area Type","layer":"Unknown Area Type","lnduse":"R1","name":"","objectid_1":"9183","parcel_id":"203095000","story_ht_":"1.5"},"type":"Feature"}
,{"geometry":{"coordinates":[[[-71.0618930,42.3773830],[-71.06194499999999,42.3774080],[-71.0618940,42.3774720],[-71.06184500000001,42.3774480]]],"type":"Polygon"},"id":3738,"properties":{"bra_use":"R1","foots_1003":"8735","gm_layer":"Unknown Area Type","gm_type":"Unknown Area Type","layer":"Unknown Area Type","lnduse":"R1","name":"","objectid_1":"9184","parcel_id":"203096000","story_ht_":"1.5"},"type":"Feature"}
,{"geometry":{"coordinates":[[[-71.0622310,42.3786740],[-71.0622770,42.3786040],[-71.06240200000001,42.378650],[-71.06230600000001,42.3787950],[-71.06218200000001,42.3787530]]],"type":"Polygon"},"id":3087,"properties":{"bra_use":"C","foots_1003":"6958","gm_layer":"Unknown Area Type","gm_type":"Unknown Area Type","layer":"Unknown Area Type","lnduse":"C","name":"","objectid_1":"7352","parcel_id":"200232000","story_ht_":"1"},"type":"Feature"}
,{"geometry":{"coordinates":[[[-71.06220399999999,42.3784370],[-71.0621640,42.3784850],[-71.0620790,42.3784450],[-71.0621190,42.3783980]]],"type":"Polygon"},"id":3091,"properties":{"bra_use":"R1","foots_1003":"6962","gm_layer":"Unknown Area Type","gm_type":"Unknown Area Type","layer":"Unknown Area Type","lnduse":"R1","name":"","objectid_1":"7356","parcel_id":"200236000","story_ht_":"1"},"type":"Feature"}
,{"geometry":{"coordinates":[[[-71.06215899999999,42.3783490],[-71.06224400000001,42.3783890],[-71.06220399999999,42.3784370],[-71.0621190,42.3783980]]],"type":"Polygon"},"id":3092,"properties":{"bra_use":"R1","foots_1003":"6963","gm_layer":"Unknown Area Type","gm_type":"Unknown Area Type","layer":"Unknown Area Type","lnduse":"R1","name":"","objectid_1":"7357","parcel_id":"200237000","story_ht_":"1"},"type":"Feature"}
,{"geometry":{"coordinates":[[[-71.06419699999999,42.3789330],[-71.0642520,42.378860],[-71.0643460,42.3788980],[-71.06432100000001,42.3789310]]],"type":"Polygon"},"id":3424,"properties":{"bra_use":"R1","foots_1003":"7311","gm_layer":"Unknown Area Type","gm_type":"Unknown Area Type","layer":"Unknown Area Type","lnduse":"R1","name":"","objectid_1":"7706","parcel_id":"200664000","story_ht_":"1"},"type":"Feature"}
,{"geometry":{"coordinates":[[[-71.0607460,42.3782560],[-71.0607790,42.3781960],[-71.0608970,42.3782310],[-71.06085899999999,42.3782930]]],"type":"Polygon"},"id":3724,"properties":{"bra_use":"C","foots_1003":"8721","gm_layer":"Unknown Area Type","gm_type":"Unknown Area Type","layer":"Unknown Area Type","lnduse":"C","name":"","objectid_1":"9170","parcel_id":"203081000","story_ht_":"1"},"type":"Feature"}
,{"geometry":{"coordinates":[[[-71.0610410,42.3782740],[-71.0609880,42.3783380],[-71.06085899999999,42.3782930],[-71.0608970,42.3782310]]],"type":"Polygon"},"id":3725,"properties":{"bra_use":"C","foots_1003":"8722","gm_layer":"Unknown Area Type","gm_type":"Unknown Area Type","layer":"Unknown Area Type","lnduse":"C","name":"","objectid_1":"9171","parcel_id":"203081000","story_ht_":"1"},"type":"Feature"}
,{"geometry":{"coordinates":[[[-71.06074200000001,42.3765820],[-71.0606030,42.3765490],[-71.06061800000001,42.3765150],[-71.0605960,42.3765090],[-71.0606240,42.3764450],[-71.0606470,42.3764510],[-71.06066300000001,42.3764160],[-71.0608010,42.3764490]]],"type":"Polygon"},"id":3807,"properties":{"bra_use":"XG","foots_1003":"8803","gm_layer":"Unknown Area Type","gm_type":"Unknown Area Type","layer":"Unknown Area Type","lnduse":"E","name":"","objectid_1":"9252","parcel_id":"203166000","story_ht_":"1"},"type":"Feature"}
,{"geometry":{"coordinates":[[[-71.0614080,42.3789830],[-71.0615980,42.3787310],[-71.0617610,42.3787850],[-71.0616170,42.378980]]],"type":"Polygon"},"id":2973,"properties":{"bra_use":"CM","foots_1003":"6840","gm_layer":"Unknown Area Type","gm_type":"Unknown Area Type","layer":"Unknown Area Type","lnduse":"CM","name":"","objectid_1":"7234","parcel_id":"200143000","story_ht_":"0"},"type":"Feature"}
,{"geometry":{"coordinates":[[[-71.0617180,42.3783410],[-71.06169300000001,42.3783720],[-71.0616150,42.3783370],[-71.0615980,42.3783540],[-71.0614920,42.3783080],[-71.0615340,42.3782570]]],"type":"Polygon"},"id":3021,"properties":{"bra_use":"CM","foots_1003":"6892","gm_layer":"Unknown Area Type","gm_type":"Unknown Area Type","layer":"Unknown Area Type","lnduse":"CM","name":"","objectid_1":"7286","parcel_id":"200157000","story_ht_":"0"},"type":"Feature"}
,{"geometry":{"coordinates":[[[-71.0618370,42.3780670],[-71.0618960,42.3780940],[-71.0618760,42.3781220],[-71.0618120,42.3780950],[-71.06171500000001,42.3780510],[-71.0617560,42.3779970],[-71.06185600000001,42.3780420]]],"type":"Polygon"},"id":3026,"properties":{"bra_use":"CM","foots_1003":"6897","gm_layer":"Unknown Area Type","gm_type":"Unknown Area Type","layer":"Unknown Area Type","lnduse":"CM","name":"","objectid_1":"7291","parcel_id":"200162000","story_ht_":"0"},"type":"Feature"}
,{"geometry":{"coordinates":[[[-71.0619090,42.3784490],[-71.06187199999999,42.3784960],[-71.0617670,42.3784490],[-71.0617810,42.3784330],[-71.0617280,42.3784090],[-71.0617530,42.378380]]],"type":"Polygon"},"id":3046,"properties":{"bra_use":"CM","foots_1003":"6917","gm_layer":"Unknown Area Type","gm_type":"Unknown Area Type","layer":"Unknown Area Type","lnduse":"CM","name":"","objectid_1":"7311","parcel_id":"200186000","story_ht_":"0"},"type":"Feature"}
,{"geometry":{"coordinates":[[[-71.0617390,42.3784890],[-71.0617620,42.3784610],[-71.0618540,42.3785030],[-71.0617790,42.3786130],[-71.0615770,42.3785420],[-71.0616490,42.3784510]]],"type":"Polygon"},"id":3047,"properties":{"bra_use":"CM","foots_1003":"6918","gm_layer":"Unknown Area Type","gm_type":"Unknown Area Type","layer":"Unknown Area Type","lnduse":"CM","name":"","objectid_1":"7312","parcel_id":"200187000","story_ht_":"0"},"type":"Feature"}
,{"geometry":{"coordinates":[[[-71.0613740,42.3784730],[-71.0614920,42.378320],[-71.061560,42.3783480],[-71.0615450,42.3783670],[-71.0614430,42.3784960]]],"type":"Polygon"},"id":3050,"properties":{"bra_use":"CM","foots_1003":"6921","gm_layer":"Unknown Area Type","gm_type":"Unknown Area Type","layer":"Unknown Area Type","lnduse":"CM","name":"","objectid_1":"7315","parcel_id":"200190000","story_ht_":"0"},"type":"Feature"}
,{"geometry":{"coordinates":[[[-71.06257100000001,42.3778280],[-71.06264899999999,42.3777320],[-71.06266100000001,42.3777360],[-71.0626750,42.3777330],[-71.0626870,42.3777380],[-71.06268799999999,42.3777490],[-71.0627180,42.3777640],[-71.0626680,42.3778240],[-71.06275700000001,42.3778630],[-71.0627290,42.3778980]]],"type":"Polygon"},"id":3051,"properties":{"bra_use":"CM","foots_1003":"6922","gm_layer":"Unknown Area Type","gm_type":"Unknown Area Type","layer":"Unknown Area Type","lnduse":"CM","name":"","objectid_1":"7316","parcel_id":"200191000","story_ht_":"0"},"type":"Feature"}
,{"geometry":{"coordinates":[[[-71.0628210,42.3782290],[-71.0629260,42.3782710],[-71.0629430,42.3782470],[-71.0630620,42.3782920],[-71.06302599999999,42.3783430],[-71.06280,42.3782570]]],"type":"Polygon"},"id":3059,"properties":{"bra_use":"CM","foots_1003":"6930","gm_layer":"Unknown Area Type","gm_type":"Unknown Area Type","layer":"Unknown Area Type","lnduse":"CM","name":"","objectid_1":"7324","parcel_id":"200199000","story_ht_":"0"},"type":"Feature"}
,{"geometry":{"coordinates":[[[-71.06288499999999,42.3783260],[-71.0627810,42.3782840],[-71.06280,42.3782570],[-71.06302599999999,42.3783430],[-71.0629880,42.3783940],[-71.0628680,42.3783490]]],"type":"Polygon"},"id":3060,"properties":{"bra_use":"CM","foots_1003":"6931","gm_layer":"Unknown Area Type","gm_type":"Unknown Area Type","layer":"Unknown Area Type","lnduse":"CM","name":"","objectid_1":"7325","parcel_id":"200200000","story_ht_":"0"},"type":"Feature"}
,{"geometry":{"coordinates":[[[-71.0627410,42.3784510],[-71.0627470,42.3784420],[-71.062690,42.3784190],[-71.062720,42.3783760],[-71.06270499999999,42.378370],[-71.0627210,42.3783470],[-71.0628030,42.3783790],[-71.0627810,42.378410],[-71.0628370,42.3784320],[-71.0628420,42.3784250],[-71.06293599999999,42.3784630],[-71.062940,42.3784650],[-71.0629380,42.3784670],[-71.0629440,42.3784750],[-71.0629320,42.378490],[-71.06291899999999,42.3784930],[-71.06290300000001,42.3785150]]],"type":"Polygon"},"id":3062,"properties":{"bra_use":"CM","foots_1003":"6933","gm_layer":"Unknown Area Type","gm_type":"Unknown Area Type","layer":"Unknown Area Type","lnduse":"CM","name":"","objectid_1":"7327","parcel_id":"200202000","story_ht_":"0"},"type":"Feature"}
,{"geometry":{"coordinates":[[[-71.0626640,42.3781980],[-71.0627030,42.3782120],[-71.06267200000001,42.378260],[-71.06263199999999,42.3782450]]],"type":"Polygon"},"id":3074,"properties":{"bra_use":"RL","foots_1003":"6945","gm_layer":"Unknown Area Type","gm_type":"Unknown Area Type","layer":"Unknown Area Type","lnduse":"RL","name":"","objectid_1":"7339","parcel_id":"200214000","story_ht_":"0"},"type":"Feature"}
,{"geometry":{"coordinates":[[[-71.0624590,42.3787170],[-71.0625130,42.3787370],[-71.06249099999999,42.378770],[-71.0625050,42.3787770],[-71.0624540,42.3788540],[-71.0624260,42.3788450],[-71.0624150,42.3788470],[-71.0623980,42.3788390],[-71.0623950,42.3788330],[-71.0623890,42.3788310]]],"type":"Polygon"},"id":3085,"properties":{"bra_use":"CM","foots_1003":"6956","gm_layer":"Unknown Area Type","gm_type":"Unknown Area Type","layer":"Unknown Area Type","lnduse":"CM","name":"","objectid_1":"7350","parcel_id":"200230000","story_ht_":"0"},"type":"Feature"}
,{"geometry":{"coordinates":[[[-71.0623310,42.3788110],[-71.0623870,42.3787250],[-71.0624030,42.3787310],[-71.0624340,42.3786810],[-71.0624740,42.3786950],[-71.0624590,42.3787170],[-71.0623890,42.3788310]]],"type":"Polygon"},"id":3086,"properties":{"bra_use":"CM","foots_1003":"6957","gm_layer":"Unknown Area Type","gm_type":"Unknown Area Type","layer":"Unknown Area Type","lnduse":"CM","name":"","objectid_1":"7351","parcel_id":"200231000","story_ht_":"0"},"type":"Feature"}
,{"geometry":{"coordinates":[[[-71.06226100000001,42.3785410],[-71.0622360,42.3785730],[-71.062220,42.3785670],[-71.0621980,42.3785960],[-71.06217100000001,42.3785820],[-71.0621670,42.3785870],[-71.0621120,42.3785630],[-71.0621180,42.3785580],[-71.0620330,42.3785220],[-71.0620280,42.3785110],[-71.0620440,42.3784860],[-71.0620610,42.3784840],[-71.0620780,42.3784640]]],"type":"Polygon"},"id":3090,"properties":{"bra_use":"CM","foots_1003":"6961","gm_layer":"Unknown Area Type","gm_type":"Unknown Area Type","layer":"Unknown Area Type","lnduse":"CM","name":"","objectid_1":"7355","parcel_id":"200235000","story_ht_":"0"},"type":"Feature"}
,{"geometry":{"coordinates":[[[-71.0630530,42.3785270],[-71.06308799999999,42.378480],[-71.06319000000001,42.3785210],[-71.0632620,42.378550],[-71.0632440,42.3785740],[-71.06331299999999,42.3786020],[-71.0632980,42.3786250],[-71.06325800000001,42.3786090]]],"type":"Polygon"},"id":3097,"properties":{"bra_use":"CM","foots_1003":"6968","gm_layer":"Unknown Area Type","gm_type":"Unknown Area Type","layer":"Unknown Area Type","lnduse":"CM","name":"","objectid_1":"7362","parcel_id":"200242000","story_ht_":"0"},"type":"Feature"}
,{"geometry":{"coordinates":[[[-71.0633210,42.3785090],[-71.0633510,42.3785210],[-71.0633340,42.3785440],[-71.063210,42.3784950],[-71.06319000000001,42.3785210],[-71.06308799999999,42.378480],[-71.0631250,42.3784290],[-71.06315100000001,42.3784410]]],"type":"Polygon"},"id":3098,"properties":{"bra_use":"CM","foots_1003":"6969","gm_layer":"Unknown Area Type","gm_type":"Unknown Area Type","layer":"Unknown Area Type","lnduse":"CM","name":"","objectid_1":"7363","parcel_id":"200243000","story_ht_":"0"},"type":"Feature"}
,{"geometry":{"coordinates":[[[-71.06389400000001,42.3789390],[-71.06389900000001,42.3789330],[-71.0638350,42.3789030],[-71.0638790,42.3788520],[-71.0639450,42.3788840],[-71.0639620,42.3788650],[-71.06406699999999,42.3789130],[-71.0640470,42.3789360]]],"type":"Polygon"},"id":3127,"properties":{"bra_use":"CM","foots_1003":"7002","gm_layer":"Unknown Area Type","gm_type":"Unknown Area Type","layer":"Unknown Area Type","lnduse":"CM","name":"","objectid_1":"7396","parcel_id":"200292000","story_ht_":"0"},"type":"Feature"}
,{"geometry":{"coordinates":[[[-71.06372399999999,42.3773820],[-71.063630,42.3773420],[-71.0636250,42.3773480],[-71.0635290,42.3773090],[-71.0635510,42.3772790],[-71.0636040,42.37730],[-71.06362300000001,42.3772740],[-71.0637620,42.377330]]],"type":"Polygon"},"id":3166,"properties":{"bra_use":"CM","foots_1003":"7047","gm_layer":"Unknown Area Type","gm_type":"Unknown Area Type","layer":"Unknown Area Type","lnduse":"CM","name":"","objectid_1":"7441","parcel_id":"200349000","story_ht_":"0"},"type":"Feature"}
,{"geometry":{"coordinates":[[[-71.0634680,42.3777340],[-71.063430,42.3777870],[-71.063230,42.3777070],[-71.06325699999999,42.3776680],[-71.06334800000001,42.3777040],[-71.06335799999999,42.377690]]],"type":"Polygon"},"id":3169,"properties":{"bra_use":"CM","foots_1003":"7050","gm_layer":"Unknown Area Type","gm_type":"Unknown Area Type","layer":"Unknown Area Type","lnduse":"CM","name":"","objectid_1":"7444","parcel_id":"200356000","story_ht_":"0"},"type":"Feature"}
,{"geometry":{"coordinates":[[[-71.062890,42.3777210],[-71.06290,42.377710],[-71.0629040,42.3777120],[-71.0629610,42.3776440],[-71.0629830,42.3776550],[-71.06304400000001,42.3775880],[-71.0630740,42.37760],[-71.0630630,42.3776130],[-71.063080,42.3776210],[-71.06305999999999,42.3776440],[-71.0629690,42.3777550]]],"type":"Polygon"},"id":3173,"properties":{"bra_use":"CM","foots_1003":"7054","gm_layer":"Unknown Area Type","gm_type":"Unknown Area Type","layer":"Unknown Area Type","lnduse":"CM","name":"","objectid_1":"7448","parcel_id":"200362000","story_ht_":"0"},"type":"Feature"}
,{"geometry":{"coordinates":[[[-71.0628230,42.3776880],[-71.0628090,42.377690],[-71.0627860,42.3776810],[-71.06278500000001,42.3776720],[-71.06271700000001,42.377640],[-71.0627610,42.3775820],[-71.0628720,42.3776310],[-71.0628620,42.3776440],[-71.06291899999999,42.3776690],[-71.0628780,42.3777130]]],"type":"Polygon"},"id":3174,"properties":{"bra_use":"CM","foots_1003":"7055","gm_layer":"Unknown Area Type","gm_type":"Unknown Area Type","layer":"Unknown Area Type","lnduse":"CM","name":"","objectid_1":"7449","parcel_id":"200363000","story_ht_":"0"},"type":"Feature"}
,{"geometry":{"coordinates":[[[-71.06350000000001,42.3769640],[-71.06347599999999,42.3769950],[-71.06340400000001,42.3769630],[-71.06338599999999,42.3769860],[-71.0632730,42.3769360],[-71.0633160,42.3768840]]],"type":"Polygon"},"id":3185,"properties":{"bra_use":"CM","foots_1003":"7066","gm_layer":"Unknown Area Type","gm_type":"Unknown Area Type","layer":"Unknown Area Type","lnduse":"CM","name":"","objectid_1":"7460","parcel_id":"200376000","story_ht_":"0"},"type":"Feature"}
,{"geometry":{"coordinates":[[[-71.0627530,42.3773720],[-71.0627130,42.3774230],[-71.06253700000001,42.3773440],[-71.0625220,42.3773370],[-71.0625460,42.3773070],[-71.0626450,42.377350],[-71.06265999999999,42.3773330]]],"type":"Polygon"},"id":3204,"properties":{"bra_use":"CM","foots_1003":"7085","gm_layer":"Unknown Area Type","gm_type":"Unknown Area Type","layer":"Unknown Area Type","lnduse":"CM","name":"","objectid_1":"7479","parcel_id":"200395000","story_ht_":"0"},"type":"Feature"}
,{"geometry":{"coordinates":[[[-71.0629680,42.3765040],[-71.0629320,42.3765560],[-71.0628540,42.3765250],[-71.0628720,42.3764980],[-71.0629060,42.376510],[-71.0629170,42.3764970],[-71.0628830,42.3764870],[-71.06293700000001,42.3764050],[-71.06301600000001,42.3764320]]],"type":"Polygon"},"id":3220,"properties":{"bra_use":"CM","foots_1003":"7101","gm_layer":"Unknown Area Type","gm_type":"Unknown Area Type","layer":"Unknown Area Type","lnduse":"CM","name":"","objectid_1":"7495","parcel_id":"200413000","story_ht_":"0"},"type":"Feature"}
,{"geometry":{"coordinates":[[[-71.06301600000001,42.3764320],[-71.0630960,42.376460],[-71.06304400000001,42.3765430],[-71.06301499999999,42.3765830],[-71.0629440,42.376560],[-71.0629610,42.3765330],[-71.0629730,42.3765370],[-71.0629890,42.376510],[-71.0629680,42.3765040]]],"type":"Polygon"},"id":3221,"properties":{"bra_use":"CM","foots_1003":"7102","gm_layer":"Unknown Area Type","gm_type":"Unknown Area Type","layer":"Unknown Area Type","lnduse":"CM","name":"","objectid_1":"7496","parcel_id":"200414000","story_ht_":"0"},"type":"Feature"}
,{"geometry":{"coordinates":[[[-71.0632710,42.3760720],[-71.06319499999999,42.3761950],[-71.0632270,42.3762070],[-71.0631660,42.3763070],[-71.0631530,42.3763030],[-71.06314399999999,42.3763050],[-71.063130,42.3762990],[-71.0631190,42.3762890],[-71.0630410,42.3762670],[-71.063030,42.3762680],[-71.06301000000001,42.3762590],[-71.06299799999999,42.3762470],[-71.0629910,42.3762440],[-71.0630130,42.3762110],[-71.06300400000001,42.3762020],[-71.0630180,42.3761790],[-71.0630310,42.3761790],[-71.0631040,42.3760670],[-71.06319600000001,42.3760940],[-71.063220,42.3760520]]],"type":"Polygon"},"id":3226,"properties":{"bra_use":"CM","foots_1003":"7107","gm_layer":"Unknown Area Type","gm_type":"Unknown Area Type","layer":"Unknown Area Type","lnduse":"CM","name":"","objectid_1":"7501","parcel_id":"200420000","story_ht_":"0"},"type":"Feature"}
,{"geometry":{"coordinates":[[[-71.0630780,42.376060],[-71.06320,42.3758070],[-71.0633220,42.3758390],[-71.063220,42.3760520],[-71.06319600000001,42.3760940],[-71.0631040,42.3760670]]],"type":"Polygon"},"id":3227,"properties":{"bra_use":"CM","foots_1003":"7108","gm_layer":"Unknown Area Type","gm_type":"Unknown Area Type","layer":"Unknown Area Type","lnduse":"CM","name":"","objectid_1":"7502","parcel_id":"200420000","story_ht_":"0"},"type":"Feature"}
,{"geometry":{"coordinates":[[[-71.0633570,42.3763940],[-71.06325200000001,42.3763540],[-71.06325699999999,42.3763480],[-71.0632770,42.3763180],[-71.0632750,42.376310],[-71.06328499999999,42.3762910],[-71.0632990,42.3762880],[-71.0633260,42.3762480],[-71.06332399999999,42.3762340],[-71.0633370,42.3762150],[-71.063350,42.3762130],[-71.0633620,42.3761950],[-71.06346000000001,42.3762280],[-71.0634060,42.3763060],[-71.0634160,42.3763080]]],"type":"Polygon"},"id":3255,"properties":{"bra_use":"CM","foots_1003":"7136","gm_layer":"Unknown Area Type","gm_type":"Unknown Area Type","layer":"Unknown Area Type","lnduse":"CM","name":"","objectid_1":"7530","parcel_id":"200445000","story_ht_":"0"},"type":"Feature"}
,{"geometry":{"coordinates":[[[-71.06420,42.3765580],[-71.0641430,42.376610],[-71.0640950,42.3765790],[-71.0640780,42.3765940],[-71.0639470,42.3765140],[-71.06403400000001,42.3764350],[-71.0641730,42.3765220],[-71.0641590,42.3765330]]],"type":"Polygon"},"id":3270,"properties":{"bra_use":"CM","foots_1003":"7151","gm_layer":"Unknown Area Type","gm_type":"Unknown Area Type","layer":"Unknown Area Type","lnduse":"CM","name":"","objectid_1":"7545","parcel_id":"200458000","story_ht_":"0"},"type":"Feature"}
,{"geometry":{"coordinates":[[[-71.0645260,42.3760190],[-71.0645810,42.3760520],[-71.0645080,42.3761180],[-71.0644530,42.3760840]]],"type":"Polygon"},"id":3277,"properties":{"bra_use":"CM","foots_1003":"7158","gm_layer":"Unknown Area Type","gm_type":"Unknown Area Type","layer":"Unknown Area Type","lnduse":"CM","name":"","objectid_1":"7552","parcel_id":"200464000","story_ht_":"0"},"type":"Feature"}
,{"geometry":{"coordinates":[[[-71.05983000000001,42.3769550],[-71.0597520,42.3769280],[-71.0598340,42.3767970],[-71.0599130,42.3768250],[-71.05984100000001,42.3769430]]],"type":"Polygon"},"id":3684,"properties":{"bra_use":"CM","foots_1003":"8681","gm_layer":"Unknown Area Type","gm_type":"Unknown Area Type","layer":"Unknown Area Type","lnduse":"CM","name":"","objectid_1":"9130","parcel_id":"203034000","story_ht_":"0"},"type":"Feature"}
,{"geometry":{"coordinates":[[[-71.05984100000001,42.3769430],[-71.0599130,42.3768250],[-71.0600010,42.3768560],[-71.0599230,42.3769730]]],"type":"Polygon"},"id":3685,"properties":{"bra_use":"CM","foots_1003":"8682","gm_layer":"Unknown Area Type","gm_type":"Unknown Area Type","layer":"Unknown Area Type","lnduse":"CM","name":"","objectid_1":"9131","parcel_id":"203035000","story_ht_":"0"},"type":"Feature"}
,{"geometry":{"coordinates":[[[-71.0599210,42.3769780],[-71.0599230,42.3769730],[-71.0600010,42.3768560],[-71.0600860,42.3768860],[-71.06000400000001,42.3770080]]],"type":"Polygon"},"id":3686,"properties":{"bra_use":"CM","foots_1003":"8683","gm_layer":"Unknown Area Type","gm_type":"Unknown Area Type","layer":"Unknown Area Type","lnduse":"CM","name":"","objectid_1":"9132","parcel_id":"203036000","story_ht_":"0"},"type":"Feature"}
,{"geometry":{"coordinates":[[[-71.06000400000001,42.3770080],[-71.0600860,42.3768860],[-71.0601630,42.3769120],[-71.06007700000001,42.3770340]]],"type":"Polygon"},"id":3687,"properties":{"bra_use":"CM","foots_1003":"8684","gm_layer":"Unknown Area Type","gm_type":"Unknown Area Type","layer":"Unknown Area Type","lnduse":"CM","name":"","objectid_1":"9133","parcel_id":"203037000","story_ht_":"0"},"type":"Feature"}
,{"geometry":{"coordinates":[[[-71.0604160,42.3771580],[-71.06050000000001,42.3770330],[-71.0605880,42.3770650],[-71.06049899999999,42.3771870]]],"type":"Polygon"},"id":3690,"properties":{"bra_use":"CM","foots_1003":"8687","gm_layer":"Unknown Area Type","gm_type":"Unknown Area Type","layer":"Unknown Area Type","lnduse":"CM","name":"","objectid_1":"9136","parcel_id":"203040000","story_ht_":"0"},"type":"Feature"}
,{"geometry":{"coordinates":[[[-71.0605770,42.3771820],[-71.06055600000001,42.3772130],[-71.0605650,42.3772150],[-71.0605430,42.3772490],[-71.0604750,42.3772240],[-71.06049899999999,42.3771870],[-71.0605880,42.3770650],[-71.0605940,42.3770570],[-71.0606320,42.3770720],[-71.06062799999999,42.377080],[-71.0606660,42.3770940],[-71.06060100000001,42.3771920]]],"type":"Polygon"},"id":3691,"properties":{"bra_use":"CM","foots_1003":"8688","gm_layer":"Unknown Area Type","gm_type":"Unknown Area Type","layer":"Unknown Area Type","lnduse":"CM","name":"","objectid_1":"9137","parcel_id":"203041000","story_ht_":"0"},"type":"Feature"}
,{"geometry":{"coordinates":[[[-71.0607040,42.3771080],[-71.060710,42.3770980],[-71.060750,42.3771130],[-71.0607440,42.3771220],[-71.0607480,42.3771240],[-71.06068000000001,42.3772270],[-71.0606420,42.3772850],[-71.06058299999999,42.3772630],[-71.06060100000001,42.3772330],[-71.06060600000001,42.3772350],[-71.06062900000001,42.37720],[-71.06060100000001,42.3771920],[-71.0606660,42.3770940]]],"type":"Polygon"},"id":3692,"properties":{"bra_use":"CM","foots_1003":"8689","gm_layer":"Unknown Area Type","gm_type":"Unknown Area Type","layer":"Unknown Area Type","lnduse":"CM","name":"","objectid_1":"9138","parcel_id":"203042000","story_ht_":"0"},"type":"Feature"}
,{"geometry":{"coordinates":[[[-71.0607840,42.3771370],[-71.060790,42.3771370],[-71.0607960,42.3771380],[-71.0607990,42.3771370],[-71.0608010,42.3771370],[-71.06080300000001,42.3771380],[-71.0608060,42.3771380],[-71.06080799999999,42.3771380],[-71.0608110,42.3771390],[-71.0608130,42.377140],[-71.06081399999999,42.377140],[-71.0608170,42.3771410],[-71.0608190,42.3771430],[-71.06082000000001,42.3771440],[-71.0608210,42.3771450],[-71.0608230,42.3771470],[-71.0608240,42.3771480],[-71.06082499999999,42.3771490],[-71.06082600000001,42.3771510],[-71.0608280,42.3771530],[-71.0608350,42.3771560],[-71.0607650,42.3772590],[-71.06068000000001,42.3772270],[-71.0607480,42.3771240]]],"type":"Polygon"},"id":3693,"properties":{"bra_use":"CM","foots_1003":"8690","gm_layer":"Unknown Area Type","gm_type":"Unknown Area Type","layer":"Unknown Area Type","lnduse":"CM","name":"","objectid_1":"9139","parcel_id":"203043000","story_ht_":"0"},"type":"Feature"}
,{"geometry":{"coordinates":[[[-71.06094400000001,42.3771940],[-71.0609640,42.3771930],[-71.060970,42.3771950],[-71.06097699999999,42.3771980],[-71.06098299999999,42.3771990],[-71.06098400000001,42.3772010],[-71.0609860,42.3772020],[-71.0609880,42.3772030],[-71.06098900000001,42.3772040],[-71.0609910,42.3772050],[-71.0609930,42.3772060],[-71.06099399999999,42.3772070],[-71.06099500000001,42.3772090],[-71.0609960,42.3772110],[-71.0609980,42.3772130],[-71.0609990,42.3772140],[-71.06100100000001,42.3772160],[-71.06093199999999,42.377320],[-71.06084799999999,42.3772890],[-71.0609130,42.3771840]]],"type":"Polygon"},"id":3695,"properties":{"bra_use":"CM","foots_1003":"8692","gm_layer":"Unknown Area Type","gm_type":"Unknown Area Type","layer":"Unknown Area Type","lnduse":"CM","name":"","objectid_1":"9141","parcel_id":"203045000","story_ht_":"0"},"type":"Feature"}
,{"geometry":{"coordinates":[[[-71.0601690,42.3780630],[-71.06015600000001,42.3780670],[-71.0601230,42.3780580],[-71.0601210,42.3780480],[-71.0600740,42.3780340],[-71.0600670,42.3780390],[-71.0600350,42.3780280],[-71.0600330,42.3780220],[-71.0600130,42.3780150],[-71.0600080,42.3780170],[-71.059980,42.3780090],[-71.0599720,42.377990],[-71.0599850,42.3779670],[-71.0600070,42.3779650],[-71.0600190,42.3779410],[-71.06011100000001,42.3779690],[-71.0601190,42.3779580],[-71.06019499999999,42.377980],[-71.0602150,42.3779860],[-71.0602090,42.3779960],[-71.06029700000001,42.3780230],[-71.0602610,42.3780910],[-71.06019499999999,42.3780710]]],"type":"Polygon"},"id":3704,"properties":{"bra_use":"CM","foots_1003":"8701","gm_layer":"Unknown Area Type","gm_type":"Unknown Area Type","layer":"Unknown Area Type","lnduse":"CM","name":"","objectid_1":"9150","parcel_id":"203059010","story_ht_":"0"},"type":"Feature"}
,{"geometry":{"coordinates":[[[-71.0600870,42.3777970],[-71.0601120,42.3777520],[-71.0601970,42.3777790],[-71.0602360,42.3777910],[-71.0602270,42.377810],[-71.0602870,42.3778290],[-71.0602730,42.3778540],[-71.06019600000001,42.377830]]],"type":"Polygon"},"id":3706,"properties":{"bra_use":"CM","foots_1003":"8703","gm_layer":"Unknown Area Type","gm_type":"Unknown Area Type","layer":"Unknown Area Type","lnduse":"CM","name":"","objectid_1":"9152","parcel_id":"203062000","story_ht_":"0"},"type":"Feature"}
,{"geometry":{"coordinates":[[[-71.0602640,42.3774820],[-71.06029100000001,42.3774320],[-71.0603910,42.3774620],[-71.06038100000001,42.3774830],[-71.060450,42.3775050],[-71.06046000000001,42.377490],[-71.0604870,42.3774980],[-71.0604810,42.3775090],[-71.0605020,42.3775140],[-71.06048300000001,42.3775480]]],"type":"Polygon"},"id":3711,"properties":{"bra_use":"CM","foots_1003":"8708","gm_layer":"Unknown Area Type","gm_type":"Unknown Area Type","layer":"Unknown Area Type","lnduse":"CM","name":"","objectid_1":"9157","parcel_id":"203066000","story_ht_":"0"},"type":"Feature"}
,{"geometry":{"coordinates":[[[-71.0611480,42.3780830],[-71.0610770,42.3780640],[-71.06111199999999,42.3779990],[-71.0611820,42.3780190]]],"type":"Polygon"},"id":3722,"properties":{"bra_use":"CM","foots_1003":"8719","gm_layer":"Unknown Area Type","gm_type":"Unknown Area Type","layer":"Unknown Area Type","lnduse":"CM","name":"","objectid_1":"9168","parcel_id":"203079000","story_ht_":"0"},"type":"Feature"}
,{"geometry":{"coordinates":[[[-71.0611140,42.3781450],[-71.0610440,42.3781240],[-71.0610770,42.3780640],[-71.0611480,42.3780830]]],"type":"Polygon"},"id":3723,"properties":{"bra_use":"CM","foots_1003":"8720","gm_layer":"Unknown Area Type","gm_type":"Unknown Area Type","layer":"Unknown Area Type","lnduse":"CM","name":"","objectid_1":"9169","parcel_id":"203079000","story_ht_":"0"},"type":"Feature"}
,{"geometry":{"coordinates":[[[-71.06091000000001,42.3779390],[-71.06093900000001,42.3778850],[-71.0610480,42.3779170],[-71.0610410,42.3779330],[-71.0611450,42.3779620],[-71.0611260,42.3780010]]],"type":"Polygon"},"id":3728,"properties":{"bra_use":"CM","foots_1003":"8725","gm_layer":"Unknown Area Type","gm_type":"Unknown Area Type","layer":"Unknown Area Type","lnduse":"CM","name":"","objectid_1":"9174","parcel_id":"203086000","story_ht_":"0"},"type":"Feature"}
,{"geometry":{"coordinates":[[[-71.0611560,42.3777160],[-71.0610480,42.3776870],[-71.0610760,42.3776350],[-71.0611840,42.3776680]]],"type":"Polygon"},"id":3732,"properties":{"bra_use":"CM","foots_1003":"8729","gm_layer":"Unknown Area Type","gm_type":"Unknown Area Type","layer":"Unknown Area Type","lnduse":"CM","name":"","objectid_1":"9178","parcel_id":"203090000","story_ht_":"0"},"type":"Feature"}
,{"geometry":{"coordinates":[[[-71.06193500000001,42.3775520],[-71.0618740,42.3775220],[-71.0619610,42.3773990],[-71.0619940,42.377410],[-71.06198500000001,42.3774220],[-71.0620260,42.377440]]],"type":"Polygon"},"id":3739,"properties":{"bra_use":"CM","foots_1003":"8736","gm_layer":"Unknown Area Type","gm_type":"Unknown Area Type","layer":"Unknown Area Type","lnduse":"CM","name":"","objectid_1":"9185","parcel_id":"203097000","story_ht_":"0"},"type":"Feature"}
,{"geometry":{"coordinates":[[[-71.0615590,42.3777350],[-71.0615770,42.3777130],[-71.0616430,42.377740],[-71.0616610,42.3777180],[-71.0617580,42.3777630],[-71.0617220,42.377810],[-71.0616260,42.3777650]]],"type":"Polygon"},"id":3744,"properties":{"bra_use":"CM","foots_1003":"8741","gm_layer":"Unknown Area Type","gm_type":"Unknown Area Type","layer":"Unknown Area Type","lnduse":"CM","name":"","objectid_1":"9190","parcel_id":"203102000","story_ht_":"0"},"type":"Feature"}
,{"geometry":{"coordinates":[[[-71.0616110,42.3779520],[-71.06151300000001,42.3779050],[-71.06145100000001,42.3778770],[-71.0614660,42.3778570],[-71.0615280,42.3778840],[-71.0615480,42.3778580],[-71.06164800000001,42.3779050]]],"type":"Polygon"},"id":3747,"properties":{"bra_use":"CM","foots_1003":"8744","gm_layer":"Unknown Area Type","gm_type":"Unknown Area Type","layer":"Unknown Area Type","lnduse":"CM","name":"","objectid_1":"9193","parcel_id":"203105000","story_ht_":"0"},"type":"Feature"}
,{"geometry":{"coordinates":[[[-71.0625620,42.3762850],[-71.0624820,42.3764140],[-71.06241300000001,42.3763890],[-71.06249200000001,42.3762590]]],"type":"Polygon"},"id":3780,"properties":{"bra_use":"CM","foots_1003":"8777","gm_layer":"Unknown Area Type","gm_type":"Unknown Area Type","layer":"Unknown Area Type","lnduse":"CM","name":"","objectid_1":"9226","parcel_id":"203140000","story_ht_":"0"},"type":"Feature"}
,{"geometry":{"coordinates":[[[-71.0626260,42.3763070],[-71.062550,42.3764370],[-71.0624820,42.3764140],[-71.0625620,42.3762850]]],"type":"Polygon"},"id":3781,"properties":{"bra_use":"CM","foots_1003":"8778","gm_layer":"Unknown Area Type","gm_type":"Unknown Area Type","layer":"Unknown Area Type","lnduse":"CM","name":"","objectid_1":"9227","parcel_id":"203141000","story_ht_":"0"},"type":"Feature"}
,{"geometry":{"coordinates":[[[-71.06271200000001,42.3765580],[-71.06265000000001,42.3765390],[-71.062680,42.3764910],[-71.0626980,42.3764960],[-71.0627030,42.3764880],[-71.0626840,42.3764830],[-71.06268900000001,42.3764770],[-71.06275700000001,42.3763520],[-71.0627660,42.3763560],[-71.0627640,42.3763590],[-71.0627880,42.3763670],[-71.0628220,42.3763790],[-71.0628220,42.376380],[-71.0628220,42.3763820],[-71.0628250,42.3763820],[-71.0628250,42.3763830],[-71.0628260,42.3763830]]],"type":"Polygon"},"id":3784,"properties":{"bra_use":"CM","foots_1003":"8781","gm_layer":"Unknown Area Type","gm_type":"Unknown Area Type","layer":"Unknown Area Type","lnduse":"CM","name":"","objectid_1":"9230","parcel_id":"203144000","story_ht_":"0"},"type":"Feature"}
,{"geometry":{"coordinates":[[[-71.0628280,42.3763830],[-71.0628260,42.3763830],[-71.0628280,42.3763820]]],"type":"Polygon"},"id":3785,"properties":{"bra_use":"CM","foots_1003":"8781","gm_layer":"Unknown Area Type","gm_type":"Unknown Area Type","layer":"Unknown Area Type","lnduse":"CM","name":"","objectid_1":"9230","parcel_id":"203144000","story_ht_":"0"},"type":"Feature"}
,{"geometry":{"coordinates":[[[-71.0621790,42.3773880],[-71.0621680,42.3773840],[-71.0621580,42.3773860],[-71.06213200000001,42.3773770],[-71.0621350,42.3773690],[-71.0621230,42.3773630],[-71.06211399999999,42.3773650],[-71.0620890,42.3773560],[-71.0620910,42.377350],[-71.0620830,42.3773460],[-71.06213200000001,42.3772680],[-71.0621580,42.3772780],[-71.0621790,42.3772460],[-71.0622510,42.3772720]]],"type":"Polygon"},"id":3786,"properties":{"bra_use":"CM","foots_1003":"8782","gm_layer":"Unknown Area Type","gm_type":"Unknown Area Type","layer":"Unknown Area Type","lnduse":"CM","name":"","objectid_1":"9231","parcel_id":"203146000","story_ht_":"0"},"type":"Feature"}
,{"geometry":{"coordinates":[[[-71.0618960,42.3772580],[-71.0618640,42.3772490],[-71.0618530,42.3772510],[-71.06181700000001,42.3772390],[-71.0618150,42.3772280],[-71.0618080,42.3772240],[-71.0618570,42.377130],[-71.0619580,42.3771650]]],"type":"Polygon"},"id":3788,"properties":{"bra_use":"CM","foots_1003":"8784","gm_layer":"Unknown Area Type","gm_type":"Unknown Area Type","layer":"Unknown Area Type","lnduse":"CM","name":"","objectid_1":"9233","parcel_id":"203149001","story_ht_":"0"},"type":"Feature"}
,{"geometry":{"coordinates":[[[-71.0620280,42.3763130],[-71.0620480,42.3762780],[-71.0621080,42.3762950],[-71.0621160,42.3762830],[-71.06212100000001,42.3762790],[-71.06213099999999,42.3762830],[-71.062220,42.3763080],[-71.0621910,42.3763630]]],"type":"Polygon"},"id":3802,"properties":{"bra_use":"CM","foots_1003":"8798","gm_layer":"Unknown Area Type","gm_type":"Unknown Area Type","layer":"Unknown Area Type","lnduse":"CM","name":"","objectid_1":"9247","parcel_id":"203163000","story_ht_":"0"},"type":"Feature"}
,{"geometry":{"coordinates":[[[-71.0621160,42.3762830],[-71.0621080,42.3762950],[-71.0620480,42.3762780],[-71.0620280,42.3763130],[-71.0620060,42.3763520],[-71.0620660,42.3763690],[-71.0620570,42.3763850],[-71.062050,42.37640],[-71.06204200000001,42.3763890],[-71.0619950,42.3763790],[-71.0619780,42.3763830],[-71.06197400000001,42.3763920],[-71.0619480,42.3763860],[-71.0619750,42.3763340],[-71.06201400000001,42.376260],[-71.0620280,42.3762330],[-71.062010,42.3762280],[-71.0620380,42.3761780],[-71.062040,42.3761780],[-71.062050,42.3761810],[-71.0620710,42.3761880],[-71.0620340,42.3762550],[-71.06207600000001,42.3762690]]],"type":"Polygon"},"id":3803,"properties":{"bra_use":"CM","foots_1003":"8799","gm_layer":"Unknown Area Type","gm_type":"Unknown Area Type","layer":"Unknown Area Type","lnduse":"CM","name":"","objectid_1":"9248","parcel_id":"203163000","story_ht_":"0"},"type":"Feature"}
,{"geometry":{"coordinates":[[[-71.0623440,42.3760330],[-71.0623410,42.3760390],[-71.062260,42.3760130],[-71.0622510,42.3760150],[-71.0622250,42.3760060],[-71.06222200000001,42.3759990],[-71.06219400000001,42.3759880],[-71.0622430,42.3759160],[-71.062280,42.3759220],[-71.0623920,42.3759610],[-71.0623820,42.3759760],[-71.0623830,42.3759760]]],"type":"Polygon"},"id":3810,"properties":{"bra_use":"CM","foots_1003":"8806","gm_layer":"Unknown Area Type","gm_type":"Unknown Area Type","layer":"Unknown Area Type","lnduse":"CM","name":"","objectid_1":"9255","parcel_id":"203169000","story_ht_":"0"},"type":"Feature"}
]}