{"type": "FeatureCollection", "features": [{"geometry":{"coordinates":[[[-71.0381340,42.3371130],[-71.0381950,42.3371130],[-71.0381960,42.3372040],[-71.0381350,42.3372050]]],"type":"Polygon"},"id":13811,"properties":{"bra_use":"R2","foots_1003":"18851","gm_layer":"Unknown Area Type","gm_type":"Unknown Area Type","layer":"Unknown Area Type","lnduse":"R2","name":"","objectid_1":"19373","parcel_id":"603267000","story_ht_":"2"},"type":"Feature"}
,{"geometry":{"coordinates":[[[-71.0378630,42.3371060],[-71.03788900000001,42.3371050],[-71.03788900000001,42.3370770],[-71.0379240,42.3370760],[-71.0379310,42.3372030],[-71.03786700000001,42.3372060]]],"type":"Polygon"},"id":13814,"properties":{"bra_use":"R1","foots_1003":"18854","gm_layer":"Unknown Area Type","gm_type":"Unknown Area Type","layer":"Unknown Area Type","lnduse":"R1","name":"","objectid_1":"19376","parcel_id":"603269000","story_ht_":"2"},"type":"Feature"}
,{"geometry":{"coordinates":[[[-71.0378240,42.3369890],[-71.037860,42.3369880],[-71.037860,42.3369380],[-71.0379210,42.3369370],[-71.0379240,42.3370350],[-71.0378260,42.3370360]]],"type":"Polygon"},"id":13815,"properties":{"bra_use":"R2","foots_1003":"18855","gm_layer":"Unknown Area Type","gm_type":"Unknown Area Type","layer":"Unknown Area Type","lnduse":"R2","name":"","objectid_1":"19377","parcel_id":"603270000","story_ht_":"2"},"type":"Feature"}
,{"geometry":{"coordinates":[[[-71.0377810,42.336870],[-71.03778300000001,42.3369150],[-71.0376670,42.3369190],[-71.0376660,42.3368720]]],"type":"Polygon"},"id":13816,"properties":{"bra_use":"R2","foots_1003":"18856","gm_layer":"Unknown Area Type","gm_type":"Unknown Area Type","layer":"Unknown Area Type","lnduse":"R2","name":"","objectid_1":"19378","parcel_id":"603270000","story_ht_":"2"},"type":"Feature"}
,{"geometry":{"coordinates":[[[-71.0376740,42.3370960],[-71.0377290,42.3370940],[-71.03773200000001,42.3371420],[-71.0377610,42.3371410],[-71.0377640,42.33720],[-71.0376790,42.3372040]]],"type":"Polygon"},"id":13817,"properties":{"bra_use":"R1","foots_1003":"18857","gm_layer":"Unknown Area Type","gm_type":"Unknown Area Type","layer":"Unknown Area Type","lnduse":"R1","name":"","objectid_1":"19379","parcel_id":"603271000","story_ht_":"2"},"type":"Feature"}
,{"geometry":{"coordinates":[[[-71.03951100000001,42.3370460],[-71.0395590,42.3370440],[-71.03955999999999,42.3370970],[-71.0395120,42.3370970]]],"type":"Polygon"},"id":13852,"properties":{"bra_use":"R1","foots_1003":"18892","gm_layer":"Unknown Area Type","gm_type":"Unknown Area Type","layer":"Unknown Area Type","lnduse":"R1","name":"","objectid_1":"19414","parcel_id":"603321000","story_ht_":"2"},"type":"Feature"}
,{"geometry":{"coordinates":[[[-71.03936400000001,42.3371030],[-71.0395640,42.3370970],[-71.03956599999999,42.3371830],[-71.0393660,42.3371870]]],"type":"Polygon"},"id":13853,"properties":{"bra_use":"R1","foots_1003":"18893","gm_layer":"Unknown Area Type","gm_type":"Unknown Area Type","layer":"Unknown Area Type","lnduse":"R1","name":"","objectid_1":"19415","parcel_id":"603322000","story_ht_":"2"},"type":"Feature"}
,{"geometry":{"coordinates":[[[-71.0393050,42.3371880],[-71.0393010,42.3371040],[-71.03936400000001,42.3371030],[-71.0393660,42.3371870]]],"type":"Polygon"},"id":13854,"properties":{"bra_use":"R1","foots_1003":"18894","gm_layer":"Unknown Area Type","gm_type":"Unknown Area Type","layer":"Unknown Area Type","lnduse":"R1","name":"","objectid_1":"19416","parcel_id":"603324000","story_ht_":"2"},"type":"Feature"}
,{"geometry":{"coordinates":[[[-71.039360,42.337010],[-71.03935799999999,42.3369340],[-71.0395250,42.3369310],[-71.0395290,42.3370080]]],"type":"Polygon"},"id":13855,"properties":{"bra_use":"R1","foots_1003":"18895","gm_layer":"Unknown Area Type","gm_type":"Unknown Area Type","layer":"Unknown Area Type","lnduse":"R1","name":"","objectid_1":"19417","parcel_id":"603327000","story_ht_":"2"},"type":"Feature"}
,{"geometry":{"coordinates":[[[-71.0395250,42.3366910],[-71.0395260,42.336770],[-71.0393570,42.3367710],[-71.0393550,42.3366930]]],"type":"Polygon"},"id":13856,"properties":{"bra_use":"R1","foots_1003":"18896","gm_layer":"Unknown Area Type","gm_type":"Unknown Area Type","layer":"Unknown Area Type","lnduse":"R1","name":"","objectid_1":"19418","parcel_id":"603330000","story_ht_":"2"},"type":"Feature"}
,{"geometry":{"coordinates":[[[-71.0392430,42.3367730],[-71.0392420,42.3366940],[-71.0393550,42.3366930],[-71.0393570,42.3367710]]],"type":"Polygon"},"id":13857,"properties":{"bra_use":"R1","foots_1003":"18897","gm_layer":"Unknown Area Type","gm_type":"Unknown Area Type","layer":"Unknown Area Type","lnduse":"R1","name":"","objectid_1":"19419","parcel_id":"603333000","story_ht_":"2"},"type":"Feature"}
,{"geometry":{"coordinates":[[[-71.0391760,42.33670],[-71.0391820,42.3367770],[-71.0390140,42.3367820],[-71.0390080,42.3367060]]],"type":"Polygon"},"id":13858,"properties":{"bra_use":"R1","foots_1003":"18898","gm_layer":"Unknown Area Type","gm_type":"Unknown Area Type","layer":"Unknown Area Type","lnduse":"R1","name":"","objectid_1":"19420","parcel_id":"603335000","story_ht_":"2"},"type":"Feature"}
,{"geometry":{"coordinates":[[[-71.0392050,42.3371010],[-71.0392080,42.3371790],[-71.0390960,42.3371810],[-71.03909400000001,42.3371040]]],"type":"Polygon"},"id":13859,"properties":{"bra_use":"R1","foots_1003":"18899","gm_layer":"Unknown Area Type","gm_type":"Unknown Area Type","layer":"Unknown Area Type","lnduse":"R1","name":"","objectid_1":"19421","parcel_id":"603341000","story_ht_":"2"},"type":"Feature"}
,{"geometry":{"coordinates":[[[-71.0376660,42.3374220],[-71.0376460,42.3374220],[-71.0376460,42.3374130],[-71.0375710,42.3374140],[-71.0375720,42.3373580],[-71.0377020,42.3373580],[-71.0377020,42.3374260],[-71.0376660,42.3374260]]],"type":"Polygon"},"id":13864,"properties":{"bra_use":"R1","foots_1003":"18904","gm_layer":"Unknown Area Type","gm_type":"Unknown Area Type","layer":"Unknown Area Type","lnduse":"R1","name":"","objectid_1":"19452","parcel_id":"603389000","story_ht_":"2"},"type":"Feature"}
,{"geometry":{"coordinates":[[[-71.0383980,42.3373420],[-71.0384610,42.337340],[-71.0384650,42.3374670],[-71.0384030,42.3374690]]],"type":"Polygon"},"id":13869,"properties":{"bra_use":"R1","foots_1003":"18909","gm_layer":"Unknown Area Type","gm_type":"Unknown Area Type","layer":"Unknown Area Type","lnduse":"R1","name":"","objectid_1":"19457","parcel_id":"603393000","story_ht_":"2"},"type":"Feature"}
,{"geometry":{"coordinates":[[[-71.0374830,42.3401730],[-71.0374540,42.3401690],[-71.0374710,42.3401010],[-71.03749999999999,42.3401050]]],"type":"Polygon"},"id":13881,"properties":{"bra_use":"I","foots_1003":"18921","gm_layer":"Unknown Area Type","gm_type":"Unknown Area Type","layer":"Unknown Area Type","lnduse":"I","name":"","objectid_1":"19469","parcel_id":"603403000","story_ht_":"2"},"type":"Feature"}
,{"geometry":{"coordinates":[[[-71.0376320,42.3387670],[-71.0377680,42.3387620],[-71.0377690,42.3388040],[-71.0377470,42.3388050],[-71.0377530,42.3389760],[-71.0376390,42.3389780]]],"type":"Polygon"},"id":13882,"properties":{"bra_use":"I","foots_1003":"18922","gm_layer":"Unknown Area Type","gm_type":"Unknown Area Type","layer":"Unknown Area Type","lnduse":"I","name":"","objectid_1":"19470","parcel_id":"603403000","story_ht_":"2"},"type":"Feature"}
,{"geometry":{"coordinates":[[[-71.0375090,42.3400860],[-71.0374740,42.3400810],[-71.0375090,42.3399570],[-71.0375440,42.3399630]]],"type":"Polygon"},"id":13883,"properties":{"bra_use":"I","foots_1003":"18923","gm_layer":"Unknown Area Type","gm_type":"Unknown Area Type","layer":"Unknown Area Type","lnduse":"I","name":"","objectid_1":"19471","parcel_id":"603403000","story_ht_":"2"},"type":"Feature"}
,{"geometry":{"coordinates":[[[-71.03876800000001,42.3403570],[-71.0387850,42.3402970],[-71.0389970,42.3403290],[-71.03898100000001,42.3403890]]],"type":"Polygon"},"id":13884,"properties":{"bra_use":"I","foots_1003":"18924","gm_layer":"Unknown Area Type","gm_type":"Unknown Area Type","layer":"Unknown Area Type","lnduse":"I","name":"","objectid_1":"19472","parcel_id":"603403000","story_ht_":"2"},"type":"Feature"}
,{"geometry":{"coordinates":[[[-71.0387580,42.3403750],[-71.03909299999999,42.340420],[-71.0390470,42.3406110],[-71.0390420,42.340610],[-71.03871100000001,42.3405660]]],"type":"Polygon"},"id":13885,"properties":{"bra_use":"C","foots_1003":"18925","gm_layer":"Unknown Area Type","gm_type":"Unknown Area Type","layer":"Unknown Area Type","lnduse":"C","name":"","objectid_1":"19473","parcel_id":"603403001","story_ht_":"2"},"type":"Feature"}
,{"geometry":{"coordinates":[[[-71.03580,42.3376380],[-71.0357680,42.3376390],[-71.0357660,42.3375690],[-71.0358370,42.3375680],[-71.0358420,42.3376960],[-71.0358030,42.3376970]]],"type":"Polygon"},"id":13924,"properties":{"bra_use":"R1","foots_1003":"19001","gm_layer":"Unknown Area Type","gm_type":"Unknown Area Type","layer":"Unknown Area Type","lnduse":"R1","name":"","objectid_1":"19549","parcel_id":"603437000","story_ht_":"2"},"type":"Feature"}
,{"geometry":{"coordinates":[[[-71.0358430,42.3375060],[-71.0357680,42.3375070],[-71.0357640,42.3373860],[-71.03583999999999,42.3373860]]],"type":"Polygon"},"id":13925,"properties":{"bra_use":"R1","foots_1003":"19002","gm_layer":"Unknown Area Type","gm_type":"Unknown Area Type","layer":"Unknown Area Type","lnduse":"R1","name":"","objectid_1":"19550","parcel_id":"603438000","story_ht_":"2"},"type":"Feature"}
,{"geometry":{"coordinates":[[[-71.03689900000001,42.3376990],[-71.0368970,42.3376650],[-71.0369510,42.3376620],[-71.036950,42.337640],[-71.0370410,42.3376390],[-71.0370430,42.3376960]]],"type":"Polygon"},"id":13926,"properties":{"bra_use":"R1","foots_1003":"19003","gm_layer":"Unknown Area Type","gm_type":"Unknown Area Type","layer":"Unknown Area Type","lnduse":"R1","name":"","objectid_1":"19551","parcel_id":"603442000","story_ht_":"2"},"type":"Feature"}
,{"geometry":{"coordinates":[[[-71.0371720,42.337650],[-71.0371730,42.3376790],[-71.0372220,42.3376780],[-71.0372230,42.3377040],[-71.0370570,42.3377050],[-71.0370550,42.3376830],[-71.03710100000001,42.3376840],[-71.03710100000001,42.3376550],[-71.03706800000001,42.3376560],[-71.0370660,42.3375830],[-71.0372060,42.3375830],[-71.0372070,42.337650]]],"type":"Polygon"},"id":13928,"properties":{"bra_use":"R1","foots_1003":"19005","gm_layer":"Unknown Area Type","gm_type":"Unknown Area Type","layer":"Unknown Area Type","lnduse":"R1","name":"","objectid_1":"19553","parcel_id":"603443000","story_ht_":"2"},"type":"Feature"}
,{"geometry":{"coordinates":[[[-71.0357640,42.3371510],[-71.0357370,42.3371510],[-71.0357370,42.3371010],[-71.03579600000001,42.33710],[-71.0357970,42.337150],[-71.0358320,42.3371490],[-71.0358330,42.3372440],[-71.0357650,42.3372450]]],"type":"Polygon"},"id":13947,"properties":{"bra_use":"R1","foots_1003":"19024","gm_layer":"Unknown Area Type","gm_type":"Unknown Area Type","layer":"Unknown Area Type","lnduse":"R1","name":"","objectid_1":"19572","parcel_id":"603465000","story_ht_":"2"},"type":"Feature"}
,{"geometry":{"coordinates":[[[-71.035830,42.337030],[-71.0358320,42.3370880],[-71.0357310,42.3370910],[-71.0357320,42.3371160],[-71.0355970,42.3371190],[-71.0355910,42.3370370]]],"type":"Polygon"},"id":13948,"properties":{"bra_use":"RC","foots_1003":"19025","gm_layer":"Unknown Area Type","gm_type":"Unknown Area Type","layer":"Unknown Area Type","lnduse":"RC","name":"","objectid_1":"19573","parcel_id":"603467000","story_ht_":"2"},"type":"Feature"}
,{"geometry":{"coordinates":[[[-71.03581300000001,42.3369250],[-71.0358550,42.3369240],[-71.035850,42.3367840],[-71.0359680,42.3367830],[-71.0359670,42.3367180],[-71.03608300000001,42.3367170],[-71.03608199999999,42.3367760],[-71.0361170,42.3367760],[-71.03612800000001,42.3370110],[-71.0358610,42.3370170],[-71.0358160,42.3370010],[-71.035590,42.3370060],[-71.03558700000001,42.3369230],[-71.03581200000001,42.3369170]]],"type":"Polygon"},"id":13949,"properties":{"bra_use":"I","foots_1003":"19026","gm_layer":"Unknown Area Type","gm_type":"Unknown Area Type","layer":"Unknown Area Type","lnduse":"I","name":"","objectid_1":"19574","parcel_id":"603470010","story_ht_":"2"},"type":"Feature"}
,{"geometry":{"coordinates":[[[-71.0355830,42.3367850],[-71.035580,42.3366460],[-71.03576700000001,42.3366430],[-71.0357710,42.3367830]]],"type":"Polygon"},"id":13950,"properties":{"bra_use":"C","foots_1003":"19027","gm_layer":"Unknown Area Type","gm_type":"Unknown Area Type","layer":"Unknown Area Type","lnduse":"C","name":"","objectid_1":"19575","parcel_id":"603471010","story_ht_":"2"},"type":"Feature"}
,{"geometry":{"coordinates":[[[-71.03719700000001,42.3368120],[-71.0371930,42.3367560],[-71.0373570,42.3367490],[-71.0373610,42.3368060]]],"type":"Polygon"},"id":13966,"properties":{"bra_use":"R1","foots_1003":"19043","gm_layer":"Unknown Area Type","gm_type":"Unknown Area Type","layer":"Unknown Area Type","lnduse":"R1","name":"","objectid_1":"19591","parcel_id":"603489000","story_ht_":"2"},"type":"Feature"}
,{"geometry":{"coordinates":[[[-71.03725799999999,42.3369440],[-71.0372550,42.3368820],[-71.0373610,42.3368790],[-71.03736499999999,42.3369410]]],"type":"Polygon"},"id":13968,"properties":{"bra_use":"R1","foots_1003":"19045","gm_layer":"Unknown Area Type","gm_type":"Unknown Area Type","layer":"Unknown Area Type","lnduse":"R1","name":"","objectid_1":"19593","parcel_id":"603491000","story_ht_":"2"},"type":"Feature"}
,{"geometry":{"coordinates":[[[-71.0345280,42.3371470],[-71.034620,42.3371460],[-71.0346210,42.3372130],[-71.0345320,42.3372140]]],"type":"Polygon"},"id":14039,"properties":{"bra_use":"R1","foots_1003":"19116","gm_layer":"Unknown Area Type","gm_type":"Unknown Area Type","layer":"Unknown Area Type","lnduse":"R1","name":"","objectid_1":"19664","parcel_id":"603579000","story_ht_":"2"},"type":"Feature"}
,{"geometry":{"coordinates":[[[-71.0345320,42.3372140],[-71.03443300000001,42.3372170],[-71.0344320,42.3371120],[-71.0344770,42.3371110],[-71.034480,42.3371470],[-71.0345280,42.3371470]]],"type":"Polygon"},"id":14040,"properties":{"bra_use":"R1","foots_1003":"19117","gm_layer":"Unknown Area Type","gm_type":"Unknown Area Type","layer":"Unknown Area Type","lnduse":"R1","name":"","objectid_1":"19665","parcel_id":"603580000","story_ht_":"2"},"type":"Feature"}
,{"geometry":{"coordinates":[[[-71.033930,42.3367260],[-71.0339140,42.3367260],[-71.0339130,42.336790],[-71.0339280,42.336790],[-71.0339580,42.3368420],[-71.0339620,42.3369310],[-71.03384699999999,42.3369340],[-71.033840,42.3367440],[-71.0338660,42.3367460],[-71.0338660,42.3367280],[-71.03384300000001,42.3367290],[-71.033840,42.3366090],[-71.0338520,42.3366090],[-71.03385900000001,42.3365990],[-71.0338780,42.3365990],[-71.03388699999999,42.3366060],[-71.03392700000001,42.3366070]]],"type":"Polygon"},"id":14054,"properties":{"bra_use":"R2","foots_1003":"19131","gm_layer":"Unknown Area Type","gm_type":"Unknown Area Type","layer":"Unknown Area Type","lnduse":"R2","name":"","objectid_1":"19679","parcel_id":"603595000","story_ht_":"2"},"type":"Feature"}
,{"geometry":{"coordinates":[[[-71.03442200000001,42.3367770],[-71.0344120,42.3365980],[-71.03443900000001,42.3365960],[-71.03445499999999,42.3365870],[-71.03447900000001,42.3365880],[-71.0345030,42.3365960],[-71.0345030,42.3366010],[-71.0344940,42.3366010],[-71.0344960,42.3366650],[-71.0345080,42.3366650],[-71.034510,42.3367440],[-71.0344930,42.3367440],[-71.0344930,42.3367760]]],"type":"Polygon"},"id":14059,"properties":{"bra_use":"R2","foots_1003":"19136","gm_layer":"Unknown Area Type","gm_type":"Unknown Area Type","layer":"Unknown Area Type","lnduse":"R2","name":"","objectid_1":"19684","parcel_id":"603601000","story_ht_":"2"},"type":"Feature"}
,{"geometry":{"coordinates":[[[-71.034640,42.3365950],[-71.0346490,42.3365950],[-71.034650,42.3365840],[-71.0346830,42.3365850],[-71.0346830,42.3365910],[-71.03472600000001,42.3365890],[-71.0347290,42.3366880],[-71.0347380,42.3366880],[-71.03473700000001,42.3367610],[-71.0347170,42.3367610],[-71.0347170,42.3367840],[-71.03465900000001,42.3367850],[-71.03465900000001,42.3367610],[-71.03464700000001,42.3367610]]],"type":"Polygon"},"id":14061,"properties":{"bra_use":"R2","foots_1003":"19138","gm_layer":"Unknown Area Type","gm_type":"Unknown Area Type","layer":"Unknown Area Type","lnduse":"R2","name":"","objectid_1":"19686","parcel_id":"603603000","story_ht_":"2"},"type":"Feature"}
,{"geometry":{"coordinates":[[[-71.0348640,42.3365910],[-71.03494499999999,42.336590],[-71.0349480,42.3366840],[-71.03495599999999,42.3366840],[-71.0349590,42.3367750],[-71.0348910,42.3367760],[-71.034890,42.3367560],[-71.0348680,42.3367570]]],"type":"Polygon"},"id":14063,"properties":{"bra_use":"R2","foots_1003":"19140","gm_layer":"Unknown Area Type","gm_type":"Unknown Area Type","layer":"Unknown Area Type","lnduse":"R2","name":"","objectid_1":"19688","parcel_id":"603605000","story_ht_":"2"},"type":"Feature"}
,{"geometry":{"coordinates":[[[-71.0353190,42.3370920],[-71.03511500000001,42.3370950],[-71.0351130,42.3369970],[-71.0353190,42.3369940]]],"type":"Polygon"},"id":14067,"properties":{"bra_use":"I","foots_1003":"19144","gm_layer":"Unknown Area Type","gm_type":"Unknown Area Type","layer":"Unknown Area Type","lnduse":"I","name":"","objectid_1":"19692","parcel_id":"603609020","story_ht_":"2"},"type":"Feature"}
,{"geometry":{"coordinates":[[[-71.03477100000001,42.337880],[-71.0347330,42.337880],[-71.0347380,42.3380870],[-71.0344370,42.3380920],[-71.0344370,42.3380910],[-71.03442800000001,42.3377870],[-71.03442699999999,42.3377480],[-71.0347680,42.3377430]]],"type":"Polygon"},"id":14069,"properties":{"bra_use":"I","foots_1003":"19146","gm_layer":"Unknown Area Type","gm_type":"Unknown Area Type","layer":"Unknown Area Type","lnduse":"I","name":"","objectid_1":"19694","parcel_id":"603612000","story_ht_":"2"},"type":"Feature"}
,{"geometry":{"coordinates":[[[-71.03389900000001,42.3375480],[-71.03390400000001,42.3374250],[-71.0339790,42.3374250],[-71.0339790,42.3374330],[-71.0339740,42.3374330],[-71.03397699999999,42.3375480]]],"type":"Polygon"},"id":14077,"properties":{"bra_use":"R1","foots_1003":"19154","gm_layer":"Unknown Area Type","gm_type":"Unknown Area Type","layer":"Unknown Area Type","lnduse":"R1","name":"","objectid_1":"19702","parcel_id":"603625000","story_ht_":"2"},"type":"Feature"}
,{"geometry":{"coordinates":[[[-71.0347860,42.33740],[-71.03534000000001,42.337390],[-71.0353470,42.337610],[-71.0353270,42.337610],[-71.034790,42.337620]]],"type":"Polygon"},"id":14084,"properties":{"bra_use":"I","foots_1003":"19161","gm_layer":"Unknown Area Type","gm_type":"Unknown Area Type","layer":"Unknown Area Type","lnduse":"I","name":"","objectid_1":"19709","parcel_id":"603632001","story_ht_":"2"},"type":"Feature"}
,{"geometry":{"coordinates":[[[-71.03066800000001,42.3366840],[-71.03067900000001,42.3366840],[-71.03068399999999,42.3366760],[-71.0307040,42.3366760],[-71.030710,42.3366810],[-71.0307550,42.336680],[-71.030760,42.3368380],[-71.0306720,42.3368390]]],"type":"Polygon"},"id":14093,"properties":{"bra_use":"R2","foots_1003":"19193","gm_layer":"Unknown Area Type","gm_type":"Unknown Area Type","layer":"Unknown Area Type","lnduse":"R2","name":"","objectid_1":"19767","parcel_id":"603690000","story_ht_":"2"},"type":"Feature"}
,{"geometry":{"coordinates":[[[-71.0308120,42.3366480],[-71.0308120,42.3366380],[-71.03088700000001,42.3366380],[-71.0308860,42.3366770],[-71.03089799999999,42.3366770],[-71.03089799999999,42.3367170],[-71.030890,42.3367170],[-71.0308890,42.3367540],[-71.0308780,42.3367540],[-71.030880,42.3367720],[-71.0308040,42.3367730],[-71.0308040,42.3367530],[-71.0307680,42.3367570],[-71.0307660,42.3366470]]],"type":"Polygon"},"id":14094,"properties":{"bra_use":"R2","foots_1003":"19194","gm_layer":"Unknown Area Type","gm_type":"Unknown Area Type","layer":"Unknown Area Type","lnduse":"R2","name":"","objectid_1":"19768","parcel_id":"603691000","story_ht_":"2"},"type":"Feature"}
,{"geometry":{"coordinates":[[[-71.03104999999999,42.3366980],[-71.0310590,42.3366980],[-71.03106099999999,42.3367740],[-71.0309920,42.3367790],[-71.0309930,42.3367380],[-71.0309620,42.3367380],[-71.03095999999999,42.3366430],[-71.03104500000001,42.3366420]]],"type":"Polygon"},"id":14095,"properties":{"bra_use":"R2","foots_1003":"19195","gm_layer":"Unknown Area Type","gm_type":"Unknown Area Type","layer":"Unknown Area Type","lnduse":"R2","name":"","objectid_1":"19769","parcel_id":"603692000","story_ht_":"2"},"type":"Feature"}
,{"geometry":{"coordinates":[[[-71.0310630,42.3366440],[-71.0311870,42.3366410],[-71.031190,42.3367130],[-71.0311810,42.3367140],[-71.0311810,42.3367640],[-71.0311140,42.3367670],[-71.03111300000001,42.3367540],[-71.0310660,42.3367540]]],"type":"Polygon"},"id":14096,"properties":{"bra_use":"R1","foots_1003":"19196","gm_layer":"Unknown Area Type","gm_type":"Unknown Area Type","layer":"Unknown Area Type","lnduse":"R1","name":"","objectid_1":"19770","parcel_id":"603693000","story_ht_":"2"},"type":"Feature"}
,{"geometry":{"coordinates":[[[-71.0309010,42.3369610],[-71.0311990,42.3369530],[-71.0311990,42.3369620],[-71.03121299999999,42.336970],[-71.03121299999999,42.3369910],[-71.0311990,42.3370020],[-71.03120,42.3370540],[-71.0312150,42.3370620],[-71.0312160,42.3370820],[-71.0312040,42.3370950],[-71.0312040,42.3371030],[-71.0311790,42.3371050],[-71.0311790,42.3370990],[-71.0309020,42.3371030]]],"type":"Polygon"},"id":14098,"properties":{"bra_use":"R2","foots_1003":"19198","gm_layer":"Unknown Area Type","gm_type":"Unknown Area Type","layer":"Unknown Area Type","lnduse":"R2","name":"","objectid_1":"19772","parcel_id":"603696000","story_ht_":"2"},"type":"Feature"}
,{"geometry":{"coordinates":[[[-71.0310150,42.3371650],[-71.0309920,42.3371650],[-71.0309920,42.337140],[-71.0310140,42.337140],[-71.0310140,42.3371230],[-71.0311990,42.3371210],[-71.03120,42.3371260],[-71.0312090,42.3371290],[-71.0312090,42.3371570],[-71.03120,42.337160],[-71.0312010,42.3371820],[-71.0310150,42.3371840]]],"type":"Polygon"},"id":14099,"properties":{"bra_use":"R2","foots_1003":"19199","gm_layer":"Unknown Area Type","gm_type":"Unknown Area Type","layer":"Unknown Area Type","lnduse":"R2","name":"","objectid_1":"19773","parcel_id":"603698000","story_ht_":"2"},"type":"Feature"}
,{"geometry":{"coordinates":[[[-71.03972400000001,42.3380040],[-71.0396080,42.3380060],[-71.0395980,42.3376940],[-71.03971300000001,42.3376920]]],"type":"Polygon"},"id":11339,"properties":{"bra_use":"I","foots_1003":"16339","gm_layer":"Unknown Area Type","gm_type":"Unknown Area Type","layer":"Unknown Area Type","lnduse":"I","name":"","objectid_1":"19432","parcel_id":"603364000","story_ht_":"1"},"type":"Feature"}
,{"geometry":{"coordinates":[[[-71.03924600000001,42.3380080],[-71.0392410,42.3378960],[-71.0393260,42.3378950],[-71.0393290,42.3380080]]],"type":"Polygon"},"id":11340,"properties":{"bra_use":"I","foots_1003":"16340","gm_layer":"Unknown Area Type","gm_type":"Unknown Area Type","layer":"Unknown Area Type","lnduse":"I","name":"","objectid_1":"19433","parcel_id":"603366000","story_ht_":"1"},"type":"Feature"}
,{"geometry":{"coordinates":[[[-71.0393740,42.3378940],[-71.0393780,42.3380060],[-71.0393290,42.3380080],[-71.0393260,42.3378950]]],"type":"Polygon"},"id":11341,"properties":{"bra_use":"I","foots_1003":"16341","gm_layer":"Unknown Area Type","gm_type":"Unknown Area Type","layer":"Unknown Area Type","lnduse":"I","name":"","objectid_1":"19434","parcel_id":"603366000","story_ht_":"1"},"type":"Feature"}
,{"geometry":{"coordinates":[[[-71.0390070,42.3379980],[-71.03898599999999,42.3379990],[-71.0389850,42.3379730],[-71.0390070,42.3379730],[-71.0390060,42.337940],[-71.03892500000001,42.3379420],[-71.03891900000001,42.33780],[-71.03900400000001,42.3377980],[-71.0389990,42.337680],[-71.03924000000001,42.3376740],[-71.03924499999999,42.3377920],[-71.03917199999999,42.3377930],[-71.039180,42.3380090],[-71.0390070,42.3380130]]],"type":"Polygon"},"id":11342,"properties":{"bra_use":"I","foots_1003":"16342","gm_layer":"Unknown Area Type","gm_type":"Unknown Area Type","layer":"Unknown Area Type","lnduse":"I","name":"","objectid_1":"19435","parcel_id":"603366000","story_ht_":"1"},"type":"Feature"}
,{"geometry":{"coordinates":[[[-71.03832199999999,42.3378350],[-71.0383710,42.3378350],[-71.03837400000001,42.3379590],[-71.0383260,42.3379590],[-71.03832800000001,42.3380250],[-71.03822700000001,42.3380280],[-71.03822200000001,42.3378170],[-71.0383210,42.3378160]]],"type":"Polygon"},"id":11343,"properties":{"bra_use":"I","foots_1003":"16343","gm_layer":"Unknown Area Type","gm_type":"Unknown Area Type","layer":"Unknown Area Type","lnduse":"I","name":"","objectid_1":"19436","parcel_id":"603368000","story_ht_":"1"},"type":"Feature"}
,{"geometry":{"coordinates":[[[-71.038940,42.3429720],[-71.0394050,42.3425460],[-71.0396970,42.3427210],[-71.0392310,42.3431480]]],"type":"Polygon"},"id":13554,"properties":{"bra_use":"I","foots_1003":"18594","gm_layer":"Unknown Area Type","gm_type":"Unknown Area Type","layer":"Unknown Area Type","lnduse":"I","name":"","objectid_1":"19090","parcel_id":"602814000","story_ht_":"1"},"type":"Feature"}
,{"geometry":{"coordinates":[[[-71.0377110,42.3375260],[-71.0377060,42.3373560],[-71.0380740,42.3373510],[-71.0380830,42.3376870],[-71.03768599999999,42.3376940],[-71.0376820,42.3375260]]],"type":"Polygon"},"id":13865,"properties":{"bra_use":"I","foots_1003":"18905","gm_layer":"Unknown Area Type","gm_type":"Unknown Area Type","layer":"Unknown Area Type","lnduse":"I","name":"","objectid_1":"19453","parcel_id":"603390000","story_ht_":"1"},"type":"Feature"}
,{"geometry":{"coordinates":[[[-71.0386020,42.3383230],[-71.03860,42.3382730],[-71.0385630,42.3382740],[-71.0385610,42.3382110],[-71.0385960,42.338210],[-71.0386390,42.338210],[-71.0386970,42.3382090],[-71.0387010,42.3383220]]],"type":"Polygon"},"id":13886,"properties":{"bra_use":"I","foots_1003":"18926","gm_layer":"Unknown Area Type","gm_type":"Unknown Area Type","layer":"Unknown Area Type","lnduse":"I","name":"","objectid_1":"19474","parcel_id":"603404000","story_ht_":"1"},"type":"Feature"}
,{"geometry":{"coordinates":[[[-71.0375930,42.3382080],[-71.0375920,42.3381780],[-71.0376340,42.3381770],[-71.0376350,42.3382070]]],"type":"Polygon"},"id":13887,"properties":{"bra_use":"I","foots_1003":"18927","gm_layer":"Unknown Area Type","gm_type":"Unknown Area Type","layer":"Unknown Area Type","lnduse":"I","name":"","objectid_1":"19475","parcel_id":"603404000","story_ht_":"1"},"type":"Feature"}
,{"geometry":{"coordinates":[[[-71.0385950,42.3381860],[-71.03863800000001,42.3381850],[-71.0386390,42.338210],[-71.0385960,42.338210]]],"type":"Polygon"},"id":13888,"properties":{"bra_use":"I","foots_1003":"18928","gm_layer":"Unknown Area Type","gm_type":"Unknown Area Type","layer":"Unknown Area Type","lnduse":"I","name":"","objectid_1":"19476","parcel_id":"603404000","story_ht_":"1"},"type":"Feature"}
,{"geometry":{"coordinates":[[[-71.0376270,42.3382420],[-71.03779900000001,42.3382380],[-71.03779900000001,42.3382150],[-71.0382010,42.3382080],[-71.0382080,42.3383950],[-71.0381780,42.3383950],[-71.03818200000001,42.3385070],[-71.0376370,42.3385190]]],"type":"Polygon"},"id":13889,"properties":{"bra_use":"I","foots_1003":"18929","gm_layer":"Unknown Area Type","gm_type":"Unknown Area Type","layer":"Unknown Area Type","lnduse":"I","name":"","objectid_1":"19477","parcel_id":"603404000","story_ht_":"1"},"type":"Feature"}
,{"geometry":{"coordinates":[[[-71.03827200000001,42.3385030],[-71.03826700000001,42.3384050],[-71.0384370,42.33840],[-71.0384440,42.3384990]]],"type":"Polygon"},"id":13890,"properties":{"bra_use":"I","foots_1003":"18930","gm_layer":"Unknown Area Type","gm_type":"Unknown Area Type","layer":"Unknown Area Type","lnduse":"I","name":"","objectid_1":"19478","parcel_id":"603404000","story_ht_":"1"},"type":"Feature"}
,{"geometry":{"coordinates":[[[-71.03562599999999,42.3384920],[-71.0359340,42.3384860],[-71.0359570,42.3391440],[-71.03564900000001,42.3391520]]],"type":"Polygon"},"id":13907,"properties":{"bra_use":"I","foots_1003":"18947","gm_layer":"Unknown Area Type","gm_type":"Unknown Area Type","layer":"Unknown Area Type","lnduse":"I","name":"","objectid_1":"19495","parcel_id":"603405200","story_ht_":"1"},"type":"Feature"}
,{"geometry":{"coordinates":[[[-71.0364240,42.3373770],[-71.0364210,42.3373750],[-71.03688099999999,42.3373650],[-71.0368940,42.337710],[-71.0371890,42.3377040],[-71.03719100000001,42.337740],[-71.0372240,42.3377390],[-71.0372350,42.3380450],[-71.0368150,42.3380530],[-71.0368130,42.3380040],[-71.0365410,42.3380080],[-71.03654400000001,42.3380550],[-71.0364470,42.3380570]]],"type":"Polygon"},"id":13920,"properties":{"bra_use":"C","foots_1003":"18997","gm_layer":"Unknown Area Type","gm_type":"Unknown Area Type","layer":"Unknown Area Type","lnduse":"C","name":"","objectid_1":"19545","parcel_id":"603422000","story_ht_":"1"},"type":"Feature"}
,{"geometry":{"coordinates":[[[-71.0356410,42.3379660],[-71.0356450,42.3379810],[-71.03576200000001,42.3379790],[-71.0357640,42.3380230],[-71.0357660,42.3380690],[-71.0356180,42.3380720],[-71.0356140,42.3379670]]],"type":"Polygon"},"id":13922,"properties":{"bra_use":"C","foots_1003":"18999","gm_layer":"Unknown Area Type","gm_type":"Unknown Area Type","layer":"Unknown Area Type","lnduse":"C","name":"","objectid_1":"19547","parcel_id":"603427000","story_ht_":"1"},"type":"Feature"}
,{"geometry":{"coordinates":[[[-71.0356130,42.3379570],[-71.03561000000001,42.3378480],[-71.03575600000001,42.3378460],[-71.0357590,42.3379550]]],"type":"Polygon"},"id":13923,"properties":{"bra_use":"C","foots_1003":"19000","gm_layer":"Unknown Area Type","gm_type":"Unknown Area Type","layer":"Unknown Area Type","lnduse":"C","name":"","objectid_1":"19548","parcel_id":"603428000","story_ht_":"1"},"type":"Feature"}
,{"geometry":{"coordinates":[[[-71.0365290,42.3368950],[-71.0370290,42.3368880],[-71.0370370,42.3372260],[-71.03653900000001,42.3372330]]],"type":"Polygon"},"id":13938,"properties":{"bra_use":"I","foots_1003":"19015","gm_layer":"Unknown Area Type","gm_type":"Unknown Area Type","layer":"Unknown Area Type","lnduse":"I","name":"","objectid_1":"19563","parcel_id":"603455000","story_ht_":"1"},"type":"Feature"}
,{"geometry":{"coordinates":[[[-71.0374130,42.3436730],[-71.03741100000001,42.3435970],[-71.0376390,42.3435940],[-71.03764099999999,42.3436710]]],"type":"Polygon"},"id":13504,"properties":{"bra_use":"E","foots_1003":"18544","gm_layer":"Unknown Area Type","gm_type":"Unknown Area Type","layer":"Unknown Area Type","lnduse":"E","name":"","objectid_1":"19037","parcel_id":"602674017","story_ht_":"0"},"type":"Feature"}
,{"geometry":{"coordinates":[[[-71.0397380,42.3370280],[-71.03984300000001,42.3370260],[-71.03984800000001,42.3371720],[-71.0397450,42.3371740]]],"type":"Polygon"},"id":13850,"properties":{"bra_use":"CM","foots_1003":"18890","gm_layer":"Unknown Area Type","gm_type":"Unknown Area Type","layer":"Unknown Area Type","lnduse":"CM","name":"","objectid_1":"19412","parcel_id":"603317000","story_ht_":"0"},"type":"Feature"}
,{"geometry":{"coordinates":[[[-71.0390360,42.3376580],[-71.03903200000001,42.337550],[-71.0392310,42.3375470],[-71.0392370,42.3376550]]],"type":"Polygon"},"id":13873,"properties":{"bra_use":"CM","foots_1003":"18913","gm_layer":"Unknown Area Type","gm_type":"Unknown Area Type","layer":"Unknown Area Type","lnduse":"CM","name":"","objectid_1":"19461","parcel_id":"603397000","story_ht_":"0"},"type":"Feature"}
,{"geometry":{"coordinates":[[[-71.0390080,42.3373350],[-71.03908199999999,42.3373350],[-71.03908199999999,42.3374520],[-71.0390440,42.3374520],[-71.0390440,42.3374450],[-71.03900899999999,42.3374450]]],"type":"Polygon"},"id":13874,"properties":{"bra_use":"CM","foots_1003":"18914","gm_layer":"Unknown Area Type","gm_type":"Unknown Area Type","layer":"Unknown Area Type","lnduse":"CM","name":"","objectid_1":"19462","parcel_id":"603397000","story_ht_":"0"},"type":"Feature"}
,{"geometry":{"coordinates":[[[-71.0391910,42.3374490],[-71.03915499999999,42.3374490],[-71.0391510,42.3373350],[-71.03922300000001,42.3373320],[-71.0392260,42.3374390],[-71.0391910,42.3374390]]],"type":"Polygon"},"id":13875,"properties":{"bra_use":"CM","foots_1003":"18915","gm_layer":"Unknown Area Type","gm_type":"Unknown Area Type","layer":"Unknown Area Type","lnduse":"CM","name":"","objectid_1":"19463","parcel_id":"603397000","story_ht_":"0"},"type":"Feature"}
,{"geometry":{"coordinates":[[[-71.0358940,42.3402510],[-71.0356780,42.3402540],[-71.0356750,42.3401890],[-71.03567200000001,42.3399290],[-71.035890,42.3399270]]],"type":"Polygon"},"id":13895,"properties":{"bra_use":"CL","foots_1003":"18935","gm_layer":"Unknown Area Type","gm_type":"Unknown Area Type","layer":"Unknown Area Type","lnduse":"CL","name":"","objectid_1":"19483","parcel_id":"603405050","story_ht_":"0"},"type":"Feature"}
,{"geometry":{"coordinates":[[[-71.0358390,42.3404120],[-71.0359060,42.3404120],[-71.0359110,42.3405370],[-71.0358420,42.3405370]]],"type":"Polygon"},"id":13896,"properties":{"bra_use":"CL","foots_1003":"18936","gm_layer":"Unknown Area Type","gm_type":"Unknown Area Type","layer":"Unknown Area Type","lnduse":"CL","name":"","objectid_1":"19484","parcel_id":"603405050","story_ht_":"0"},"type":"Feature"}
,{"geometry":{"coordinates":[[[-71.0356970,42.340560],[-71.0358870,42.3405570],[-71.03589599999999,42.3408250],[-71.03593600000001,42.3408240],[-71.03594200000001,42.3409720],[-71.03590199999999,42.3409730],[-71.0359060,42.3411020],[-71.0357150,42.3411060]]],"type":"Polygon"},"id":13897,"properties":{"bra_use":"CL","foots_1003":"18937","gm_layer":"Unknown Area Type","gm_type":"Unknown Area Type","layer":"Unknown Area Type","lnduse":"CL","name":"","objectid_1":"19485","parcel_id":"603405050","story_ht_":"0"},"type":"Feature"}
,{"geometry":{"coordinates":[[[-71.0374480,42.3397810],[-71.0374310,42.3397820],[-71.03727000000001,42.3397840],[-71.03725300000001,42.3392440],[-71.0374320,42.3392420]]],"type":"Polygon"},"id":13898,"properties":{"bra_use":"CL","foots_1003":"18938","gm_layer":"Unknown Area Type","gm_type":"Unknown Area Type","layer":"Unknown Area Type","lnduse":"CL","name":"","objectid_1":"19486","parcel_id":"603405060","story_ht_":"0"},"type":"Feature"}
,{"geometry":{"coordinates":[[[-71.03675200000001,42.339110],[-71.0367420,42.3388220],[-71.0368010,42.3388210],[-71.036920,42.3388180],[-71.036930,42.3391070]]],"type":"Polygon"},"id":13899,"properties":{"bra_use":"CL","foots_1003":"18939","gm_layer":"Unknown Area Type","gm_type":"Unknown Area Type","layer":"Unknown Area Type","lnduse":"CL","name":"","objectid_1":"19487","parcel_id":"603405060","story_ht_":"0"},"type":"Feature"}
,{"geometry":{"coordinates":[[[-71.03638599999999,42.3392570],[-71.0366030,42.3392540],[-71.036610,42.3394960],[-71.03661200000001,42.3395810],[-71.0363930,42.3395840]]],"type":"Polygon"},"id":13900,"properties":{"bra_use":"CL","foots_1003":"18940","gm_layer":"Unknown Area Type","gm_type":"Unknown Area Type","layer":"Unknown Area Type","lnduse":"CL","name":"","objectid_1":"19488","parcel_id":"603405060","story_ht_":"0"},"type":"Feature"}
,{"geometry":{"coordinates":[[[-71.0370650,42.3392450],[-71.0370720,42.3394850],[-71.0369570,42.3394870],[-71.03695399999999,42.3394750],[-71.03686500000001,42.3394760],[-71.03686399999999,42.3394920],[-71.0366880,42.3394960],[-71.0366880,42.3394950],[-71.0366810,42.3392770],[-71.0367530,42.3392760],[-71.03675200000001,42.339250]]],"type":"Polygon"},"id":13901,"properties":{"bra_use":"CL","foots_1003":"18941","gm_layer":"Unknown Area Type","gm_type":"Unknown Area Type","layer":"Unknown Area Type","lnduse":"CL","name":"","objectid_1":"19489","parcel_id":"603405060","story_ht_":"0"},"type":"Feature"}
,{"geometry":{"coordinates":[[[-71.03624499999999,42.3395860],[-71.03625099999999,42.3398050],[-71.03603200000001,42.3398080],[-71.03601999999999,42.3392630],[-71.0362380,42.339260]]],"type":"Polygon"},"id":13902,"properties":{"bra_use":"CL","foots_1003":"18942","gm_layer":"Unknown Area Type","gm_type":"Unknown Area Type","layer":"Unknown Area Type","lnduse":"CL","name":"","objectid_1":"19490","parcel_id":"603405060","story_ht_":"0"},"type":"Feature"}
,{"geometry":{"coordinates":[[[-71.0374250,42.3389660],[-71.03743400000001,42.3391210],[-71.0371830,42.3391290],[-71.03717500000001,42.3389740]]],"type":"Polygon"},"id":13903,"properties":{"bra_use":"CL","foots_1003":"18943","gm_layer":"Unknown Area Type","gm_type":"Unknown Area Type","layer":"Unknown Area Type","lnduse":"CL","name":"","objectid_1":"19491","parcel_id":"603405060","story_ht_":"0"},"type":"Feature"}
,{"geometry":{"coordinates":[[[-71.0374250,42.3389230],[-71.0370810,42.338930],[-71.0370820,42.3389520],[-71.0370020,42.3389540],[-71.03699400000001,42.3387650],[-71.0367990,42.3387680],[-71.0367780,42.3381970],[-71.0370490,42.3381910],[-71.0370530,42.3382590],[-71.0371050,42.3382570],[-71.0371040,42.3381910],[-71.0373970,42.3381850]]],"type":"Polygon"},"id":13904,"properties":{"bra_use":"CL","foots_1003":"18944","gm_layer":"Unknown Area Type","gm_type":"Unknown Area Type","layer":"Unknown Area Type","lnduse":"CL","name":"","objectid_1":"19492","parcel_id":"603405060","story_ht_":"0"},"type":"Feature"}
,{"geometry":{"coordinates":[[[-71.03671300000001,42.3384130],[-71.03671300000001,42.3384540],[-71.0366720,42.3384550],[-71.03667299999999,42.3384760],[-71.03662300000001,42.3384770],[-71.0366210,42.3384130],[-71.0366360,42.3384130],[-71.036630,42.3382520],[-71.03674599999999,42.3382510],[-71.0367510,42.3384140]]],"type":"Polygon"},"id":13905,"properties":{"bra_use":"CL","foots_1003":"18945","gm_layer":"Unknown Area Type","gm_type":"Unknown Area Type","layer":"Unknown Area Type","lnduse":"CL","name":"","objectid_1":"19493","parcel_id":"603405060","story_ht_":"0"},"type":"Feature"}
,{"geometry":{"coordinates":[[[-71.0357640,42.3380230],[-71.03581200000001,42.3380220],[-71.0358140,42.3380690],[-71.0357660,42.3380690]]],"type":"Polygon"},"id":13921,"properties":{"bra_use":"CL","foots_1003":"18998","gm_layer":"Unknown Area Type","gm_type":"Unknown Area Type","layer":"Unknown Area Type","lnduse":"CL","name":"","objectid_1":"19546","parcel_id":"603426000","story_ht_":"0"},"type":"Feature"}
,{"geometry":{"coordinates":[[[-71.0372320,42.3376330],[-71.03723100000001,42.3375830],[-71.0373070,42.3375830],[-71.0373080,42.3376320]]],"type":"Polygon"},"id":13930,"properties":{"bra_use":"RL","foots_1003":"19007","gm_layer":"Unknown Area Type","gm_type":"Unknown Area Type","layer":"Unknown Area Type","lnduse":"RL","name":"","objectid_1":"19555","parcel_id":"603446030","story_ht_":"0"},"type":"Feature"}
,{"geometry":{"coordinates":[[[-71.0365260,42.3372370],[-71.03644300000001,42.3372390],[-71.0364390,42.3371040],[-71.03652200000001,42.3371030]]],"type":"Polygon"},"id":13939,"properties":{"bra_use":"CM","foots_1003":"19016","gm_layer":"Unknown Area Type","gm_type":"Unknown Area Type","layer":"Unknown Area Type","lnduse":"CM","name":"","objectid_1":"19564","parcel_id":"603456000","story_ht_":"0"},"type":"Feature"}
,{"geometry":{"coordinates":[[[-71.0364160,42.3414850],[-71.03602100000001,42.3414840],[-71.0360230,42.3412320],[-71.0364180,42.3412340]]],"type":"Polygon"},"id":21914,"properties":{"bra_use":"I","foots_1003":"90874","gm_layer":"Unknown Area Type","gm_type":"Unknown Area Type","layer":"Unknown Area Type","lnduse":"I","name":"FedEx","objectid_1":"91515","parcel_id":"603405000","story_ht_":"0"},"type":"Feature"}
]}