{"type": "FeatureCollection", "features": [{"geometry":{"coordinates":[[[-71.0360460,42.3478560],[-71.0357360,42.3482770],[-71.0356230,42.3482310],[-71.03589100000001,42.3478670],[-71.0358670,42.3478570],[-71.0358940,42.3478220],[-71.035910,42.3478010],[-71.0358670,42.3478570],[-71.035910,42.34780]]],"type":"Polygon"},"id":21850,"properties":{"bra_use":"I","foots_1003":"90794","gm_layer":"Unknown Area Type","gm_type":"Unknown Area Type","layer":"Unknown Area Type","lnduse":"E","name":"Commercial Lobster","objectid_1":"91435","parcel_id":"602674000","story_ht_":"2"},"type":"Feature"}
,{"geometry":{"coordinates":[[[-71.03895900000001,42.3490290],[-71.0389010,42.3491080],[-71.0389550,42.3491310],[-71.03889599999999,42.3492080],[-71.0383520,42.3489850],[-71.0383980,42.3489220],[-71.038020,42.3487670],[-71.0379720,42.3488320],[-71.0377780,42.3487530],[-71.03782800000001,42.3486860],[-71.0375760,42.3485830],[-71.0376440,42.3484920]]],"type":"Polygon"},"id":13486,"properties":{"bra_use":"C","foots_1003":"18508","gm_layer":"Unknown Area Type","gm_type":"Unknown Area Type","layer":"Unknown Area Type","lnduse":"E","name":"","objectid_1":"19001","parcel_id":"602673120","story_ht_":"1"},"type":"Feature"}
,{"geometry":{"coordinates":[[[-71.0378080,42.3500620],[-71.0379020,42.3499340],[-71.0381550,42.3500360],[-71.0380610,42.3501640]]],"type":"Polygon"},"id":13479,"properties":{"bra_use":"I","foots_1003":"18501","gm_layer":"Unknown Area Type","gm_type":"Unknown Area Type","layer":"Unknown Area Type","lnduse":"E","name":"","objectid_1":"18994","parcel_id":"602673002","story_ht_":"0"},"type":"Feature"}
,{"geometry":{"coordinates":[[[-71.03907700000001,42.3499530],[-71.03925200000001,42.3500250],[-71.03792300000001,42.3518080],[-71.0377470,42.3517360]]],"type":"Polygon"},"id":13480,"properties":{"bra_use":"I","foots_1003":"18502","gm_layer":"Unknown Area Type","gm_type":"Unknown Area Type","layer":"Unknown Area Type","lnduse":"E","name":"","objectid_1":"18995","parcel_id":"602673002","story_ht_":"0"},"type":"Feature"}
,{"geometry":{"coordinates":[[[-71.0391580,42.3496770],[-71.0391820,42.3496450],[-71.03922799999999,42.3496640],[-71.03920599999999,42.3496960]]],"type":"Polygon"},"id":13481,"properties":{"bra_use":"E","foots_1003":"18503","gm_layer":"Unknown Area Type","gm_type":"Unknown Area Type","layer":"Unknown Area Type","lnduse":"E","name":"","objectid_1":"18996","parcel_id":"602673002","story_ht_":"0"},"type":"Feature"}
,{"geometry":{"coordinates":[[[-71.03815299999999,42.3498270],[-71.0381390,42.3498460],[-71.0382010,42.3498710],[-71.03817700000001,42.3499060],[-71.0380150,42.3498420],[-71.0380540,42.3497880]]],"type":"Polygon"},"id":13482,"properties":{"bra_use":"I","foots_1003":"18504","gm_layer":"Unknown Area Type","gm_type":"Unknown Area Type","layer":"Unknown Area Type","lnduse":"E","name":"","objectid_1":"18997","parcel_id":"602673002","story_ht_":"0"},"type":"Feature"}
,{"geometry":{"coordinates":[[[-71.039310,42.3491770],[-71.03934200000001,42.349190],[-71.0393210,42.3492180],[-71.0392880,42.3492060]]],"type":"Polygon"},"id":13484,"properties":{"bra_use":"E","foots_1003":"18506","gm_layer":"Unknown Area Type","gm_type":"Unknown Area Type","layer":"Unknown Area Type","lnduse":"E","name":"","objectid_1":"18999","parcel_id":"602673002","story_ht_":"0"},"type":"Feature"}
,{"geometry":{"coordinates":[[[-71.0385910,42.349750],[-71.0387650,42.3498210],[-71.0374320,42.3516110],[-71.03725799999999,42.3515390]]],"type":"Polygon"},"id":13485,"properties":{"bra_use":"I","foots_1003":"18507","gm_layer":"Unknown Area Type","gm_type":"Unknown Area Type","layer":"Unknown Area Type","lnduse":"E","name":"","objectid_1":"19000","parcel_id":"602673002","story_ht_":"0"},"type":"Feature"}
,{"geometry":{"coordinates":[[[-71.0376320,42.3456650],[-71.0380150,42.3452620],[-71.0382460,42.3453840],[-71.0378630,42.3457860]]],"type":"Polygon"},"id":13505,"properties":{"bra_use":"XG","foots_1003":"18545","gm_layer":"Unknown Area Type","gm_type":"Unknown Area Type","layer":"Unknown Area Type","lnduse":"E","name":"","objectid_1":"19038","parcel_id":"602674020","story_ht_":"0"},"type":"Feature"}
,{"geometry":{"coordinates":[[[-71.03951600000001,42.3460050],[-71.0395740,42.3459480],[-71.0398620,42.3461090],[-71.0398040,42.3461650]]],"type":"Polygon"},"id":13508,"properties":{"bra_use":"E","foots_1003":"18548","gm_layer":"Unknown Area Type","gm_type":"Unknown Area Type","layer":"Unknown Area Type","lnduse":"E","name":"","objectid_1":"19041","parcel_id":"602678000","story_ht_":"0"},"type":"Feature"}
,{"geometry":{"coordinates":[[[-71.03718000000001,42.3476480],[-71.0371480,42.3476350],[-71.0370020,42.3478310],[-71.0367620,42.3477330],[-71.0369170,42.3475230],[-71.0368220,42.3474840],[-71.03684199999999,42.3474580],[-71.03673499999999,42.3474110],[-71.0368210,42.3472920],[-71.0373060,42.3474920]]],"type":"Polygon"},"id":13510,"properties":{"bra_use":"I","foots_1003":"18550","gm_layer":"Unknown Area Type","gm_type":"Unknown Area Type","layer":"Unknown Area Type","lnduse":"E","name":"","objectid_1":"19043","parcel_id":"602682010","story_ht_":"0"},"type":"Feature"}
,{"geometry":{"coordinates":[[[-71.0330450,42.3486130],[-71.0330290,42.3486250],[-71.0329790,42.3485830],[-71.03299800000001,42.3485720],[-71.0329260,42.3485130],[-71.0329740,42.348480],[-71.032940,42.3484660],[-71.0333230,42.3479580],[-71.0335250,42.3480470],[-71.033360,42.3482670],[-71.0335430,42.3483430],[-71.0332810,42.3487010],[-71.0331520,42.3486480],[-71.0331190,42.3486720]]],"type":"Polygon"},"id":21842,"properties":{"bra_use":"E","foots_1003":"90785","gm_layer":"Unknown Area Type","gm_type":"Unknown Area Type","layer":"Unknown Area Type","lnduse":"E","name":"Vent Building #6","objectid_1":"91426","parcel_id":"0","story_ht_":"0"},"type":"Feature"}
,{"geometry":{"coordinates":[[[-71.0398050,42.3461680],[-71.0397540,42.3461410],[-71.0395070,42.3460060],[-71.0395360,42.3459780],[-71.0395690,42.3459440],[-71.03986500000001,42.3461070]]],"type":"Polygon"},"id":21843,"properties":{"bra_use":"E","foots_1003":"90786","gm_layer":"Unknown Area Type","gm_type":"Unknown Area Type","layer":"Unknown Area Type","lnduse":"","name":"","objectid_1":"91427","parcel_id":"0","story_ht_":"0"},"type":"Feature"}
,{"geometry":{"coordinates":[[[-71.0396760,42.3462170],[-71.03937999999999,42.3460560],[-71.0394850,42.3459490],[-71.0395360,42.3459780],[-71.0395070,42.3460060],[-71.0397540,42.3461410]]],"type":"Polygon"},"id":21844,"properties":{"bra_use":"E","foots_1003":"90787","gm_layer":"Unknown Area Type","gm_type":"Unknown Area Type","layer":"Unknown Area Type","lnduse":"","name":"","objectid_1":"91428","parcel_id":"0","story_ht_":"0"},"type":"Feature"}
,{"geometry":{"coordinates":[[[-71.0390,42.3458470],[-71.03868900000001,42.3461630],[-71.0386070,42.346170],[-71.0385910,42.3460940],[-71.03867700000001,42.3460070],[-71.0386410,42.3459890],[-71.0389280,42.3456990],[-71.0390720,42.3457770],[-71.0391070,42.3457420],[-71.0394850,42.3459490],[-71.03937999999999,42.3460560]]],"type":"Polygon"},"id":21845,"properties":{"bra_use":"E","foots_1003":"90788","gm_layer":"Unknown Area Type","gm_type":"Unknown Area Type","layer":"Unknown Area Type","lnduse":"","name":"","objectid_1":"91429","parcel_id":"0","story_ht_":"0"},"type":"Feature"}
,{"geometry":{"coordinates":[[[-71.03853100000001,42.3461560],[-71.0384840,42.346130],[-71.0385180,42.3460950],[-71.0385660,42.3461210]]],"type":"Polygon"},"id":21846,"properties":{"bra_use":"E","foots_1003":"90789","gm_layer":"Unknown Area Type","gm_type":"Unknown Area Type","layer":"Unknown Area Type","lnduse":"","name":"","objectid_1":"91430","parcel_id":"0","story_ht_":"0"},"type":"Feature"}
,{"geometry":{"coordinates":[[[-71.0386070,42.346170],[-71.03850300000001,42.3461810],[-71.03853100000001,42.3461560],[-71.0385660,42.346120],[-71.0385910,42.3460940]]],"type":"Polygon"},"id":21847,"properties":{"bra_use":"E","foots_1003":"90790","gm_layer":"Unknown Area Type","gm_type":"Unknown Area Type","layer":"Unknown Area Type","lnduse":"","name":"","objectid_1":"91431","parcel_id":"0","story_ht_":"0"},"type":"Feature"}
,{"geometry":{"coordinates":[[[-71.0386080,42.3463490],[-71.0385790,42.3463570],[-71.03854800000001,42.3463630],[-71.0385170,42.3463690],[-71.0384870,42.3463730],[-71.0384560,42.3463750],[-71.0384250,42.3463770],[-71.0383940,42.3463770],[-71.03836200000001,42.3463760],[-71.038360,42.3463640],[-71.0383320,42.3462230],[-71.0385770,42.3461970],[-71.0386060,42.3463380]]],"type":"Polygon"},"id":21848,"properties":{"bra_use":"E","foots_1003":"90791","gm_layer":"Unknown Area Type","gm_type":"Unknown Area Type","layer":"Unknown Area Type","lnduse":"","name":"","objectid_1":"91432","parcel_id":"0","story_ht_":"0"},"type":"Feature"}
,{"geometry":{"coordinates":[[[-71.038050,42.3463980],[-71.0380170,42.3462360],[-71.03850300000001,42.3461810],[-71.0386070,42.346170],[-71.03868900000001,42.3461630],[-71.03872300000001,42.3463250],[-71.0386060,42.3463380],[-71.0385770,42.3461970],[-71.0383320,42.3462230],[-71.038360,42.3463640]]],"type":"Polygon"},"id":21849,"properties":{"bra_use":"E","foots_1003":"90792","gm_layer":"Unknown Area Type","gm_type":"Unknown Area Type","layer":"Unknown Area Type","lnduse":"","name":"","objectid_1":"91433","parcel_id":"0","story_ht_":"0"},"type":"Feature"}
,{"geometry":{"coordinates":[[[-71.0368550,42.3443760],[-71.0368560,42.344410],[-71.03539499999999,42.3444340],[-71.0353760,42.3439670],[-71.0359150,42.3439590],[-71.0359210,42.3440820],[-71.0360130,42.3440810],[-71.0360170,42.3441640],[-71.0363680,42.3441570],[-71.0363660,42.3440950],[-71.0365650,42.3440930],[-71.0365680,42.3441540],[-71.0369570,42.344150],[-71.03696600000001,42.3443740],[-71.0369620,42.3443740]]],"type":"Polygon"},"id":21854,"properties":{"bra_use":"I","foots_1003":"90798","gm_layer":"Unknown Area Type","gm_type":"Unknown Area Type","layer":"Unknown Area Type","lnduse":"E","name":"","objectid_1":"91439","parcel_id":"602674010","story_ht_":"0"},"type":"Feature"}
,{"geometry":{"coordinates":[[[-71.0357290,42.3488090],[-71.035630,42.3486610],[-71.03553100000001,42.3485140],[-71.03568300000001,42.3484570],[-71.0357020,42.3484450],[-71.0357230,42.3484260],[-71.0357420,42.3484060],[-71.0357550,42.3483890],[-71.03578400000001,42.3483690],[-71.0358080,42.3483470],[-71.0358280,42.3483220],[-71.03583500000001,42.3483070],[-71.0358430,42.3482860],[-71.0358710,42.3482620],[-71.0358930,42.3482340],[-71.03590800000001,42.3482090],[-71.0359160,42.3481920],[-71.0359180,42.3481730],[-71.03591900000001,42.3481570],[-71.03594099999999,42.348160],[-71.0359610,42.3481620],[-71.0359830,42.3481620],[-71.0360080,42.348160],[-71.0360330,42.3481570],[-71.036050,42.3481530],[-71.0360740,42.3481460],[-71.0360950,42.3481610],[-71.0361180,42.3481720],[-71.0361520,42.3481810],[-71.0361970,42.3481850],[-71.03623500000001,42.3481810],[-71.03625200000001,42.3482040],[-71.0362720,42.348220],[-71.0362950,42.3482340],[-71.03632500000001,42.3482450],[-71.0363720,42.3482520],[-71.03637999999999,42.3482850],[-71.0363990,42.348310],[-71.0364280,42.3483350],[-71.0364680,42.3483520],[-71.0364630,42.3483860],[-71.03647100000001,42.3484180],[-71.03648800000001,42.3484440],[-71.0365180,42.348470],[-71.0364970,42.3485020],[-71.0364910,42.3485250],[-71.0364920,42.3485470],[-71.0364980,42.3485690],[-71.0365120,42.3485930],[-71.0364850,42.3486130],[-71.0364610,42.3486420],[-71.0364510,42.3486660],[-71.03644900000001,42.3486870],[-71.0364510,42.348710],[-71.036430,42.3487190],[-71.0364160,42.3487270],[-71.03639800000001,42.3487390],[-71.03638100000001,42.3487530],[-71.0363680,42.3487680],[-71.0363570,42.348780],[-71.0363480,42.3487940],[-71.0363290,42.3487850],[-71.0363090,42.3487760],[-71.03628500000001,42.348770],[-71.036250,42.3487630],[-71.03620700000001,42.3487610],[-71.0361650,42.3487610],[-71.0361360,42.3487530],[-71.0361140,42.3487490],[-71.03607599999999,42.3487460],[-71.0360390,42.3487470],[-71.0359990,42.3487510],[-71.0359730,42.3487490],[-71.035940,42.3487490],[-71.0359070,42.348750],[-71.0358810,42.3487530]]],"type":"Polygon"},"id":21855,"properties":{"bra_use":"C","foots_1003":"90799","gm_layer":"Unknown Area Type","gm_type":"Unknown Area Type","layer":"Unknown Area Type","lnduse":"C","name":"","objectid_1":"91440","parcel_id":"602674000","story_ht_":"0"},"type":"Feature"}
,{"geometry":{"coordinates":[[[-71.0322310,42.3469540],[-71.03260400000001,42.3465190],[-71.0332130,42.3468060],[-71.03283999999999,42.3472420]]],"type":"Polygon"},"id":21856,"properties":{"bra_use":"I","foots_1003":"90800","gm_layer":"Unknown Area Type","gm_type":"Unknown Area Type","layer":"Unknown Area Type","lnduse":"E","name":"","objectid_1":"91441","parcel_id":"602674000","story_ht_":"0"},"type":"Feature"}
,{"geometry":{"coordinates":[[[-71.0327920,42.3463120],[-71.0331650,42.3458770],[-71.03377399999999,42.3461650],[-71.0334010,42.34660]]],"type":"Polygon"},"id":21857,"properties":{"bra_use":"I","foots_1003":"90801","gm_layer":"Unknown Area Type","gm_type":"Unknown Area Type","layer":"Unknown Area Type","lnduse":"E","name":"","objectid_1":"91442","parcel_id":"602674000","story_ht_":"0"},"type":"Feature"}
]}