{"type": "FeatureCollection", "features": [{"geometry":{"coordinates":[[[-71.0661940,42.3601620],[-71.0663050,42.3601590],[-71.0663050,42.3602190],[-71.06619499999999,42.3602220]]],"type":"Polygon"},"id":4627,"properties":{"bra_use":"CM","foots_1003":"9623","gm_layer":"Unknown Area Type","gm_type":"Unknown Area Type","layer":"Unknown Area Type","lnduse":"CM","name":"","objectid_1":"10098","parcel_id":"300220000","story_ht_":"0"},"type":"Feature"}
,{"geometry":{"coordinates":[[[-71.06652800000001,42.3597520],[-71.0665750,42.3597510],[-71.06657199999999,42.35970],[-71.0665880,42.3596980],[-71.06660599999999,42.3596980],[-71.0666080,42.3597510],[-71.0666540,42.359750],[-71.0666580,42.359830],[-71.0666150,42.3598310],[-71.0666110,42.3597670],[-71.066530,42.359770]]],"type":"Polygon"},"id":7013,"properties":{"bra_use":"CM","foots_1003":"12013","gm_layer":"Unknown Area Type","gm_type":"Unknown Area Type","layer":"Unknown Area Type","lnduse":"CM","name":"","objectid_1":"15378","parcel_id":"502148000","story_ht_":"0"},"type":"Feature"}
,{"geometry":{"coordinates":[[[-71.0668130,42.3599950],[-71.0668240,42.3601160],[-71.06670,42.3601240],[-71.06670,42.3601170],[-71.0667120,42.3601170],[-71.06671299999999,42.3600970],[-71.0666670,42.3600970],[-71.0666660,42.3600540],[-71.06670699999999,42.3600540],[-71.0667060,42.3600350],[-71.06666199999999,42.3600350],[-71.0666610,42.3600010]]],"type":"Polygon"},"id":7020,"properties":{"bra_use":"CM","foots_1003":"12020","gm_layer":"Unknown Area Type","gm_type":"Unknown Area Type","layer":"Unknown Area Type","lnduse":"CM","name":"","objectid_1":"15385","parcel_id":"502155000","story_ht_":"0"},"type":"Feature"}
,{"geometry":{"coordinates":[[[-71.06652699999999,42.360180],[-71.0666770,42.3601760],[-71.06668000000001,42.3602190],[-71.06668500000001,42.3602790],[-71.06653300000001,42.3602830]]],"type":"Polygon"},"id":7024,"properties":{"bra_use":"CM","foots_1003":"12024","gm_layer":"Unknown Area Type","gm_type":"Unknown Area Type","layer":"Unknown Area Type","lnduse":"CM","name":"","objectid_1":"15389","parcel_id":"502160000","story_ht_":"0"},"type":"Feature"}
,{"geometry":{"coordinates":[[[-71.0665320,42.3602830],[-71.0665320,42.360280],[-71.06644300000001,42.360280],[-71.0664420,42.3601820],[-71.06652699999999,42.360180],[-71.06653300000001,42.3602830]]],"type":"Polygon"},"id":7025,"properties":{"bra_use":"CM","foots_1003":"12025","gm_layer":"Unknown Area Type","gm_type":"Unknown Area Type","layer":"Unknown Area Type","lnduse":"CM","name":"","objectid_1":"15390","parcel_id":"502162000","story_ht_":"0"},"type":"Feature"}
,{"geometry":{"coordinates":[[[-71.06657300000001,42.3600880],[-71.0666330,42.3600880],[-71.06663399999999,42.3601320],[-71.0665630,42.3601310],[-71.0665630,42.360140],[-71.0665190,42.3601390],[-71.0665190,42.3601540],[-71.066440,42.3601540],[-71.0664360,42.3600780],[-71.06657300000001,42.3600750]]],"type":"Polygon"},"id":7026,"properties":{"bra_use":"CM","foots_1003":"12026","gm_layer":"Unknown Area Type","gm_type":"Unknown Area Type","layer":"Unknown Area Type","lnduse":"CM","name":"","objectid_1":"15391","parcel_id":"502163000","story_ht_":"0"},"type":"Feature"}
,{"geometry":{"coordinates":[[[-71.0665570,42.3600010],[-71.0665570,42.3600170],[-71.0666220,42.3600160],[-71.0666210,42.3600590],[-71.06657300000001,42.360060],[-71.06657300000001,42.3600750],[-71.0664360,42.3600780],[-71.0664360,42.3600060]]],"type":"Polygon"},"id":7027,"properties":{"bra_use":"CM","foots_1003":"12027","gm_layer":"Unknown Area Type","gm_type":"Unknown Area Type","layer":"Unknown Area Type","lnduse":"CM","name":"","objectid_1":"15392","parcel_id":"502163000","story_ht_":"0"},"type":"Feature"}
,{"geometry":{"coordinates":[[[-71.0666140,42.3598830],[-71.0665690,42.3598840],[-71.0665690,42.3598920],[-71.0664340,42.3598940],[-71.0664330,42.3598350],[-71.0666150,42.3598310]]],"type":"Polygon"},"id":7030,"properties":{"bra_use":"CM","foots_1003":"12030","gm_layer":"Unknown Area Type","gm_type":"Unknown Area Type","layer":"Unknown Area Type","lnduse":"CM","name":"","objectid_1":"15395","parcel_id":"502166000","story_ht_":"0"},"type":"Feature"}
,{"geometry":{"coordinates":[[[-71.06666900000001,42.360710],[-71.0666660,42.3607630],[-71.0666430,42.3607630],[-71.06664499999999,42.3607090]]],"type":"Polygon"},"id":7036,"properties":{"bra_use":"CM","foots_1003":"12036","gm_layer":"Unknown Area Type","gm_type":"Unknown Area Type","layer":"Unknown Area Type","lnduse":"CM","name":"","objectid_1":"15401","parcel_id":"502171000","story_ht_":"0"},"type":"Feature"}
,{"geometry":{"coordinates":[[[-71.06655600000001,42.3607110],[-71.0665570,42.3607270],[-71.0665970,42.3607250],[-71.06659500000001,42.360710],[-71.0666210,42.3607080],[-71.0666210,42.360710],[-71.06664499999999,42.3607090],[-71.0666430,42.3607630],[-71.066450,42.3607670],[-71.0664410,42.3607650],[-71.0664410,42.3607110]]],"type":"Polygon"},"id":7037,"properties":{"bra_use":"CM","foots_1003":"12037","gm_layer":"Unknown Area Type","gm_type":"Unknown Area Type","layer":"Unknown Area Type","lnduse":"CM","name":"","objectid_1":"15402","parcel_id":"502171000","story_ht_":"0"},"type":"Feature"}
,{"geometry":{"coordinates":[[[-71.0664890,42.3581980],[-71.06631299999999,42.3582210],[-71.0662620,42.3580840],[-71.06644900000001,42.3580510]]],"type":"Polygon"},"id":9350,"properties":{"bra_use":"CM","foots_1003":"14354","gm_layer":"Unknown Area Type","gm_type":"Unknown Area Type","layer":"Unknown Area Type","lnduse":"CM","name":"","objectid_1":"14867","parcel_id":"501572000","story_ht_":"0"},"type":"Feature"}
,{"geometry":{"coordinates":[[[-71.06558800000001,42.358270],[-71.0654830,42.3582710],[-71.0654780,42.358120],[-71.06553099999999,42.358120],[-71.0655560,42.3581360],[-71.0655890,42.3581360],[-71.0655890,42.3581410]]],"type":"Polygon"},"id":9373,"properties":{"bra_use":"CM","foots_1003":"14377","gm_layer":"Unknown Area Type","gm_type":"Unknown Area Type","layer":"Unknown Area Type","lnduse":"CM","name":"","objectid_1":"14890","parcel_id":"501596000","story_ht_":"0"},"type":"Feature"}
,{"geometry":{"coordinates":[[[-71.0648580,42.3586690],[-71.0649980,42.358670],[-71.0649980,42.3587220],[-71.065010,42.3587220],[-71.065010,42.3587680],[-71.0648570,42.3587680]]],"type":"Polygon"},"id":9397,"properties":{"bra_use":"CM","foots_1003":"14401","gm_layer":"Unknown Area Type","gm_type":"Unknown Area Type","layer":"Unknown Area Type","lnduse":"CM","name":"","objectid_1":"14915","parcel_id":"501626000","story_ht_":"0"},"type":"Feature"}
,{"geometry":{"coordinates":[[[-71.06499100000001,42.3588880],[-71.064990,42.3589530],[-71.0648480,42.3589520],[-71.0648480,42.3588870]]],"type":"Polygon"},"id":9400,"properties":{"bra_use":"CM","foots_1003":"14404","gm_layer":"Unknown Area Type","gm_type":"Unknown Area Type","layer":"Unknown Area Type","lnduse":"CM","name":"","objectid_1":"14918","parcel_id":"501630000","story_ht_":"0"},"type":"Feature"}
,{"geometry":{"coordinates":[[[-71.06499100000001,42.3590220],[-71.06498499999999,42.3590220],[-71.06498499999999,42.3590230],[-71.0648350,42.3590230],[-71.0648350,42.3590010],[-71.06479899999999,42.3590010],[-71.06479899999999,42.3590270],[-71.0647530,42.3590270],[-71.06475399999999,42.3589510],[-71.0648480,42.3589520],[-71.064990,42.3589530]]],"type":"Polygon"},"id":9401,"properties":{"bra_use":"CM","foots_1003":"14405","gm_layer":"Unknown Area Type","gm_type":"Unknown Area Type","layer":"Unknown Area Type","lnduse":"CM","name":"","objectid_1":"14919","parcel_id":"501631000","story_ht_":"0"},"type":"Feature"}
,{"geometry":{"coordinates":[[[-71.0648820,42.3591870],[-71.0648140,42.3591850],[-71.064820,42.3590460],[-71.0648850,42.3590480],[-71.0648820,42.3591180]]],"type":"Polygon"},"id":9402,"properties":{"bra_use":"CM","foots_1003":"14406","gm_layer":"Unknown Area Type","gm_type":"Unknown Area Type","layer":"Unknown Area Type","lnduse":"CM","name":"","objectid_1":"14920","parcel_id":"501632000","story_ht_":"0"},"type":"Feature"}
,{"geometry":{"coordinates":[[[-71.06497400000001,42.3591890],[-71.0648820,42.3591870],[-71.0648820,42.3591180],[-71.0649770,42.3591210]]],"type":"Polygon"},"id":9403,"properties":{"bra_use":"CM","foots_1003":"14407","gm_layer":"Unknown Area Type","gm_type":"Unknown Area Type","layer":"Unknown Area Type","lnduse":"CM","name":"","objectid_1":"14921","parcel_id":"501632000","story_ht_":"0"},"type":"Feature"}
,{"geometry":{"coordinates":[[[-71.0648820,42.3591180],[-71.0648850,42.3590480],[-71.0649810,42.359050],[-71.0649770,42.3591210]]],"type":"Polygon"},"id":9404,"properties":{"bra_use":"CM","foots_1003":"14408","gm_layer":"Unknown Area Type","gm_type":"Unknown Area Type","layer":"Unknown Area Type","lnduse":"CM","name":"","objectid_1":"14922","parcel_id":"501632000","story_ht_":"0"},"type":"Feature"}
,{"geometry":{"coordinates":[[[-71.06807000000001,42.3586690],[-71.0681110,42.3587870],[-71.0680460,42.3587950],[-71.0680030,42.3586680],[-71.06799599999999,42.3586490],[-71.0680030,42.3586470],[-71.06800699999999,42.3586370],[-71.06804099999999,42.358630],[-71.068060,42.3586390],[-71.06806899999999,42.3586670]]],"type":"Polygon"},"id":9422,"properties":{"bra_use":"CM","foots_1003":"14426","gm_layer":"Unknown Area Type","gm_type":"Unknown Area Type","layer":"Unknown Area Type","lnduse":"CM","name":"","objectid_1":"14940","parcel_id":"501656000","story_ht_":"0"},"type":"Feature"}
,{"geometry":{"coordinates":[[[-71.0675950,42.3586940],[-71.06759099999999,42.3586260],[-71.0676780,42.358620],[-71.06768700000001,42.3586910],[-71.06773200000001,42.3586890],[-71.06773200000001,42.3586940],[-71.0677340,42.3586940],[-71.0677390,42.3587930],[-71.06750700000001,42.3587960],[-71.06750200000001,42.3586960]]],"type":"Polygon"},"id":9426,"properties":{"bra_use":"CM","foots_1003":"14430","gm_layer":"Unknown Area Type","gm_type":"Unknown Area Type","layer":"Unknown Area Type","lnduse":"CM","name":"","objectid_1":"14944","parcel_id":"501662000","story_ht_":"0"},"type":"Feature"}
,{"geometry":{"coordinates":[[[-71.06727100000001,42.3587990],[-71.067190,42.3587990],[-71.0671880,42.3586950],[-71.0672730,42.3586950]]],"type":"Polygon"},"id":9429,"properties":{"bra_use":"CM","foots_1003":"14433","gm_layer":"Unknown Area Type","gm_type":"Unknown Area Type","layer":"Unknown Area Type","lnduse":"CM","name":"","objectid_1":"14947","parcel_id":"501667000","story_ht_":"0"},"type":"Feature"}
,{"geometry":{"coordinates":[[[-71.067190,42.3587990],[-71.0671090,42.35880],[-71.06710800000001,42.3586960],[-71.0671880,42.3586950]]],"type":"Polygon"},"id":9430,"properties":{"bra_use":"CM","foots_1003":"14434","gm_layer":"Unknown Area Type","gm_type":"Unknown Area Type","layer":"Unknown Area Type","lnduse":"CM","name":"","objectid_1":"14948","parcel_id":"501668000","story_ht_":"0"},"type":"Feature"}
,{"geometry":{"coordinates":[[[-71.065490,42.3585410],[-71.0654170,42.3585470],[-71.0653810,42.3585470],[-71.0652680,42.358550],[-71.065260,42.35840],[-71.065490,42.3583960],[-71.0654890,42.3585310]]],"type":"Polygon"},"id":9446,"properties":{"bra_use":"CM","foots_1003":"14450","gm_layer":"Unknown Area Type","gm_type":"Unknown Area Type","layer":"Unknown Area Type","lnduse":"CM","name":"","objectid_1":"14965","parcel_id":"501687000","story_ht_":"0"},"type":"Feature"}
,{"geometry":{"coordinates":[[[-71.06549699999999,42.3586470],[-71.0654220,42.3586480],[-71.0654170,42.3585470],[-71.065490,42.3585410]]],"type":"Polygon"},"id":9447,"properties":{"bra_use":"CM","foots_1003":"14451","gm_layer":"Unknown Area Type","gm_type":"Unknown Area Type","layer":"Unknown Area Type","lnduse":"CM","name":"","objectid_1":"14966","parcel_id":"501687000","story_ht_":"0"},"type":"Feature"}
,{"geometry":{"coordinates":[[[-71.0653810,42.3585470],[-71.06538500000001,42.3586510],[-71.0652740,42.3586540],[-71.0652680,42.358550]]],"type":"Polygon"},"id":9448,"properties":{"bra_use":"CM","foots_1003":"14452","gm_layer":"Unknown Area Type","gm_type":"Unknown Area Type","layer":"Unknown Area Type","lnduse":"CM","name":"","objectid_1":"14967","parcel_id":"501687000","story_ht_":"0"},"type":"Feature"}
,{"geometry":{"coordinates":[[[-71.0657430,42.3585260],[-71.06563199999999,42.3585290],[-71.0656260,42.3583940],[-71.0657370,42.3583920]]],"type":"Polygon"},"id":9450,"properties":{"bra_use":"CM","foots_1003":"14454","gm_layer":"Unknown Area Type","gm_type":"Unknown Area Type","layer":"Unknown Area Type","lnduse":"CM","name":"","objectid_1":"14969","parcel_id":"501690000","story_ht_":"0"},"type":"Feature"}
,{"geometry":{"coordinates":[[[-71.0659290,42.3583880],[-71.0659320,42.3584940],[-71.0659210,42.3585230],[-71.0658390,42.3585250],[-71.0658430,42.3586510],[-71.0657380,42.3586520],[-71.0657370,42.3586140],[-71.0657930,42.3586110],[-71.0657920,42.3585860],[-71.06576699999999,42.3585860],[-71.06576699999999,42.3585250],[-71.0657430,42.3585260],[-71.0657370,42.3583920]]],"type":"Polygon"},"id":9451,"properties":{"bra_use":"CM","foots_1003":"14455","gm_layer":"Unknown Area Type","gm_type":"Unknown Area Type","layer":"Unknown Area Type","lnduse":"CM","name":"","objectid_1":"14970","parcel_id":"501691000","story_ht_":"0"},"type":"Feature"}
,{"geometry":{"coordinates":[[[-71.0660290,42.358490],[-71.066040,42.3586040],[-71.06601499999999,42.3586050],[-71.06601600000001,42.3586230],[-71.0659830,42.3586230],[-71.0659830,42.3586270],[-71.06592600000001,42.3586290],[-71.0659210,42.3585230],[-71.0659320,42.3584940]]],"type":"Polygon"},"id":9452,"properties":{"bra_use":"CM","foots_1003":"14456","gm_layer":"Unknown Area Type","gm_type":"Unknown Area Type","layer":"Unknown Area Type","lnduse":"CM","name":"","objectid_1":"14971","parcel_id":"501693000","story_ht_":"0"},"type":"Feature"}
,{"geometry":{"coordinates":[[[-71.0662170,42.358640],[-71.066210,42.3586060],[-71.06616200000001,42.3586070],[-71.0661430,42.3584750],[-71.0661460,42.3584750],[-71.06625800000001,42.3584660],[-71.06629599999999,42.3586370]]],"type":"Polygon"},"id":9455,"properties":{"bra_use":"CM","foots_1003":"14459","gm_layer":"Unknown Area Type","gm_type":"Unknown Area Type","layer":"Unknown Area Type","lnduse":"CM","name":"","objectid_1":"14974","parcel_id":"501695000","story_ht_":"0"},"type":"Feature"}
,{"geometry":{"coordinates":[[[-71.0661880,42.3588050],[-71.06617300000001,42.3587210],[-71.0662210,42.3587180],[-71.0662080,42.3586450],[-71.0662950,42.358640],[-71.0663010,42.3586750],[-71.06630199999999,42.3586880],[-71.06632000000001,42.3588080]]],"type":"Polygon"},"id":9456,"properties":{"bra_use":"CM","foots_1003":"14460","gm_layer":"Unknown Area Type","gm_type":"Unknown Area Type","layer":"Unknown Area Type","lnduse":"CM","name":"","objectid_1":"14975","parcel_id":"501695000","story_ht_":"0"},"type":"Feature"}
,{"geometry":{"coordinates":[[[-71.066520,42.3585970],[-71.0665190,42.3585890],[-71.06651700000001,42.3585890],[-71.0664860,42.3584490],[-71.0665980,42.3584350],[-71.06659999999999,42.3584350],[-71.0666410,42.3585840]]],"type":"Polygon"},"id":9461,"properties":{"bra_use":"CM","foots_1003":"14465","gm_layer":"Unknown Area Type","gm_type":"Unknown Area Type","layer":"Unknown Area Type","lnduse":"CM","name":"","objectid_1":"14980","parcel_id":"501698000","story_ht_":"0"},"type":"Feature"}
,{"geometry":{"coordinates":[[[-71.06668999999999,42.3586970],[-71.066670,42.3586980],[-71.0666820,42.3587380],[-71.0666090,42.3587470],[-71.0665770,42.3586140],[-71.0666640,42.3586070],[-71.0666710,42.358630],[-71.0666670,42.358630],[-71.0666860,42.3586810]]],"type":"Polygon"},"id":9462,"properties":{"bra_use":"CM","foots_1003":"14466","gm_layer":"Unknown Area Type","gm_type":"Unknown Area Type","layer":"Unknown Area Type","lnduse":"CM","name":"","objectid_1":"14981","parcel_id":"501698000","story_ht_":"0"},"type":"Feature"}
,{"geometry":{"coordinates":[[[-71.06667899999999,42.358550],[-71.06669100000001,42.35860],[-71.0666530,42.3586050],[-71.0666470,42.3585830],[-71.0666410,42.3585840],[-71.06659999999999,42.3584350],[-71.0666920,42.3584220],[-71.06672399999999,42.3585420]]],"type":"Polygon"},"id":9463,"properties":{"bra_use":"CM","foots_1003":"14467","gm_layer":"Unknown Area Type","gm_type":"Unknown Area Type","layer":"Unknown Area Type","lnduse":"CM","name":"","objectid_1":"14982","parcel_id":"501699000","story_ht_":"0"},"type":"Feature"}
,{"geometry":{"coordinates":[[[-71.0668050,42.3585360],[-71.066830,42.3586180],[-71.0667550,42.3586280],[-71.06672399999999,42.3585420],[-71.0666920,42.3584220],[-71.06669700000001,42.3584220],[-71.0667850,42.358410],[-71.0668220,42.3585330]]],"type":"Polygon"},"id":9464,"properties":{"bra_use":"CM","foots_1003":"14468","gm_layer":"Unknown Area Type","gm_type":"Unknown Area Type","layer":"Unknown Area Type","lnduse":"CM","name":"","objectid_1":"14983","parcel_id":"501700000","story_ht_":"0"},"type":"Feature"}
,{"geometry":{"coordinates":[[[-71.06832300000001,42.3582750],[-71.0683030,42.3582760],[-71.0682920,42.3582410],[-71.0681670,42.3582520],[-71.0681550,42.3581770],[-71.06827800000001,42.3581650],[-71.068270,42.3581240],[-71.06844599999999,42.3581010],[-71.0684830,42.3582520]]],"type":"Polygon"},"id":9483,"properties":{"bra_use":"CM","foots_1003":"14486","gm_layer":"Unknown Area Type","gm_type":"Unknown Area Type","layer":"Unknown Area Type","lnduse":"CM","name":"","objectid_1":"15002","parcel_id":"501710000","story_ht_":"0"},"type":"Feature"}
,{"geometry":{"coordinates":[[[-71.0683380,42.3583540],[-71.0683470,42.3583970],[-71.06820399999999,42.3584150],[-71.0681960,42.3583710]]],"type":"Polygon"},"id":9485,"properties":{"bra_use":"CM","foots_1003":"14488","gm_layer":"Unknown Area Type","gm_type":"Unknown Area Type","layer":"Unknown Area Type","lnduse":"CM","name":"","objectid_1":"15004","parcel_id":"501713000","story_ht_":"0"},"type":"Feature"}
,{"geometry":{"coordinates":[[[-71.0684850,42.3583120],[-71.06848700000001,42.3583240],[-71.06850900000001,42.3583230],[-71.0685210,42.3583760],[-71.068350,42.3583970],[-71.0683370,42.3583320]]],"type":"Polygon"},"id":9486,"properties":{"bra_use":"CM","foots_1003":"14489","gm_layer":"Unknown Area Type","gm_type":"Unknown Area Type","layer":"Unknown Area Type","lnduse":"CM","name":"","objectid_1":"15005","parcel_id":"501713000","story_ht_":"0"},"type":"Feature"}
,{"geometry":{"coordinates":[[[-71.0683640,42.3584620],[-71.068350,42.3583970],[-71.0685210,42.3583760],[-71.06853700000001,42.3584390],[-71.0685290,42.358440],[-71.0685290,42.3584410]]],"type":"Polygon"},"id":9487,"properties":{"bra_use":"CM","foots_1003":"14490","gm_layer":"Unknown Area Type","gm_type":"Unknown Area Type","layer":"Unknown Area Type","lnduse":"CM","name":"","objectid_1":"15006","parcel_id":"501714000","story_ht_":"0"},"type":"Feature"}
,{"geometry":{"coordinates":[[[-71.0695250,42.3584990],[-71.0694690,42.3583810],[-71.0696270,42.3583380],[-71.06969100000001,42.3584550],[-71.0696840,42.3584570]]],"type":"Polygon"},"id":9509,"properties":{"bra_use":"CM","foots_1003":"14512","gm_layer":"Unknown Area Type","gm_type":"Unknown Area Type","layer":"Unknown Area Type","lnduse":"CM","name":"","objectid_1":"15028","parcel_id":"501735000","story_ht_":"0"},"type":"Feature"}
,{"geometry":{"coordinates":[[[-71.0681750,42.3595840],[-71.0682540,42.3595810],[-71.0682580,42.3596820],[-71.06823900000001,42.3596830],[-71.068240,42.3597240],[-71.0681870,42.3597260]]],"type":"Polygon"},"id":9547,"properties":{"bra_use":"CM","foots_1003":"14550","gm_layer":"Unknown Area Type","gm_type":"Unknown Area Type","layer":"Unknown Area Type","lnduse":"CM","name":"","objectid_1":"15326","parcel_id":"502084000","story_ht_":"0"},"type":"Feature"}
,{"geometry":{"coordinates":[[[-71.06832300000001,42.359580],[-71.0683320,42.3597280],[-71.0683320,42.359740],[-71.068260,42.3597420],[-71.0682580,42.3596820],[-71.0682540,42.3595810]]],"type":"Polygon"},"id":9548,"properties":{"bra_use":"CM","foots_1003":"14551","gm_layer":"Unknown Area Type","gm_type":"Unknown Area Type","layer":"Unknown Area Type","lnduse":"CM","name":"","objectid_1":"15327","parcel_id":"502085000","story_ht_":"0"},"type":"Feature"}
,{"geometry":{"coordinates":[[[-71.0684030,42.3595770],[-71.0685640,42.3595740],[-71.0685660,42.3596710],[-71.0684090,42.3596740]]],"type":"Polygon"},"id":9550,"properties":{"bra_use":"CM","foots_1003":"14553","gm_layer":"Unknown Area Type","gm_type":"Unknown Area Type","layer":"Unknown Area Type","lnduse":"CM","name":"","objectid_1":"15329","parcel_id":"502087000","story_ht_":"0"},"type":"Feature"}
,{"geometry":{"coordinates":[[[-71.0683490,42.3598680],[-71.0683490,42.3598590],[-71.0683470,42.3598370],[-71.06842399999999,42.3598330],[-71.0684230,42.3598090],[-71.06840800000001,42.35980],[-71.06833500000001,42.3598040],[-71.0683310,42.3597530],[-71.0684150,42.3597490],[-71.0684160,42.3597840],[-71.0685720,42.3597740],[-71.068580,42.3598570]]],"type":"Polygon"},"id":9552,"properties":{"bra_use":"CM","foots_1003":"14555","gm_layer":"Unknown Area Type","gm_type":"Unknown Area Type","layer":"Unknown Area Type","lnduse":"CM","name":"","objectid_1":"15331","parcel_id":"502090000","story_ht_":"0"},"type":"Feature"}
,{"geometry":{"coordinates":[[[-71.0684790,42.3599670],[-71.0685890,42.3599660],[-71.0685970,42.3600560],[-71.06848700000001,42.3600580]]],"type":"Polygon"},"id":9555,"properties":{"bra_use":"CM","foots_1003":"14558","gm_layer":"Unknown Area Type","gm_type":"Unknown Area Type","layer":"Unknown Area Type","lnduse":"CM","name":"","objectid_1":"15334","parcel_id":"502093000","story_ht_":"0"},"type":"Feature"}
,{"geometry":{"coordinates":[[[-71.0684940,42.3601410],[-71.06848700000001,42.3600580],[-71.0685970,42.3600560],[-71.0686030,42.3601410]]],"type":"Polygon"},"id":9556,"properties":{"bra_use":"CM","foots_1003":"14559","gm_layer":"Unknown Area Type","gm_type":"Unknown Area Type","layer":"Unknown Area Type","lnduse":"CM","name":"","objectid_1":"15335","parcel_id":"502094000","story_ht_":"0"},"type":"Feature"}
,{"geometry":{"coordinates":[[[-71.06797400000001,42.3601970],[-71.0680890,42.3601930],[-71.06808100000001,42.36010],[-71.06814799999999,42.3600960],[-71.068150,42.3601280],[-71.06813699999999,42.3601350],[-71.0681390,42.3601650],[-71.0681570,42.3601640],[-71.0681640,42.3602540],[-71.06786099999999,42.3602540],[-71.06785600000001,42.3601990]]],"type":"Polygon"},"id":9562,"properties":{"bra_use":"CM","foots_1003":"14565","gm_layer":"Unknown Area Type","gm_type":"Unknown Area Type","layer":"Unknown Area Type","lnduse":"CM","name":"","objectid_1":"15341","parcel_id":"502098020","story_ht_":"0"},"type":"Feature"}
,{"geometry":{"coordinates":[[[-71.0678190,42.3597660],[-71.0679930,42.3597570],[-71.06799599999999,42.3597960],[-71.06794600000001,42.3597990],[-71.0679470,42.3598140],[-71.0679110,42.3598150],[-71.0679110,42.3598330],[-71.06786700000001,42.3598340],[-71.0678650,42.3598170],[-71.0678230,42.3598180]]],"type":"Polygon"},"id":9570,"properties":{"bra_use":"CM","foots_1003":"14573","gm_layer":"Unknown Area Type","gm_type":"Unknown Area Type","layer":"Unknown Area Type","lnduse":"CM","name":"","objectid_1":"15349","parcel_id":"502107000","story_ht_":"0"},"type":"Feature"}
,{"geometry":{"coordinates":[[[-71.0670410,42.3596910],[-71.0670250,42.3596890],[-71.06702799999999,42.3597480],[-71.0669450,42.359750],[-71.0669450,42.3597490],[-71.0669290,42.3597490],[-71.0669150,42.3596080],[-71.0670370,42.3596070]]],"type":"Polygon"},"id":9575,"properties":{"bra_use":"CM","foots_1003":"14578","gm_layer":"Unknown Area Type","gm_type":"Unknown Area Type","layer":"Unknown Area Type","lnduse":"CM","name":"","objectid_1":"15354","parcel_id":"502112000","story_ht_":"0"},"type":"Feature"}
,{"geometry":{"coordinates":[[[-71.0671160,42.359740],[-71.0670660,42.3597410],[-71.06706200000001,42.359690],[-71.0670410,42.3596910],[-71.0670370,42.3596070],[-71.06710699999999,42.3596050],[-71.0671150,42.3597180]]],"type":"Polygon"},"id":9576,"properties":{"bra_use":"CM","foots_1003":"14579","gm_layer":"Unknown Area Type","gm_type":"Unknown Area Type","layer":"Unknown Area Type","lnduse":"CM","name":"","objectid_1":"15355","parcel_id":"502113000","story_ht_":"0"},"type":"Feature"}
,{"geometry":{"coordinates":[[[-71.06710699999999,42.3596050],[-71.0672380,42.3596030],[-71.0672450,42.3597130],[-71.067250,42.3597910],[-71.0671570,42.3597910],[-71.0671510,42.3597160],[-71.0671150,42.3597180]]],"type":"Polygon"},"id":9577,"properties":{"bra_use":"CM","foots_1003":"14580","gm_layer":"Unknown Area Type","gm_type":"Unknown Area Type","layer":"Unknown Area Type","lnduse":"CM","name":"","objectid_1":"15356","parcel_id":"502114000","story_ht_":"0"},"type":"Feature"}
,{"geometry":{"coordinates":[[[-71.0676070,42.3595970],[-71.0676170,42.3595890],[-71.067650,42.3595870],[-71.06766500000001,42.3595970],[-71.0676690,42.3596230],[-71.0676830,42.3596330],[-71.0676840,42.359660],[-71.0676720,42.3596670],[-71.06767600000001,42.3597130],[-71.0676950,42.3597210],[-71.0676950,42.3597470],[-71.067680,42.3597550],[-71.0676940,42.3597530],[-71.0676970,42.3598030],[-71.0676890,42.3598030],[-71.0676890,42.3598060],[-71.0675370,42.3598090],[-71.0675370,42.3597710],[-71.06758000000001,42.359770],[-71.0675790,42.3597340],[-71.0675510,42.3597350],[-71.0675480,42.3596650],[-71.0675830,42.3596630],[-71.0675770,42.3595970]]],"type":"Polygon"},"id":9583,"properties":{"bra_use":"CM","foots_1003":"14586","gm_layer":"Unknown Area Type","gm_type":"Unknown Area Type","layer":"Unknown Area Type","lnduse":"CM","name":"","objectid_1":"15362","parcel_id":"502124000","story_ht_":"0"},"type":"Feature"}
,{"geometry":{"coordinates":[[[-71.06734400000001,42.3601680],[-71.0673740,42.3601680],[-71.067370,42.3601030],[-71.0674080,42.3601010],[-71.06742300000001,42.3602610],[-71.0673520,42.3602640]]],"type":"Polygon"},"id":9590,"properties":{"bra_use":"CM","foots_1003":"14593","gm_layer":"Unknown Area Type","gm_type":"Unknown Area Type","layer":"Unknown Area Type","lnduse":"CM","name":"","objectid_1":"15369","parcel_id":"502135000","story_ht_":"0"},"type":"Feature"}
,{"geometry":{"coordinates":[[[-71.0670760,42.360130],[-71.0670820,42.3602180],[-71.06710200000001,42.3602170],[-71.06710699999999,42.3602790],[-71.06705599999999,42.360280],[-71.0670550,42.3602720],[-71.0669760,42.3602750],[-71.06696700000001,42.3601330]]],"type":"Polygon"},"id":9592,"properties":{"bra_use":"CM","foots_1003":"14595","gm_layer":"Unknown Area Type","gm_type":"Unknown Area Type","layer":"Unknown Area Type","lnduse":"CM","name":"","objectid_1":"15371","parcel_id":"502139000","story_ht_":"0"},"type":"Feature"}
,{"geometry":{"coordinates":[[[-71.067060,42.3599410],[-71.0670610,42.3599520],[-71.0672280,42.3599510],[-71.0672350,42.3599410],[-71.06728200000001,42.3599390],[-71.0672850,42.3599910],[-71.0671030,42.3599940],[-71.0669590,42.3599990],[-71.06695600000001,42.3599410]]],"type":"Polygon"},"id":9594,"properties":{"bra_use":"CM","foots_1003":"14597","gm_layer":"Unknown Area Type","gm_type":"Unknown Area Type","layer":"Unknown Area Type","lnduse":"CM","name":"","objectid_1":"15373","parcel_id":"502142000","story_ht_":"0"},"type":"Feature"}
,{"geometry":{"coordinates":[[[-71.0670720,42.3598390],[-71.0670760,42.3598830],[-71.0669530,42.3598870],[-71.06695000000001,42.3598410]]],"type":"Polygon"},"id":9596,"properties":{"bra_use":"CM","foots_1003":"14599","gm_layer":"Unknown Area Type","gm_type":"Unknown Area Type","layer":"Unknown Area Type","lnduse":"CM","name":"","objectid_1":"15375","parcel_id":"502144000","story_ht_":"0"},"type":"Feature"}
,{"geometry":{"coordinates":[[[-71.06702799999999,42.3597480],[-71.06702900000001,42.3597590],[-71.067120,42.3597570],[-71.06712400000001,42.3597970],[-71.067070,42.3597990],[-71.0669480,42.3598020],[-71.0669450,42.359750]]],"type":"Polygon"},"id":9598,"properties":{"bra_use":"CM","foots_1003":"14601","gm_layer":"Unknown Area Type","gm_type":"Unknown Area Type","layer":"Unknown Area Type","lnduse":"CM","name":"","objectid_1":"15377","parcel_id":"502146000","story_ht_":"0"},"type":"Feature"}
,{"geometry":{"coordinates":[[[-71.06940400000001,42.3590680],[-71.0694890,42.3590650],[-71.0694970,42.3592230],[-71.0694120,42.3592250],[-71.06940400000001,42.3591040]]],"type":"Polygon"},"id":9613,"properties":{"bra_use":"CM","foots_1003":"14616","gm_layer":"Unknown Area Type","gm_type":"Unknown Area Type","layer":"Unknown Area Type","lnduse":"CM","name":"","objectid_1":"15106","parcel_id":"501814000","story_ht_":"0"},"type":"Feature"}
,{"geometry":{"coordinates":[[[-71.0688320,42.3592340],[-71.06875700000001,42.3592360],[-71.0687480,42.3591150],[-71.0688030,42.3591150],[-71.0688050,42.3591420],[-71.0688270,42.3591420]]],"type":"Polygon"},"id":9619,"properties":{"bra_use":"CM","foots_1003":"14622","gm_layer":"Unknown Area Type","gm_type":"Unknown Area Type","layer":"Unknown Area Type","lnduse":"CM","name":"","objectid_1":"15112","parcel_id":"501820000","story_ht_":"0"},"type":"Feature"}
,{"geometry":{"coordinates":[[[-71.0683830,42.359090],[-71.0683920,42.3592510],[-71.0683880,42.3592510],[-71.06822099999999,42.3592350],[-71.068220,42.3592350],[-71.06821100000001,42.3590940]]],"type":"Polygon"},"id":9622,"properties":{"bra_use":"CM","foots_1003":"14625","gm_layer":"Unknown Area Type","gm_type":"Unknown Area Type","layer":"Unknown Area Type","lnduse":"CM","name":"","objectid_1":"15115","parcel_id":"501823000","story_ht_":"0"},"type":"Feature"}
,{"geometry":{"coordinates":[[[-71.0680040,42.3590220],[-71.0679430,42.3590240],[-71.0679440,42.3590620],[-71.06780000000001,42.3590640],[-71.0677970,42.3590230],[-71.06776499999999,42.3590220],[-71.0677620,42.3589260],[-71.0677930,42.3589250],[-71.0677920,42.3588830],[-71.0679440,42.358880],[-71.0679450,42.3589160],[-71.0680010,42.3589140]]],"type":"Polygon"},"id":9627,"properties":{"bra_use":"CM","foots_1003":"14630","gm_layer":"Unknown Area Type","gm_type":"Unknown Area Type","layer":"Unknown Area Type","lnduse":"CM","name":"","objectid_1":"15120","parcel_id":"501830000","story_ht_":"0"},"type":"Feature"}
,{"geometry":{"coordinates":[[[-71.0682140,42.3588930],[-71.068220,42.3590010],[-71.0681340,42.3590030],[-71.0681280,42.3588950]]],"type":"Polygon"},"id":9629,"properties":{"bra_use":"CM","foots_1003":"14632","gm_layer":"Unknown Area Type","gm_type":"Unknown Area Type","layer":"Unknown Area Type","lnduse":"CM","name":"","objectid_1":"15122","parcel_id":"501832000","story_ht_":"0"},"type":"Feature"}
,{"geometry":{"coordinates":[[[-71.06838000000001,42.3588890],[-71.0683830,42.3589890],[-71.0683880,42.3590880],[-71.0683020,42.359090],[-71.0682960,42.3589980],[-71.0682970,42.3588910]]],"type":"Polygon"},"id":9631,"properties":{"bra_use":"CM","foots_1003":"14634","gm_layer":"Unknown Area Type","gm_type":"Unknown Area Type","layer":"Unknown Area Type","lnduse":"CM","name":"","objectid_1":"15124","parcel_id":"501834000","story_ht_":"0"},"type":"Feature"}
,{"geometry":{"coordinates":[[[-71.06890,42.3590090],[-71.0689010,42.3589860],[-71.06890199999999,42.3588840],[-71.06899199999999,42.3588820],[-71.06899300000001,42.3590060]]],"type":"Polygon"},"id":9639,"properties":{"bra_use":"CM","foots_1003":"14642","gm_layer":"Unknown Area Type","gm_type":"Unknown Area Type","layer":"Unknown Area Type","lnduse":"CM","name":"","objectid_1":"15132","parcel_id":"501841000","story_ht_":"0"},"type":"Feature"}
,{"geometry":{"coordinates":[[[-71.0692380,42.3588740],[-71.0692380,42.3588760],[-71.06924100000001,42.3589930],[-71.0691650,42.3589950],[-71.069160,42.3588750]]],"type":"Polygon"},"id":9642,"properties":{"bra_use":"CM","foots_1003":"14645","gm_layer":"Unknown Area Type","gm_type":"Unknown Area Type","layer":"Unknown Area Type","lnduse":"CM","name":"","objectid_1":"15135","parcel_id":"501844000","story_ht_":"0"},"type":"Feature"}
,{"geometry":{"coordinates":[[[-71.0694050,42.3589880],[-71.06939800000001,42.3588720],[-71.06947700000001,42.3588690],[-71.06948199999999,42.3589860]]],"type":"Polygon"},"id":9645,"properties":{"bra_use":"CM","foots_1003":"14648","gm_layer":"Unknown Area Type","gm_type":"Unknown Area Type","layer":"Unknown Area Type","lnduse":"CM","name":"","objectid_1":"15138","parcel_id":"501848000","story_ht_":"0"},"type":"Feature"}
,{"geometry":{"coordinates":[[[-71.0676270,42.3591440],[-71.06763599999999,42.3592570],[-71.067570,42.3592580],[-71.06755800000001,42.3591440]]],"type":"Polygon"},"id":9658,"properties":{"bra_use":"A","foots_1003":"14661","gm_layer":"Unknown Area Type","gm_type":"Unknown Area Type","layer":"Unknown Area Type","lnduse":"","name":"","objectid_1":"15151","parcel_id":"501861000","story_ht_":"0"},"type":"Feature"}
,{"geometry":{"coordinates":[[[-71.06730,42.3592640],[-71.06729300000001,42.3591840],[-71.0673130,42.3591840],[-71.0673090,42.3591150],[-71.0673630,42.3591140],[-71.0673640,42.3591470],[-71.0673750,42.3592620]]],"type":"Polygon"},"id":9663,"properties":{"bra_use":"CM","foots_1003":"14666","gm_layer":"Unknown Area Type","gm_type":"Unknown Area Type","layer":"Unknown Area Type","lnduse":"CM","name":"","objectid_1":"15156","parcel_id":"501865000","story_ht_":"0"},"type":"Feature"}
,{"geometry":{"coordinates":[[[-71.06722000000001,42.3592650],[-71.06720799999999,42.3591220],[-71.06720799999999,42.3591090],[-71.0672830,42.3591070],[-71.0672850,42.3591450],[-71.0672680,42.3591540],[-71.06726999999999,42.3591850],[-71.06729300000001,42.3591840],[-71.06730,42.3592640]]],"type":"Polygon"},"id":9664,"properties":{"bra_use":"CM","foots_1003":"14667","gm_layer":"Unknown Area Type","gm_type":"Unknown Area Type","layer":"Unknown Area Type","lnduse":"CM","name":"","objectid_1":"15157","parcel_id":"501866000","story_ht_":"0"},"type":"Feature"}
,{"geometry":{"coordinates":[[[-71.06722000000001,42.3592650],[-71.0671170,42.3592670],[-71.0671040,42.3591240],[-71.06720799999999,42.3591220]]],"type":"Polygon"},"id":9665,"properties":{"bra_use":"CM","foots_1003":"14668","gm_layer":"Unknown Area Type","gm_type":"Unknown Area Type","layer":"Unknown Area Type","lnduse":"CM","name":"","objectid_1":"15158","parcel_id":"501867000","story_ht_":"0"},"type":"Feature"}
,{"geometry":{"coordinates":[[[-71.06675900000001,42.3591030],[-71.0668180,42.3591030],[-71.0668190,42.359160],[-71.0668450,42.359160],[-71.0668510,42.3592720],[-71.0667720,42.3592730]]],"type":"Polygon"},"id":9670,"properties":{"bra_use":"CM","foots_1003":"14673","gm_layer":"Unknown Area Type","gm_type":"Unknown Area Type","layer":"Unknown Area Type","lnduse":"CM","name":"","objectid_1":"15163","parcel_id":"501872000","story_ht_":"0"},"type":"Feature"}
,{"geometry":{"coordinates":[[[-71.0663780,42.3592810],[-71.0663740,42.3591860],[-71.0663970,42.3591850],[-71.0663950,42.3591220],[-71.06644900000001,42.3591210],[-71.06646000000001,42.3592790]]],"type":"Polygon"},"id":9675,"properties":{"bra_use":"CM","foots_1003":"14678","gm_layer":"Unknown Area Type","gm_type":"Unknown Area Type","layer":"Unknown Area Type","lnduse":"CM","name":"","objectid_1":"15168","parcel_id":"501877000","story_ht_":"0"},"type":"Feature"}
,{"geometry":{"coordinates":[[[-71.066290,42.3592820],[-71.06628600000001,42.3591250],[-71.066350,42.3591230],[-71.0663540,42.3591860],[-71.0663740,42.3591860],[-71.0663780,42.3592810]]],"type":"Polygon"},"id":9676,"properties":{"bra_use":"CM","foots_1003":"14679","gm_layer":"Unknown Area Type","gm_type":"Unknown Area Type","layer":"Unknown Area Type","lnduse":"CM","name":"","objectid_1":"15169","parcel_id":"501877000","story_ht_":"0"},"type":"Feature"}
,{"geometry":{"coordinates":[[[-71.0657820,42.3591160],[-71.0658930,42.3591150],[-71.06589700000001,42.3592910],[-71.06588100000001,42.3592980],[-71.0658540,42.3592980],[-71.06584100000001,42.3592890],[-71.0658280,42.3593010],[-71.06580200000001,42.3593010],[-71.0657890,42.3592890]]],"type":"Polygon"},"id":9677,"properties":{"bra_use":"CM","foots_1003":"14680","gm_layer":"Unknown Area Type","gm_type":"Unknown Area Type","layer":"Unknown Area Type","lnduse":"CM","name":"","objectid_1":"15170","parcel_id":"501879000","story_ht_":"0"},"type":"Feature"}
,{"geometry":{"coordinates":[[[-71.06560399999999,42.3591340],[-71.0656030,42.3591070],[-71.0657810,42.3591040],[-71.0657820,42.3591160],[-71.0657890,42.3592890],[-71.0657870,42.3592890],[-71.06575100000001,42.3592890],[-71.06575100000001,42.3592950],[-71.06561000000001,42.3592970]]],"type":"Polygon"},"id":9678,"properties":{"bra_use":"CM","foots_1003":"14681","gm_layer":"Unknown Area Type","gm_type":"Unknown Area Type","layer":"Unknown Area Type","lnduse":"CM","name":"","objectid_1":"15171","parcel_id":"501881000","story_ht_":"0"},"type":"Feature"}
,{"geometry":{"coordinates":[[[-71.0651110,42.3592440],[-71.0651190,42.3591540],[-71.06526599999999,42.3591550],[-71.0652650,42.3592420]]],"type":"Polygon"},"id":9683,"properties":{"bra_use":"CM","foots_1003":"14686","gm_layer":"Unknown Area Type","gm_type":"Unknown Area Type","layer":"Unknown Area Type","lnduse":"CM","name":"","objectid_1":"15176","parcel_id":"501887000","story_ht_":"0"},"type":"Feature"}
,{"geometry":{"coordinates":[[[-71.0651250,42.3590550],[-71.065130,42.3589990],[-71.0652470,42.3589990],[-71.0653430,42.3589990],[-71.0653440,42.3590350],[-71.0652510,42.3590350],[-71.0652470,42.359050],[-71.0652420,42.359050],[-71.0652420,42.3590520]]],"type":"Polygon"},"id":9685,"properties":{"bra_use":"CM","foots_1003":"14688","gm_layer":"Unknown Area Type","gm_type":"Unknown Area Type","layer":"Unknown Area Type","lnduse":"CM","name":"","objectid_1":"15178","parcel_id":"501890000","story_ht_":"0"},"type":"Feature"}
,{"geometry":{"coordinates":[[[-71.06567200000001,42.3590550],[-71.06568400000001,42.359060],[-71.06568400000001,42.3590920],[-71.06567200000001,42.3590990],[-71.0655290,42.3590940],[-71.0655210,42.3590870],[-71.0655220,42.3590590],[-71.0655350,42.3590480],[-71.0655390,42.3589580],[-71.0655220,42.3589580],[-71.0655180,42.3588850],[-71.0655180,42.3588730],[-71.0656920,42.3588750],[-71.0656930,42.3589730],[-71.0656740,42.3589730],[-71.0656740,42.3590040]]],"type":"Polygon"},"id":9690,"properties":{"bra_use":"CM","foots_1003":"14693","gm_layer":"Unknown Area Type","gm_type":"Unknown Area Type","layer":"Unknown Area Type","lnduse":"CM","name":"","objectid_1":"15183","parcel_id":"501897000","story_ht_":"0"},"type":"Feature"}
,{"geometry":{"coordinates":[[[-71.0660580,42.3589720],[-71.0660580,42.3590180],[-71.06594699999999,42.359020],[-71.06594699999999,42.3588850],[-71.0661150,42.3588850],[-71.0661140,42.3589730]]],"type":"Polygon"},"id":9695,"properties":{"bra_use":"CM","foots_1003":"14698","gm_layer":"Unknown Area Type","gm_type":"Unknown Area Type","layer":"Unknown Area Type","lnduse":"CM","name":"","objectid_1":"15188","parcel_id":"501900000","story_ht_":"0"},"type":"Feature"}
,{"geometry":{"coordinates":[[[-71.0662550,42.3590060],[-71.06619499999999,42.3590070],[-71.06619600000001,42.3588880],[-71.06625699999999,42.3588870]]],"type":"Polygon"},"id":9697,"properties":{"bra_use":"CM","foots_1003":"14700","gm_layer":"Unknown Area Type","gm_type":"Unknown Area Type","layer":"Unknown Area Type","lnduse":"CM","name":"","objectid_1":"15190","parcel_id":"501903000","story_ht_":"0"},"type":"Feature"}
,{"geometry":{"coordinates":[[[-71.0663550,42.3590170],[-71.0663440,42.3590170],[-71.0663460,42.3590330],[-71.06630300000001,42.3590330],[-71.06630300000001,42.3590170],[-71.0662550,42.3590180],[-71.0662550,42.3590060],[-71.06625699999999,42.3588870],[-71.0663010,42.3588870],[-71.0663110,42.3588780],[-71.0663370,42.3588780],[-71.06634800000001,42.3588890],[-71.0663560,42.3588890],[-71.0663550,42.3590010]]],"type":"Polygon"},"id":9698,"properties":{"bra_use":"CM","foots_1003":"14701","gm_layer":"Unknown Area Type","gm_type":"Unknown Area Type","layer":"Unknown Area Type","lnduse":"CM","name":"","objectid_1":"15191","parcel_id":"501904000","story_ht_":"0"},"type":"Feature"}
,{"geometry":{"coordinates":[[[-71.0664170,42.358890],[-71.0664840,42.3588910],[-71.06648300000001,42.3590],[-71.06648300000001,42.3590490],[-71.06641500000001,42.3590490],[-71.0664070,42.3589990]]],"type":"Polygon"},"id":9700,"properties":{"bra_use":"CM","foots_1003":"14703","gm_layer":"Unknown Area Type","gm_type":"Unknown Area Type","layer":"Unknown Area Type","lnduse":"CM","name":"","objectid_1":"15193","parcel_id":"501906000","story_ht_":"0"},"type":"Feature"}
,{"geometry":{"coordinates":[[[-71.0664390,42.3595210],[-71.0664390,42.3595150],[-71.06643099999999,42.3595150],[-71.0664270,42.3594540],[-71.0664390,42.3594540],[-71.06643699999999,42.3594180],[-71.06642600000001,42.3594180],[-71.0664230,42.359360],[-71.0664340,42.3593580],[-71.0664340,42.3593530],[-71.06650000000001,42.3593510],[-71.0665060,42.3594110],[-71.06647200000001,42.3594130],[-71.0664730,42.3594410],[-71.0665030,42.3594430],[-71.0665070,42.3595190]]],"type":"Polygon"},"id":9711,"properties":{"bra_use":"CM","foots_1003":"14714","gm_layer":"Unknown Area Type","gm_type":"Unknown Area Type","layer":"Unknown Area Type","lnduse":"CM","name":"","objectid_1":"15204","parcel_id":"501922000","story_ht_":"0"},"type":"Feature"}
,{"geometry":{"coordinates":[[[-71.06668000000001,42.3593450],[-71.0667110,42.3593440],[-71.06672500000001,42.3593360],[-71.0667540,42.3593350],[-71.0667730,42.359350],[-71.0667740,42.3593720],[-71.0667610,42.3593790],[-71.0667630,42.3593930],[-71.0667740,42.3593920],[-71.0667780,42.359470],[-71.0667660,42.359470],[-71.0667670,42.3594810],[-71.0667770,42.3594910],[-71.0667790,42.3595150],[-71.0667630,42.3595270],[-71.0667390,42.3595280],[-71.06672399999999,42.3595170],[-71.0666890,42.3595190]]],"type":"Polygon"},"id":9714,"properties":{"bra_use":"CM","foots_1003":"14717","gm_layer":"Unknown Area Type","gm_type":"Unknown Area Type","layer":"Unknown Area Type","lnduse":"CM","name":"","objectid_1":"15207","parcel_id":"501925000","story_ht_":"0"},"type":"Feature"}
,{"geometry":{"coordinates":[[[-71.0669810,42.359510],[-71.06690500000001,42.3595110],[-71.0668970,42.3593440],[-71.0669710,42.3593420],[-71.06697800000001,42.3594440]]],"type":"Polygon"},"id":9715,"properties":{"bra_use":"CM","foots_1003":"14718","gm_layer":"Unknown Area Type","gm_type":"Unknown Area Type","layer":"Unknown Area Type","lnduse":"CM","name":"","objectid_1":"15208","parcel_id":"501926000","story_ht_":"0"},"type":"Feature"}
,{"geometry":{"coordinates":[[[-71.0669710,42.3593420],[-71.0670480,42.3593390],[-71.06705700000001,42.3595110],[-71.067010,42.3595130],[-71.0670050,42.3594440],[-71.06697800000001,42.3594440]]],"type":"Polygon"},"id":9716,"properties":{"bra_use":"CM","foots_1003":"14719","gm_layer":"Unknown Area Type","gm_type":"Unknown Area Type","layer":"Unknown Area Type","lnduse":"CM","name":"","objectid_1":"15209","parcel_id":"501927000","story_ht_":"0"},"type":"Feature"}
,{"geometry":{"coordinates":[[[-71.06728800000001,42.3593320],[-71.06728800000001,42.3593360],[-71.0672890,42.3593360],[-71.0672960,42.3594390],[-71.06729900000001,42.3595050],[-71.0672070,42.3595080],[-71.0672020,42.3594420],[-71.06719699999999,42.3593360]]],"type":"Polygon"},"id":9719,"properties":{"bra_use":"CM","foots_1003":"14722","gm_layer":"Unknown Area Type","gm_type":"Unknown Area Type","layer":"Unknown Area Type","lnduse":"CM","name":"","objectid_1":"15212","parcel_id":"501930000","story_ht_":"0"},"type":"Feature"}
,{"geometry":{"coordinates":[[[-71.06796900000001,42.3593780],[-71.067970,42.3594010],[-71.0679560,42.3594010],[-71.0679560,42.3594130],[-71.0679080,42.3594140],[-71.0679090,42.3594320],[-71.067790,42.3594360],[-71.067790,42.3594350],[-71.06778799999999,42.3594360],[-71.0677840,42.3593780]]],"type":"Polygon"},"id":9728,"properties":{"bra_use":"CM","foots_1003":"14731","gm_layer":"Unknown Area Type","gm_type":"Unknown Area Type","layer":"Unknown Area Type","lnduse":"CM","name":"","objectid_1":"15221","parcel_id":"501941000","story_ht_":"0"},"type":"Feature"}
,{"geometry":{"coordinates":[[[-71.0689510,42.3593990],[-71.0689850,42.3593990],[-71.0689830,42.3593640],[-71.068950,42.3593640],[-71.06894800000001,42.3593110],[-71.069040,42.3593090],[-71.069050,42.3594760],[-71.0689550,42.3594790],[-71.06895299999999,42.3594260]]],"type":"Polygon"},"id":9740,"properties":{"bra_use":"CM","foots_1003":"14743","gm_layer":"Unknown Area Type","gm_type":"Unknown Area Type","layer":"Unknown Area Type","lnduse":"CM","name":"","objectid_1":"15233","parcel_id":"501958000","story_ht_":"0"},"type":"Feature"}
,{"geometry":{"coordinates":[[[-71.0686920,42.3594860],[-71.0686820,42.3593180],[-71.06877299999999,42.3593170],[-71.0687770,42.3593740],[-71.06878500000001,42.3593740],[-71.0687870,42.3594080],[-71.0687810,42.3594080],[-71.06878500000001,42.3594830]]],"type":"Polygon"},"id":9742,"properties":{"bra_use":"CM","foots_1003":"14745","gm_layer":"Unknown Area Type","gm_type":"Unknown Area Type","layer":"Unknown Area Type","lnduse":"CM","name":"","objectid_1":"15235","parcel_id":"501961000","story_ht_":"0"},"type":"Feature"}
,{"geometry":{"coordinates":[[[-71.0690130,42.3597480],[-71.0690080,42.3596710],[-71.0690020,42.3595660],[-71.06906600000001,42.3595630],[-71.0690740,42.3597490]]],"type":"Polygon"},"id":9782,"properties":{"bra_use":"CM","foots_1003":"14785","gm_layer":"Unknown Area Type","gm_type":"Unknown Area Type","layer":"Unknown Area Type","lnduse":"CM","name":"","objectid_1":"15275","parcel_id":"502017000","story_ht_":"0"},"type":"Feature"}
,{"geometry":{"coordinates":[[[-71.06896500000001,42.3598040],[-71.0689620,42.359750],[-71.0690130,42.3597480],[-71.0690740,42.3597490],[-71.0690760,42.3597990]]],"type":"Polygon"},"id":9783,"properties":{"bra_use":"CM","foots_1003":"14786","gm_layer":"Unknown Area Type","gm_type":"Unknown Area Type","layer":"Unknown Area Type","lnduse":"CM","name":"","objectid_1":"15276","parcel_id":"502018000","story_ht_":"0"},"type":"Feature"}
,{"geometry":{"coordinates":[[[-71.06872799999999,42.3599620],[-71.0687240,42.3599040],[-71.0688610,42.3599050],[-71.0688610,42.3599060],[-71.06897100000001,42.3599010],[-71.06896500000001,42.3598040],[-71.0690760,42.3597990],[-71.0690820,42.3599040],[-71.0690020,42.3599060],[-71.0690050,42.3599570],[-71.06892499999999,42.3599590],[-71.06892499999999,42.3599380],[-71.0688680,42.359940],[-71.06886900000001,42.359960]]],"type":"Polygon"},"id":9784,"properties":{"bra_use":"CM","foots_1003":"14787","gm_layer":"Unknown Area Type","gm_type":"Unknown Area Type","layer":"Unknown Area Type","lnduse":"CM","name":"","objectid_1":"15277","parcel_id":"502020000","story_ht_":"0"},"type":"Feature"}
,{"geometry":{"coordinates":[[[-71.0691140,42.3597430],[-71.0692250,42.359740],[-71.0692270,42.3597940],[-71.0691190,42.3597980]]],"type":"Polygon"},"id":9787,"properties":{"bra_use":"CM","foots_1003":"14790","gm_layer":"Unknown Area Type","gm_type":"Unknown Area Type","layer":"Unknown Area Type","lnduse":"CM","name":"","objectid_1":"15280","parcel_id":"502023000","story_ht_":"0"},"type":"Feature"}
,{"geometry":{"coordinates":[[[-71.0692650,42.3596770],[-71.0692640,42.3596510],[-71.0692310,42.3596510],[-71.0692310,42.3596630],[-71.0691710,42.3596660],[-71.0691630,42.3595590],[-71.06935799999999,42.3595560],[-71.0693610,42.3596720],[-71.0692880,42.3596770]]],"type":"Polygon"},"id":9790,"properties":{"bra_use":"CM","foots_1003":"14793","gm_layer":"Unknown Area Type","gm_type":"Unknown Area Type","layer":"Unknown Area Type","lnduse":"CM","name":"","objectid_1":"15283","parcel_id":"502027000","story_ht_":"0"},"type":"Feature"}
,{"geometry":{"coordinates":[[[-71.06939199999999,42.3595560],[-71.0694570,42.3595540],[-71.06947700000001,42.359710],[-71.0694120,42.3597150]]],"type":"Polygon"},"id":9795,"properties":{"bra_use":"CM","foots_1003":"14798","gm_layer":"Unknown Area Type","gm_type":"Unknown Area Type","layer":"Unknown Area Type","lnduse":"CM","name":"","objectid_1":"15288","parcel_id":"502035000","story_ht_":"0"},"type":"Feature"}
,{"geometry":{"coordinates":[[[-71.06947200000001,42.3602240],[-71.06939800000001,42.3602280],[-71.0693820,42.3601420],[-71.0693950,42.360140],[-71.0693880,42.3600830],[-71.069380,42.3600840],[-71.06937499999999,42.360050],[-71.06943699999999,42.3600460]]],"type":"Polygon"},"id":9815,"properties":{"bra_use":"CM","foots_1003":"14818","gm_layer":"Unknown Area Type","gm_type":"Unknown Area Type","layer":"Unknown Area Type","lnduse":"CM","name":"","objectid_1":"15308","parcel_id":"502061000","story_ht_":"0"},"type":"Feature"}
,{"geometry":{"coordinates":[[[-71.06939800000001,42.3602280],[-71.0693260,42.360230],[-71.0692920,42.3600570],[-71.06935799999999,42.3600520],[-71.0693630,42.3600860],[-71.0693560,42.3600860],[-71.0693630,42.3601430],[-71.0693820,42.3601420]]],"type":"Polygon"},"id":9816,"properties":{"bra_use":"CM","foots_1003":"14819","gm_layer":"Unknown Area Type","gm_type":"Unknown Area Type","layer":"Unknown Area Type","lnduse":"CM","name":"","objectid_1":"15309","parcel_id":"502061000","story_ht_":"0"},"type":"Feature"}
,{"geometry":{"coordinates":[[[-71.06954399999999,42.3602220],[-71.06947200000001,42.3602240],[-71.06943699999999,42.3600460],[-71.0695130,42.360040],[-71.069520,42.3600790],[-71.0695060,42.360080],[-71.06950999999999,42.3601050],[-71.06952699999999,42.3601020],[-71.069530,42.3601240]]],"type":"Polygon"},"id":9817,"properties":{"bra_use":"CM","foots_1003":"14820","gm_layer":"Unknown Area Type","gm_type":"Unknown Area Type","layer":"Unknown Area Type","lnduse":"CM","name":"","objectid_1":"15310","parcel_id":"502061000","story_ht_":"0"},"type":"Feature"}
,{"geometry":{"coordinates":[[[-71.06911100000001,42.360230],[-71.0690910,42.3601190],[-71.0691090,42.3601180],[-71.0691010,42.3600790],[-71.06914500000001,42.3600780],[-71.0691460,42.360060],[-71.0691880,42.360060],[-71.06919000000001,42.3600920],[-71.0691520,42.3600940],[-71.0691550,42.3601150],[-71.06916800000001,42.3601150],[-71.069170,42.3601510],[-71.0691940,42.360150],[-71.0692080,42.3602290]]],"type":"Polygon"},"id":9818,"properties":{"bra_use":"CM","foots_1003":"14821","gm_layer":"Unknown Area Type","gm_type":"Unknown Area Type","layer":"Unknown Area Type","lnduse":"CM","name":"","objectid_1":"15311","parcel_id":"502063000","story_ht_":"0"},"type":"Feature"}
,{"geometry":{"coordinates":[[[-71.0692560,42.3600590],[-71.0692710,42.3601530],[-71.0692870,42.3601530],[-71.0692890,42.3601860],[-71.0692830,42.3601870],[-71.0692840,42.3602280],[-71.0692080,42.3602290],[-71.0691940,42.360150],[-71.0691920,42.3601160],[-71.0691910,42.3601160],[-71.06919000000001,42.3600920],[-71.0691880,42.360060]]],"type":"Polygon"},"id":9819,"properties":{"bra_use":"CM","foots_1003":"14822","gm_layer":"Unknown Area Type","gm_type":"Unknown Area Type","layer":"Unknown Area Type","lnduse":"CM","name":"","objectid_1":"15312","parcel_id":"502063000","story_ht_":"0"},"type":"Feature"}
,{"geometry":{"coordinates":[[[-71.0688610,42.3598530],[-71.0689440,42.359850],[-71.0689460,42.3598870],[-71.068860,42.3598910],[-71.0688610,42.3599050],[-71.0687240,42.3599040],[-71.068720,42.3598560]]],"type":"Polygon"},"id":9824,"properties":{"bra_use":"CM","foots_1003":"14827","gm_layer":"Unknown Area Type","gm_type":"Unknown Area Type","layer":"Unknown Area Type","lnduse":"CM","name":"","objectid_1":"15317","parcel_id":"502075000","story_ht_":"0"},"type":"Feature"}
,{"geometry":{"coordinates":[[[-71.0687160,42.3598050],[-71.0688550,42.3598020],[-71.06894200000001,42.3597970],[-71.0689440,42.3598340],[-71.068860,42.3598370],[-71.0688610,42.3598530],[-71.068720,42.3598560]]],"type":"Polygon"},"id":9825,"properties":{"bra_use":"CM","foots_1003":"14828","gm_layer":"Unknown Area Type","gm_type":"Unknown Area Type","layer":"Unknown Area Type","lnduse":"CM","name":"","objectid_1":"15318","parcel_id":"502076000","story_ht_":"0"},"type":"Feature"}
,{"geometry":{"coordinates":[[[-71.0678830,42.3597350],[-71.0678030,42.3597390],[-71.0677970,42.3595920],[-71.06788400000001,42.359590]]],"type":"Polygon"},"id":9828,"properties":{"bra_use":"CM","foots_1003":"14831","gm_layer":"Unknown Area Type","gm_type":"Unknown Area Type","layer":"Unknown Area Type","lnduse":"CM","name":"","objectid_1":"15321","parcel_id":"502079000","story_ht_":"0"},"type":"Feature"}
,{"geometry":{"coordinates":[[[-71.06796199999999,42.3596890],[-71.0679440,42.3596890],[-71.06794600000001,42.3597350],[-71.0678830,42.3597350],[-71.06788400000001,42.359590],[-71.0679540,42.3595880]]],"type":"Polygon"},"id":9829,"properties":{"bra_use":"CM","foots_1003":"14832","gm_layer":"Unknown Area Type","gm_type":"Unknown Area Type","layer":"Unknown Area Type","lnduse":"CM","name":"","objectid_1":"15322","parcel_id":"502079000","story_ht_":"0"},"type":"Feature"}
,{"geometry":{"coordinates":[[[-71.0666930,42.3604310],[-71.06668999999999,42.3603770],[-71.0668440,42.3603730],[-71.06684799999999,42.3604260]]],"type":"Polygon"},"id":9838,"properties":{"bra_use":"CM","foots_1003":"14841","gm_layer":"Unknown Area Type","gm_type":"Unknown Area Type","layer":"Unknown Area Type","lnduse":"CM","name":"","objectid_1":"15409","parcel_id":"502177000","story_ht_":"0"},"type":"Feature"}
,{"geometry":{"coordinates":[[[-71.06686999999999,42.3607610],[-71.0666660,42.3607630],[-71.06666900000001,42.360710],[-71.06668000000001,42.3607090],[-71.06671400000001,42.3607090],[-71.06671299999999,42.3607260],[-71.0667560,42.3607270],[-71.06675799999999,42.3607080],[-71.06686600000001,42.3607070]]],"type":"Polygon"},"id":9845,"properties":{"bra_use":"CM","foots_1003":"14848","gm_layer":"Unknown Area Type","gm_type":"Unknown Area Type","layer":"Unknown Area Type","lnduse":"CM","name":"","objectid_1":"15416","parcel_id":"502184000","story_ht_":"0"},"type":"Feature"}
,{"geometry":{"coordinates":[[[-71.0666810,42.3606930],[-71.06675799999999,42.3606960],[-71.06675799999999,42.3607080],[-71.0667560,42.3607270],[-71.06671299999999,42.3607260],[-71.06671400000001,42.3607090],[-71.06668000000001,42.3607090]]],"type":"Polygon"},"id":9846,"properties":{"bra_use":"CM","foots_1003":"14849","gm_layer":"Unknown Area Type","gm_type":"Unknown Area Type","layer":"Unknown Area Type","lnduse":"CM","name":"","objectid_1":"15417","parcel_id":"502184000","story_ht_":"0"},"type":"Feature"}
,{"geometry":{"coordinates":[[[-71.0671330,42.3608250],[-71.0670210,42.360830],[-71.0670130,42.3607620],[-71.0671270,42.3607560]]],"type":"Polygon"},"id":9852,"properties":{"bra_use":"CM","foots_1003":"14855","gm_layer":"Unknown Area Type","gm_type":"Unknown Area Type","layer":"Unknown Area Type","lnduse":"CM","name":"","objectid_1":"15423","parcel_id":"502188000","story_ht_":"0"},"type":"Feature"}
,{"geometry":{"coordinates":[[[-71.067120,42.360470],[-71.06709600000001,42.360470],[-71.0670970,42.3604930],[-71.0669860,42.3604960],[-71.0669810,42.360370],[-71.0671120,42.3603670]]],"type":"Polygon"},"id":9856,"properties":{"bra_use":"CM","foots_1003":"14859","gm_layer":"Unknown Area Type","gm_type":"Unknown Area Type","layer":"Unknown Area Type","lnduse":"CM","name":"","objectid_1":"15427","parcel_id":"502194000","story_ht_":"0"},"type":"Feature"}
,{"geometry":{"coordinates":[[[-71.06723700000001,42.3604670],[-71.0671760,42.3604690],[-71.0671670,42.3603660],[-71.0672270,42.3603660]]],"type":"Polygon"},"id":9858,"properties":{"bra_use":"CM","foots_1003":"14861","gm_layer":"Unknown Area Type","gm_type":"Unknown Area Type","layer":"Unknown Area Type","lnduse":"CM","name":"","objectid_1":"15429","parcel_id":"502196000","story_ht_":"0"},"type":"Feature"}
,{"geometry":{"coordinates":[[[-71.0675140,42.3604590],[-71.0674420,42.3604590],[-71.06743400000001,42.3603680],[-71.0675050,42.3603650]]],"type":"Polygon"},"id":9860,"properties":{"bra_use":"CM","foots_1003":"14863","gm_layer":"Unknown Area Type","gm_type":"Unknown Area Type","layer":"Unknown Area Type","lnduse":"CM","name":"","objectid_1":"15431","parcel_id":"502199000","story_ht_":"0"},"type":"Feature"}
,{"geometry":{"coordinates":[[[-71.0681340,42.3608770],[-71.06813200000001,42.3608620],[-71.0682170,42.3608580],[-71.0682310,42.361010],[-71.0681470,42.3610120]]],"type":"Polygon"},"id":9871,"properties":{"bra_use":"CM","foots_1003":"14874","gm_layer":"Unknown Area Type","gm_type":"Unknown Area Type","layer":"Unknown Area Type","lnduse":"CM","name":"","objectid_1":"15442","parcel_id":"502213000","story_ht_":"0"},"type":"Feature"}
,{"geometry":{"coordinates":[[[-71.0686640,42.3608370],[-71.06856000000001,42.3608410],[-71.0685580,42.3608220],[-71.068510,42.3608220],[-71.06850799999999,42.3607820],[-71.06865999999999,42.3607750]]],"type":"Polygon"},"id":9889,"properties":{"bra_use":"CM","foots_1003":"14892","gm_layer":"Unknown Area Type","gm_type":"Unknown Area Type","layer":"Unknown Area Type","lnduse":"CM","name":"","objectid_1":"15460","parcel_id":"502231000","story_ht_":"0"},"type":"Feature"}
,{"geometry":{"coordinates":[[[-71.0696140,42.3606740],[-71.0696150,42.3607280],[-71.0694870,42.360730],[-71.0694850,42.3606750]]],"type":"Polygon"},"id":9890,"properties":{"bra_use":"CM","foots_1003":"14893","gm_layer":"Unknown Area Type","gm_type":"Unknown Area Type","layer":"Unknown Area Type","lnduse":"CM","name":"","objectid_1":"15461","parcel_id":"502233000","story_ht_":"0"},"type":"Feature"}
,{"geometry":{"coordinates":[[[-71.06948300000001,42.3606250],[-71.06948199999999,42.3605720],[-71.0694810,42.3605690],[-71.0695030,42.3605680],[-71.0696090,42.3605660],[-71.0696110,42.3606210]]],"type":"Polygon"},"id":9892,"properties":{"bra_use":"CM","foots_1003":"14895","gm_layer":"Unknown Area Type","gm_type":"Unknown Area Type","layer":"Unknown Area Type","lnduse":"CM","name":"","objectid_1":"15463","parcel_id":"502235000","story_ht_":"0"},"type":"Feature"}
,{"geometry":{"coordinates":[[[-71.06880,42.3608540],[-71.06879600000001,42.3607990],[-71.0690670,42.3607870],[-71.0690670,42.3607920],[-71.0690470,42.3607930],[-71.06904900000001,42.3608480]]],"type":"Polygon"},"id":9896,"properties":{"bra_use":"CM","foots_1003":"14899","gm_layer":"Unknown Area Type","gm_type":"Unknown Area Type","layer":"Unknown Area Type","lnduse":"CM","name":"","objectid_1":"15467","parcel_id":"502246000","story_ht_":"0"},"type":"Feature"}
,{"geometry":{"coordinates":[[[-71.0691380,42.3603280],[-71.0691490,42.3604280],[-71.0691250,42.3604290],[-71.0691260,42.3604490],[-71.06907699999999,42.360450],[-71.0690760,42.3604170],[-71.0690670,42.360330]]],"type":"Polygon"},"id":9907,"properties":{"bra_use":"CM","foots_1003":"14910","gm_layer":"Unknown Area Type","gm_type":"Unknown Area Type","layer":"Unknown Area Type","lnduse":"CM","name":"","objectid_1":"15478","parcel_id":"502257000","story_ht_":"0"},"type":"Feature"}
,{"geometry":{"coordinates":[[[-71.06955600000001,42.3603170],[-71.06962400000001,42.3603150],[-71.0696260,42.3604070],[-71.06961200000001,42.3604080],[-71.06961200000001,42.3604250],[-71.06962400000001,42.3604310],[-71.0696250,42.3604490],[-71.0695650,42.3604490],[-71.0695650,42.3604370],[-71.0695630,42.3604370]]],"type":"Polygon"},"id":9913,"properties":{"bra_use":"CM","foots_1003":"14916","gm_layer":"Unknown Area Type","gm_type":"Unknown Area Type","layer":"Unknown Area Type","lnduse":"CM","name":"","objectid_1":"15484","parcel_id":"502264000","story_ht_":"0"},"type":"Feature"}
]}