{"type": "FeatureCollection", "features": [{"geometry":{"coordinates":[[[-71.0325060,42.3662150],[-71.03254800000001,42.3661650],[-71.0326780,42.3662250],[-71.03263699999999,42.3662750]]],"type":"Polygon"},"id":1366,"properties":{"bra_use":"R3","foots_1003":"4815","gm_layer":"Unknown Area Type","gm_type":"Unknown Area Type","layer":"Unknown Area Type","lnduse":"R3","name":"","objectid_1":"5311","parcel_id":"105042000","story_ht_":"3"},"type":"Feature"}
,{"geometry":{"coordinates":[[[-71.03258700000001,42.366340],[-71.0324560,42.3662820],[-71.0324980,42.3662290],[-71.032630,42.3662870]]],"type":"Polygon"},"id":1367,"properties":{"bra_use":"R3","foots_1003":"4816","gm_layer":"Unknown Area Type","gm_type":"Unknown Area Type","layer":"Unknown Area Type","lnduse":"R3","name":"","objectid_1":"5312","parcel_id":"105043000","story_ht_":"3"},"type":"Feature"}
,{"geometry":{"coordinates":[[[-71.0324670,42.3664550],[-71.0324060,42.3664270],[-71.0324830,42.366330],[-71.03254800000001,42.3663590]]],"type":"Polygon"},"id":1368,"properties":{"bra_use":"R3","foots_1003":"4817","gm_layer":"Unknown Area Type","gm_type":"Unknown Area Type","layer":"Unknown Area Type","lnduse":"R3","name":"","objectid_1":"5313","parcel_id":"105046000","story_ht_":"3"},"type":"Feature"}
,{"geometry":{"coordinates":[[[-71.0323410,42.3663970],[-71.0324190,42.3663020],[-71.0324830,42.366330],[-71.0324060,42.3664270]]],"type":"Polygon"},"id":1369,"properties":{"bra_use":"R3","foots_1003":"4818","gm_layer":"Unknown Area Type","gm_type":"Unknown Area Type","layer":"Unknown Area Type","lnduse":"R3","name":"","objectid_1":"5314","parcel_id":"105047000","story_ht_":"3"},"type":"Feature"}
,{"geometry":{"coordinates":[[[-71.0313470,42.3653190],[-71.0313530,42.3653270],[-71.031380,42.365340],[-71.03134900000001,42.3653790]]],"type":"Polygon"},"id":1378,"properties":{"bra_use":"R3","foots_1003":"4872","gm_layer":"Unknown Area Type","gm_type":"Unknown Area Type","layer":"Unknown Area Type","lnduse":"R3","name":"","objectid_1":"5368","parcel_id":"105112000","story_ht_":"3"},"type":"Feature"}
,{"geometry":{"coordinates":[[[-71.031350,42.3653960],[-71.0313890,42.3653480],[-71.0314090,42.3653430],[-71.0314290,42.3653520],[-71.03143300000001,42.3653630],[-71.03146200000001,42.3653760],[-71.0313790,42.3654790],[-71.0313730,42.3654760],[-71.0313590,42.3654940],[-71.0313530,42.3654910]]],"type":"Polygon"},"id":1379,"properties":{"bra_use":"R3","foots_1003":"4873","gm_layer":"Unknown Area Type","gm_type":"Unknown Area Type","layer":"Unknown Area Type","lnduse":"R3","name":"","objectid_1":"5369","parcel_id":"105113000","story_ht_":"3"},"type":"Feature"}
,{"geometry":{"coordinates":[[[-71.0316330,42.3654510],[-71.031650,42.365450],[-71.0316720,42.3654590],[-71.0316770,42.3654680],[-71.0317070,42.3654810],[-71.0316270,42.3655860],[-71.03161400000001,42.365580],[-71.0316010,42.3655980],[-71.0315390,42.3655730]]],"type":"Polygon"},"id":1382,"properties":{"bra_use":"R3","foots_1003":"4876","gm_layer":"Unknown Area Type","gm_type":"Unknown Area Type","layer":"Unknown Area Type","lnduse":"R3","name":"","objectid_1":"5372","parcel_id":"105116000","story_ht_":"3"},"type":"Feature"}
,{"geometry":{"coordinates":[[[-71.0317120,42.3654850],[-71.03173200000001,42.3654830],[-71.0317550,42.3654920],[-71.0317560,42.3655040],[-71.0317850,42.3655170],[-71.0317070,42.3656170],[-71.03169699999999,42.3656130],[-71.0316830,42.365630],[-71.0316280,42.3656060],[-71.031640,42.3655890],[-71.0316330,42.3655870]]],"type":"Polygon"},"id":1383,"properties":{"bra_use":"R3","foots_1003":"4877","gm_layer":"Unknown Area Type","gm_type":"Unknown Area Type","layer":"Unknown Area Type","lnduse":"R3","name":"","objectid_1":"5373","parcel_id":"105117000","story_ht_":"3"},"type":"Feature"}
,{"geometry":{"coordinates":[[[-71.032050,42.3657250],[-71.0320090,42.3657780],[-71.031950,42.3657540],[-71.032050,42.3656240],[-71.0320710,42.3656210],[-71.03209200000001,42.3656290],[-71.0320940,42.3656390],[-71.03211899999999,42.365650],[-71.0320570,42.3657280]]],"type":"Polygon"},"id":1384,"properties":{"bra_use":"R3","foots_1003":"4878","gm_layer":"Unknown Area Type","gm_type":"Unknown Area Type","layer":"Unknown Area Type","lnduse":"R3","name":"","objectid_1":"5374","parcel_id":"105119000","story_ht_":"3"},"type":"Feature"}
,{"geometry":{"coordinates":[[[-71.03211899999999,42.365650],[-71.0321460,42.3656610],[-71.0321560,42.3656550],[-71.0321780,42.3656640],[-71.03218800000001,42.3656790],[-71.0320880,42.3658090],[-71.0320260,42.3657830],[-71.03206400000001,42.3657320],[-71.0320570,42.3657280]]],"type":"Polygon"},"id":1385,"properties":{"bra_use":"R3","foots_1003":"4879","gm_layer":"Unknown Area Type","gm_type":"Unknown Area Type","layer":"Unknown Area Type","lnduse":"R3","name":"","objectid_1":"5375","parcel_id":"105120000","story_ht_":"3"},"type":"Feature"}
,{"geometry":{"coordinates":[[[-71.032190,42.3668020],[-71.0320790,42.3667510],[-71.0321450,42.366670],[-71.0322570,42.3667230]]],"type":"Polygon"},"id":1386,"properties":{"bra_use":"R3","foots_1003":"4907","gm_layer":"Unknown Area Type","gm_type":"Unknown Area Type","layer":"Unknown Area Type","lnduse":"R3","name":"","objectid_1":"5429","parcel_id":"105199000","story_ht_":"3"},"type":"Feature"}
,{"geometry":{"coordinates":[[[-71.0314850,42.3668160],[-71.03141700000001,42.3667890],[-71.0314880,42.3666940],[-71.0315550,42.3667210]]],"type":"Polygon"},"id":1393,"properties":{"bra_use":"R3","foots_1003":"4914","gm_layer":"Unknown Area Type","gm_type":"Unknown Area Type","layer":"Unknown Area Type","lnduse":"R3","name":"","objectid_1":"5436","parcel_id":"105208000","story_ht_":"3"},"type":"Feature"}
,{"geometry":{"coordinates":[[[-71.0324820,42.3667650],[-71.0324310,42.3667420],[-71.0325170,42.3666280],[-71.0326450,42.3666810],[-71.0325550,42.36680],[-71.03249200000001,42.3667730],[-71.0325060,42.3667550],[-71.0324940,42.3667490]]],"type":"Polygon"},"id":1395,"properties":{"bra_use":"R3","foots_1003":"4918","gm_layer":"Unknown Area Type","gm_type":"Unknown Area Type","layer":"Unknown Area Type","lnduse":"R3","name":"","objectid_1":"5440","parcel_id":"105216000","story_ht_":"3"},"type":"Feature"}
,{"geometry":{"coordinates":[[[-71.0328650,42.3667830],[-71.03293100000001,42.3668110],[-71.03285700000001,42.3669080],[-71.0327910,42.3668810]]],"type":"Polygon"},"id":1397,"properties":{"bra_use":"R2","foots_1003":"4920","gm_layer":"Unknown Area Type","gm_type":"Unknown Area Type","layer":"Unknown Area Type","lnduse":"R2","name":"","objectid_1":"5442","parcel_id":"105220000","story_ht_":"3"},"type":"Feature"}
,{"geometry":{"coordinates":[[[-71.0329670,42.3668210],[-71.03309299999999,42.3668750],[-71.03300900000001,42.3669820],[-71.0328840,42.3669260]]],"type":"Polygon"},"id":1398,"properties":{"bra_use":"R4","foots_1003":"4921","gm_layer":"Unknown Area Type","gm_type":"Unknown Area Type","layer":"Unknown Area Type","lnduse":"R4","name":"","objectid_1":"5443","parcel_id":"105221000","story_ht_":"3"},"type":"Feature"}
,{"geometry":{"coordinates":[[[-71.0330950,42.3668820],[-71.0331790,42.3669190],[-71.0330460,42.3670870],[-71.0329620,42.3670510]]],"type":"Polygon"},"id":1399,"properties":{"bra_use":"I","foots_1003":"4922","gm_layer":"Unknown Area Type","gm_type":"Unknown Area Type","layer":"Unknown Area Type","lnduse":"I","name":"","objectid_1":"5444","parcel_id":"105222000","story_ht_":"3"},"type":"Feature"}
,{"geometry":{"coordinates":[[[-71.033160,42.367080],[-71.0331020,42.3670560],[-71.0331190,42.3670330],[-71.0331030,42.3670260],[-71.0331860,42.3669190],[-71.0332610,42.3669510]]],"type":"Polygon"},"id":1400,"properties":{"bra_use":"R3","foots_1003":"4923","gm_layer":"Unknown Area Type","gm_type":"Unknown Area Type","layer":"Unknown Area Type","lnduse":"R3","name":"","objectid_1":"5445","parcel_id":"105223000","story_ht_":"3"},"type":"Feature"}
,{"geometry":{"coordinates":[[[-71.0334390,42.3671740],[-71.03336899999999,42.3671420],[-71.0334570,42.3670350],[-71.0335280,42.3670670]]],"type":"Polygon"},"id":1402,"properties":{"bra_use":"R3","foots_1003":"4925","gm_layer":"Unknown Area Type","gm_type":"Unknown Area Type","layer":"Unknown Area Type","lnduse":"R3","name":"","objectid_1":"5447","parcel_id":"105227000","story_ht_":"3"},"type":"Feature"}
,{"geometry":{"coordinates":[[[-71.0335350,42.3670710],[-71.0336040,42.3671010],[-71.0335290,42.3671960],[-71.03346000000001,42.3671660]]],"type":"Polygon"},"id":1403,"properties":{"bra_use":"R2","foots_1003":"4926","gm_layer":"Unknown Area Type","gm_type":"Unknown Area Type","layer":"Unknown Area Type","lnduse":"R2","name":"","objectid_1":"5448","parcel_id":"105228000","story_ht_":"3"},"type":"Feature"}
,{"geometry":{"coordinates":[[[-71.0335990,42.3672510],[-71.033530,42.3672210],[-71.0336150,42.367110],[-71.0336270,42.367110],[-71.0336530,42.3671210],[-71.03365599999999,42.3671350],[-71.033680,42.3671450]]],"type":"Polygon"},"id":1404,"properties":{"bra_use":"R3","foots_1003":"4927","gm_layer":"Unknown Area Type","gm_type":"Unknown Area Type","layer":"Unknown Area Type","lnduse":"R3","name":"","objectid_1":"5449","parcel_id":"105229000","story_ht_":"3"},"type":"Feature"}
,{"geometry":{"coordinates":[[[-71.0336710,42.3673080],[-71.0336010,42.3672780],[-71.0336990,42.3671520],[-71.03371799999999,42.3671490],[-71.0337390,42.3671580],[-71.03374100000001,42.3671690],[-71.0337710,42.3671810]]],"type":"Polygon"},"id":1405,"properties":{"bra_use":"R3","foots_1003":"4928","gm_layer":"Unknown Area Type","gm_type":"Unknown Area Type","layer":"Unknown Area Type","lnduse":"R3","name":"","objectid_1":"5450","parcel_id":"105230000","story_ht_":"3"},"type":"Feature"}
,{"geometry":{"coordinates":[[[-71.03375800000001,42.3673440],[-71.0336890,42.3673140],[-71.0337880,42.3671920],[-71.0338040,42.3671870],[-71.0338270,42.3671970],[-71.0338280,42.3672060],[-71.0338580,42.367220]]],"type":"Polygon"},"id":1406,"properties":{"bra_use":"R3","foots_1003":"4929","gm_layer":"Unknown Area Type","gm_type":"Unknown Area Type","layer":"Unknown Area Type","lnduse":"R3","name":"","objectid_1":"5451","parcel_id":"105231000","story_ht_":"3"},"type":"Feature"}
,{"geometry":{"coordinates":[[[-71.0338580,42.3673650],[-71.0337890,42.3673340],[-71.03387600000001,42.3672280],[-71.03389300000001,42.3672240],[-71.0339120,42.3672320],[-71.0339180,42.3672440],[-71.0339460,42.3672580]]],"type":"Polygon"},"id":1407,"properties":{"bra_use":"R3","foots_1003":"4930","gm_layer":"Unknown Area Type","gm_type":"Unknown Area Type","layer":"Unknown Area Type","lnduse":"R3","name":"","objectid_1":"5452","parcel_id":"105232000","story_ht_":"3"},"type":"Feature"}
,{"geometry":{"coordinates":[[[-71.03395500000001,42.3672530],[-71.0340190,42.367280],[-71.03396100000001,42.3673570],[-71.0338960,42.3673310]]],"type":"Polygon"},"id":1408,"properties":{"bra_use":"R2","foots_1003":"4931","gm_layer":"Unknown Area Type","gm_type":"Unknown Area Type","layer":"Unknown Area Type","lnduse":"R2","name":"","objectid_1":"5453","parcel_id":"105233000","story_ht_":"3"},"type":"Feature"}
,{"geometry":{"coordinates":[[[-71.0340180,42.3674140],[-71.0339570,42.3673890],[-71.0340310,42.367290],[-71.0340920,42.3673140]]],"type":"Polygon"},"id":1409,"properties":{"bra_use":"R2","foots_1003":"4932","gm_layer":"Unknown Area Type","gm_type":"Unknown Area Type","layer":"Unknown Area Type","lnduse":"R2","name":"","objectid_1":"5454","parcel_id":"105234000","story_ht_":"3"},"type":"Feature"}
,{"geometry":{"coordinates":[[[-71.0340920,42.3673140],[-71.03415200000001,42.367340],[-71.03404000000001,42.367490],[-71.0339790,42.3674650],[-71.0340180,42.3674140]]],"type":"Polygon"},"id":1410,"properties":{"bra_use":"R3","foots_1003":"4933","gm_layer":"Unknown Area Type","gm_type":"Unknown Area Type","layer":"Unknown Area Type","lnduse":"R3","name":"","objectid_1":"5455","parcel_id":"105235000","story_ht_":"3"},"type":"Feature"}
,{"geometry":{"coordinates":[[[-71.03436499999999,42.367430],[-71.0342960,42.367530],[-71.03424800000001,42.3675120],[-71.0343180,42.3674120]]],"type":"Polygon"},"id":1412,"properties":{"bra_use":"R4","foots_1003":"4935","gm_layer":"Unknown Area Type","gm_type":"Unknown Area Type","layer":"Unknown Area Type","lnduse":"R4","name":"","objectid_1":"5457","parcel_id":"105237000","story_ht_":"3"},"type":"Feature"}
,{"geometry":{"coordinates":[[[-71.0347340,42.3675980],[-71.0348010,42.3676250],[-71.03474300000001,42.3677010],[-71.0346770,42.3676730]]],"type":"Polygon"},"id":1416,"properties":{"bra_use":"R1","foots_1003":"4939","gm_layer":"Unknown Area Type","gm_type":"Unknown Area Type","layer":"Unknown Area Type","lnduse":"R1","name":"","objectid_1":"5461","parcel_id":"105249000","story_ht_":"3"},"type":"Feature"}
,{"geometry":{"coordinates":[[[-71.0348260,42.3676280],[-71.03495100000001,42.3676840],[-71.03485499999999,42.3678010],[-71.0348020,42.3677790],[-71.0348170,42.3677620],[-71.0347950,42.3677520],[-71.0347810,42.3677710],[-71.034730,42.3677490]]],"type":"Polygon"},"id":1417,"properties":{"bra_use":"R3","foots_1003":"4940","gm_layer":"Unknown Area Type","gm_type":"Unknown Area Type","layer":"Unknown Area Type","lnduse":"R3","name":"","objectid_1":"5462","parcel_id":"105250000","story_ht_":"3"},"type":"Feature"}
,{"geometry":{"coordinates":[[[-71.03500099999999,42.3678870],[-71.0349580,42.3679370],[-71.03487199999999,42.3678990],[-71.0348860,42.3678830],[-71.034840,42.3678640],[-71.0348650,42.3678310],[-71.0348910,42.3678420]]],"type":"Polygon"},"id":1420,"properties":{"bra_use":"R3","foots_1003":"4943","gm_layer":"Unknown Area Type","gm_type":"Unknown Area Type","layer":"Unknown Area Type","lnduse":"R3","name":"","objectid_1":"5465","parcel_id":"105255000","story_ht_":"3"},"type":"Feature"}
,{"geometry":{"coordinates":[[[-71.0349580,42.3679370],[-71.03492300000001,42.3679820],[-71.034790,42.3679230],[-71.0348130,42.3678950],[-71.034860,42.3679160],[-71.03487199999999,42.3678990]]],"type":"Polygon"},"id":1421,"properties":{"bra_use":"R3","foots_1003":"4944","gm_layer":"Unknown Area Type","gm_type":"Unknown Area Type","layer":"Unknown Area Type","lnduse":"R3","name":"","objectid_1":"5466","parcel_id":"105256000","story_ht_":"3"},"type":"Feature"}
,{"geometry":{"coordinates":[[[-71.0349150,42.3679930],[-71.03487800000001,42.3680390],[-71.0347780,42.3679930],[-71.0348130,42.3679480]]],"type":"Polygon"},"id":1422,"properties":{"bra_use":"R3","foots_1003":"4945","gm_layer":"Unknown Area Type","gm_type":"Unknown Area Type","layer":"Unknown Area Type","lnduse":"R3","name":"","objectid_1":"5467","parcel_id":"105257000","story_ht_":"3"},"type":"Feature"}
,{"geometry":{"coordinates":[[[-71.03487800000001,42.3680390],[-71.0348420,42.3680850],[-71.034740,42.3680390],[-71.0347780,42.3679930]]],"type":"Polygon"},"id":1423,"properties":{"bra_use":"R3","foots_1003":"4946","gm_layer":"Unknown Area Type","gm_type":"Unknown Area Type","layer":"Unknown Area Type","lnduse":"R3","name":"","objectid_1":"5468","parcel_id":"105258000","story_ht_":"3"},"type":"Feature"}
,{"geometry":{"coordinates":[[[-71.0348360,42.3680930],[-71.0348020,42.3681340],[-71.0346960,42.3680930],[-71.0347340,42.3680480]]],"type":"Polygon"},"id":1424,"properties":{"bra_use":"RC","foots_1003":"4947","gm_layer":"Unknown Area Type","gm_type":"Unknown Area Type","layer":"Unknown Area Type","lnduse":"RC","name":"","objectid_1":"5469","parcel_id":"105259000","story_ht_":"3"},"type":"Feature"}
,{"geometry":{"coordinates":[[[-71.0348020,42.3681340],[-71.0347690,42.3681770],[-71.0346620,42.3681350],[-71.0346960,42.3680930]]],"type":"Polygon"},"id":1425,"properties":{"bra_use":"R2","foots_1003":"4948","gm_layer":"Unknown Area Type","gm_type":"Unknown Area Type","layer":"Unknown Area Type","lnduse":"R2","name":"","objectid_1":"5470","parcel_id":"105260000","story_ht_":"3"},"type":"Feature"}
,{"geometry":{"coordinates":[[[-71.0347690,42.3681770],[-71.0347270,42.3682270],[-71.0346060,42.3681730],[-71.0346370,42.3681340],[-71.0346560,42.3681430],[-71.0346620,42.3681350]]],"type":"Polygon"},"id":1426,"properties":{"bra_use":"R2","foots_1003":"4949","gm_layer":"Unknown Area Type","gm_type":"Unknown Area Type","layer":"Unknown Area Type","lnduse":"R2","name":"","objectid_1":"5471","parcel_id":"105261000","story_ht_":"3"},"type":"Feature"}
,{"geometry":{"coordinates":[[[-71.034560,42.3681490],[-71.03454499999999,42.3681510],[-71.03451800000001,42.3681390],[-71.03451699999999,42.3681250],[-71.0344920,42.3681130],[-71.03460699999999,42.3679720],[-71.0346790,42.3680020]]],"type":"Polygon"},"id":1427,"properties":{"bra_use":"R3","foots_1003":"4950","gm_layer":"Unknown Area Type","gm_type":"Unknown Area Type","layer":"Unknown Area Type","lnduse":"R3","name":"","objectid_1":"5472","parcel_id":"105262000","story_ht_":"3"},"type":"Feature"}
,{"geometry":{"coordinates":[[[-71.0335410,42.3677170],[-71.0334340,42.3676690],[-71.0335680,42.3675040],[-71.0336750,42.3675520]]],"type":"Polygon"},"id":1432,"properties":{"bra_use":"A","foots_1003":"4955","gm_layer":"Unknown Area Type","gm_type":"Unknown Area Type","layer":"Unknown Area Type","lnduse":"A","name":"","objectid_1":"5477","parcel_id":"105267000","story_ht_":"3"},"type":"Feature"}
,{"geometry":{"coordinates":[[[-71.0327240,42.3673450],[-71.03269899999999,42.3673350],[-71.0326790,42.3673390],[-71.03266000000001,42.367330],[-71.0326560,42.3673140],[-71.0327540,42.3671950],[-71.03282400000001,42.3672260]]],"type":"Polygon"},"id":1435,"properties":{"bra_use":"R3","foots_1003":"4958","gm_layer":"Unknown Area Type","gm_type":"Unknown Area Type","layer":"Unknown Area Type","lnduse":"R3","name":"","objectid_1":"5480","parcel_id":"105271000","story_ht_":"3"},"type":"Feature"}
,{"geometry":{"coordinates":[[[-71.03263800000001,42.3673110],[-71.03260899999999,42.3672990],[-71.03259199999999,42.3673020],[-71.0325710,42.3672930],[-71.03257000000001,42.3672830],[-71.0326740,42.3671550],[-71.032740,42.3671850]]],"type":"Polygon"},"id":1436,"properties":{"bra_use":"R3","foots_1003":"4959","gm_layer":"Unknown Area Type","gm_type":"Unknown Area Type","layer":"Unknown Area Type","lnduse":"R3","name":"","objectid_1":"5481","parcel_id":"105272000","story_ht_":"3"},"type":"Feature"}
,{"geometry":{"coordinates":[[[-71.03255400000001,42.3672730],[-71.0325290,42.3672630],[-71.03251400000001,42.3672660],[-71.0324880,42.3672540],[-71.03248499999999,42.3672430],[-71.0325880,42.367120],[-71.03265500000001,42.3671490]]],"type":"Polygon"},"id":1437,"properties":{"bra_use":"R3","foots_1003":"4960","gm_layer":"Unknown Area Type","gm_type":"Unknown Area Type","layer":"Unknown Area Type","lnduse":"R3","name":"","objectid_1":"5482","parcel_id":"105273000","story_ht_":"3"},"type":"Feature"}
,{"geometry":{"coordinates":[[[-71.032470,42.3672350],[-71.03244599999999,42.3672250],[-71.03243000000001,42.3672280],[-71.0324060,42.3672180],[-71.03240200000001,42.3672090],[-71.0325040,42.3670790],[-71.03257000000001,42.3671090]]],"type":"Polygon"},"id":1438,"properties":{"bra_use":"R3","foots_1003":"4961","gm_layer":"Unknown Area Type","gm_type":"Unknown Area Type","layer":"Unknown Area Type","lnduse":"R3","name":"","objectid_1":"5483","parcel_id":"105274000","story_ht_":"3"},"type":"Feature"}
,{"geometry":{"coordinates":[[[-71.034150,42.3666380],[-71.03420300000001,42.3665620],[-71.0342670,42.3665890],[-71.03420800000001,42.3666630]]],"type":"Polygon"},"id":1343,"properties":{"bra_use":"I","foots_1003":"4792","gm_layer":"Unknown Area Type","gm_type":"Unknown Area Type","layer":"Unknown Area Type","lnduse":"I","name":"","objectid_1":"5288","parcel_id":"105016000","story_ht_":"2.5"},"type":"Feature"}
,{"geometry":{"coordinates":[[[-71.0320620,42.3661980],[-71.0321010,42.3661510],[-71.0321970,42.3661940],[-71.0322370,42.3661450],[-71.03213599999999,42.36610],[-71.03221000000001,42.3660110],[-71.03236800000001,42.3660770],[-71.0323660,42.3660810],[-71.0324710,42.3661290],[-71.03244100000001,42.3661660],[-71.0324160,42.3661550],[-71.03238399999999,42.3661920],[-71.0323720,42.3661870],[-71.03234500000001,42.3662190],[-71.0322860,42.3661920],[-71.03227200000001,42.3662080],[-71.0322670,42.3662060],[-71.0322140,42.3662680]]],"type":"Polygon"},"id":1371,"properties":{"bra_use":"R1","foots_1003":"4820","gm_layer":"Unknown Area Type","gm_type":"Unknown Area Type","layer":"Unknown Area Type","lnduse":"R1","name":"","objectid_1":"5316","parcel_id":"105052000","story_ht_":"2.5"},"type":"Feature"}
,{"geometry":{"coordinates":[[[-71.0326340,42.3668420],[-71.0327120,42.3668740],[-71.0326220,42.366990],[-71.0325460,42.3669580]]],"type":"Polygon"},"id":1441,"properties":{"bra_use":"R4","foots_1003":"4964","gm_layer":"Unknown Area Type","gm_type":"Unknown Area Type","layer":"Unknown Area Type","lnduse":"R4","name":"","objectid_1":"5486","parcel_id":"105280000","story_ht_":"2.5"},"type":"Feature"}
,{"geometry":{"coordinates":[[[-71.0323420,42.3668650],[-71.032410,42.3667740],[-71.03252999999999,42.3668250],[-71.0324610,42.3669160]]],"type":"Polygon"},"id":1442,"properties":{"bra_use":"R4","foots_1003":"4965","gm_layer":"Unknown Area Type","gm_type":"Unknown Area Type","layer":"Unknown Area Type","lnduse":"R4","name":"","objectid_1":"5487","parcel_id":"105280000","story_ht_":"2.5"},"type":"Feature"}
,{"geometry":{"coordinates":[[[-71.0320510,42.3665990],[-71.0320120,42.3666490],[-71.03190100000001,42.3666020],[-71.03193899999999,42.366550]]],"type":"Polygon"},"id":117,"properties":{"bra_use":"R2","foots_1003":"1069","gm_layer":"Unknown Area Type","gm_type":"Unknown Area Type","layer":"Unknown Area Type","lnduse":"R2","name":"","objectid_1":"5422","parcel_id":"105192000","story_ht_":"2"},"type":"Feature"}
,{"geometry":{"coordinates":[[[-71.03201900000001,42.3665140],[-71.0320,42.3665370],[-71.0319410,42.366510],[-71.0320260,42.3664110],[-71.03208600000001,42.3664390],[-71.0320270,42.3665190]]],"type":"Polygon"},"id":118,"properties":{"bra_use":"RC","foots_1003":"1070","gm_layer":"Unknown Area Type","gm_type":"Unknown Area Type","layer":"Unknown Area Type","lnduse":"RC","name":"","objectid_1":"5423","parcel_id":"105193000","story_ht_":"2"},"type":"Feature"}
,{"geometry":{"coordinates":[[[-71.03142200000001,42.3676490],[-71.0315980,42.3674260],[-71.03154000000001,42.3674010],[-71.0315610,42.3673760],[-71.03159599999999,42.3673910],[-71.0316210,42.3674020],[-71.0316330,42.3673870],[-71.03261000000001,42.3678090],[-71.032590,42.3678360],[-71.0327970,42.3679260],[-71.03245200000001,42.3683630],[-71.03224400000001,42.3682730],[-71.0322390,42.3682790],[-71.0319920,42.3681730],[-71.0319830,42.3681850],[-71.03193400000001,42.3682470],[-71.0314350,42.3680320]]],"type":"Polygon"},"id":897,"properties":{"bra_use":"E","foots_1003":"4049","gm_layer":"Unknown Area Type","gm_type":"Unknown Area Type","layer":"Unknown Area Type","lnduse":"E","name":"","objectid_1":"4519","parcel_id":"104126000","story_ht_":"2"},"type":"Feature"}
,{"geometry":{"coordinates":[[[-71.0346940,42.3655610],[-71.03469800000001,42.3655540],[-71.0346220,42.365520],[-71.0346880,42.3654370],[-71.034770,42.3653320],[-71.0348530,42.3653710],[-71.03483900000001,42.3653880],[-71.0348710,42.3654040],[-71.034890,42.365380],[-71.0351290,42.3654840],[-71.0351110,42.3655090],[-71.0351460,42.3655220],[-71.03515899999999,42.3655070],[-71.03523800000001,42.3655390],[-71.03509200000001,42.3657240],[-71.0350160,42.365690],[-71.0350060,42.3657020],[-71.03496300000001,42.3656830],[-71.03496800000001,42.3656780],[-71.03495599999999,42.3656720],[-71.0349470,42.3656710],[-71.0349320,42.3656690],[-71.0349160,42.3656660],[-71.0348980,42.3656620],[-71.0348750,42.3656560],[-71.0348650,42.3656510],[-71.0348410,42.3656430],[-71.0348250,42.3656350],[-71.03481100000001,42.3656280],[-71.0347960,42.365620],[-71.0347840,42.3656110],[-71.0347740,42.3656040],[-71.0347670,42.3655980],[-71.0347580,42.3655910],[-71.0347530,42.3655870]]],"type":"Polygon"},"id":1007,"properties":{"bra_use":"E","foots_1003":"4420","gm_layer":"Unknown Area Type","gm_type":"Unknown Area Type","layer":"Unknown Area Type","lnduse":"E","name":"Adams School","objectid_1":"4916","parcel_id":"104558000","story_ht_":"2"},"type":"Feature"}
,{"geometry":{"coordinates":[[[-71.03292399999999,42.3653470],[-71.0329050,42.3653390],[-71.0329150,42.3653270],[-71.03286799999999,42.3653070],[-71.0329350,42.3652220],[-71.0329650,42.3652360],[-71.0329990,42.3652510]]],"type":"Polygon"},"id":1079,"properties":{"bra_use":"R1","foots_1003":"4527","gm_layer":"Unknown Area Type","gm_type":"Unknown Area Type","layer":"Unknown Area Type","lnduse":"R1","name":"","objectid_1":"5023","parcel_id":"104705000","story_ht_":"2"},"type":"Feature"}
,{"geometry":{"coordinates":[[[-71.03335300000001,42.3652350],[-71.03337000000001,42.3652150],[-71.03347599999999,42.3652650],[-71.0333950,42.3653650],[-71.0332870,42.3653150],[-71.03330,42.3652990]]],"type":"Polygon"},"id":1080,"properties":{"bra_use":"R2","foots_1003":"4528","gm_layer":"Unknown Area Type","gm_type":"Unknown Area Type","layer":"Unknown Area Type","lnduse":"R2","name":"","objectid_1":"5024","parcel_id":"104708000","story_ht_":"2"},"type":"Feature"}
,{"geometry":{"coordinates":[[[-71.03330,42.3652990],[-71.0332540,42.3652790],[-71.03326300000001,42.3652660],[-71.03320100000001,42.3652380],[-71.0332420,42.3651890],[-71.03330200000001,42.3652160],[-71.0333050,42.3652140],[-71.03335300000001,42.3652350]]],"type":"Polygon"},"id":1081,"properties":{"bra_use":"R2","foots_1003":"4529","gm_layer":"Unknown Area Type","gm_type":"Unknown Area Type","layer":"Unknown Area Type","lnduse":"R2","name":"","objectid_1":"5025","parcel_id":"104708000","story_ht_":"2"},"type":"Feature"}
,{"geometry":{"coordinates":[[[-71.03183199999999,42.3653330],[-71.031830,42.3653360],[-71.03176499999999,42.3653080],[-71.03185000000001,42.36520],[-71.0318850,42.3652150],[-71.0318930,42.3652050],[-71.03192300000001,42.3652180]]],"type":"Polygon"},"id":1088,"properties":{"bra_use":"R2","foots_1003":"4536","gm_layer":"Unknown Area Type","gm_type":"Unknown Area Type","layer":"Unknown Area Type","lnduse":"R2","name":"","objectid_1":"5032","parcel_id":"104715000","story_ht_":"2"},"type":"Feature"}
,{"geometry":{"coordinates":[[[-71.0317580,42.36530],[-71.03170,42.3652760],[-71.0317750,42.3651810],[-71.03183199999999,42.3652050]]],"type":"Polygon"},"id":1089,"properties":{"bra_use":"R1","foots_1003":"4537","gm_layer":"Unknown Area Type","gm_type":"Unknown Area Type","layer":"Unknown Area Type","lnduse":"R1","name":"","objectid_1":"5033","parcel_id":"104716000","story_ht_":"2"},"type":"Feature"}
,{"geometry":{"coordinates":[[[-71.03465199999999,42.3660910],[-71.0346430,42.3661060],[-71.03461400000001,42.3660930],[-71.03462500000001,42.3660810],[-71.03460800000001,42.3660730],[-71.0345940,42.3660660],[-71.0346720,42.3659710],[-71.03474900000001,42.3660070],[-71.03482700000001,42.3660420],[-71.0347980,42.3660780],[-71.0347790,42.366070],[-71.0347240,42.3660420],[-71.03467600000001,42.3661010],[-71.0346710,42.36610]]],"type":"Polygon"},"id":1104,"properties":{"bra_use":"R2","foots_1003":"4553","gm_layer":"Unknown Area Type","gm_type":"Unknown Area Type","layer":"Unknown Area Type","lnduse":"R2","name":"","objectid_1":"5049","parcel_id":"104733000","story_ht_":"2"},"type":"Feature"}
,{"geometry":{"coordinates":[[[-71.03462500000001,42.3660810],[-71.03461400000001,42.3660930],[-71.0346430,42.3661060],[-71.03465199999999,42.3660910],[-71.0346710,42.36610],[-71.03463100000001,42.3661510],[-71.0345650,42.3661240],[-71.03460800000001,42.3660730]]],"type":"Polygon"},"id":1105,"properties":{"bra_use":"R2","foots_1003":"4554","gm_layer":"Unknown Area Type","gm_type":"Unknown Area Type","layer":"Unknown Area Type","lnduse":"R2","name":"","objectid_1":"5050","parcel_id":"104733000","story_ht_":"2"},"type":"Feature"}
,{"geometry":{"coordinates":[[[-71.03474900000001,42.3660070],[-71.0346720,42.3659710],[-71.0347050,42.3659330],[-71.0346790,42.3659210],[-71.0347160,42.3658760],[-71.0348180,42.3659220]]],"type":"Polygon"},"id":1106,"properties":{"bra_use":"R2","foots_1003":"4555","gm_layer":"Unknown Area Type","gm_type":"Unknown Area Type","layer":"Unknown Area Type","lnduse":"R2","name":"","objectid_1":"5051","parcel_id":"104733000","story_ht_":"2"},"type":"Feature"}
,{"geometry":{"coordinates":[[[-71.0349270,42.3664870],[-71.0348880,42.3665350],[-71.034790,42.3664930],[-71.03482800000001,42.3664440]]],"type":"Polygon"},"id":1135,"properties":{"bra_use":"R2","foots_1003":"4584","gm_layer":"Unknown Area Type","gm_type":"Unknown Area Type","layer":"Unknown Area Type","lnduse":"R2","name":"","objectid_1":"5080","parcel_id":"104760000","story_ht_":"2"},"type":"Feature"}
,{"geometry":{"coordinates":[[[-71.034830,42.3664330],[-71.0348690,42.366380],[-71.0349750,42.3664240],[-71.0349380,42.3664770]]],"type":"Polygon"},"id":1136,"properties":{"bra_use":"R2","foots_1003":"4585","gm_layer":"Unknown Area Type","gm_type":"Unknown Area Type","layer":"Unknown Area Type","lnduse":"R2","name":"","objectid_1":"5081","parcel_id":"104761000","story_ht_":"2"},"type":"Feature"}
,{"geometry":{"coordinates":[[[-71.0346840,42.366360],[-71.0347270,42.3663020],[-71.0348310,42.3663440],[-71.03478800000001,42.3664020]]],"type":"Polygon"},"id":1141,"properties":{"bra_use":"R2","foots_1003":"4590","gm_layer":"Unknown Area Type","gm_type":"Unknown Area Type","layer":"Unknown Area Type","lnduse":"R2","name":"","objectid_1":"5086","parcel_id":"104766000","story_ht_":"2"},"type":"Feature"}
,{"geometry":{"coordinates":[[[-71.03488400000001,42.3662810],[-71.034840,42.3663380],[-71.0347340,42.3662920],[-71.0347790,42.3662360]]],"type":"Polygon"},"id":1142,"properties":{"bra_use":"R2","foots_1003":"4591","gm_layer":"Unknown Area Type","gm_type":"Unknown Area Type","layer":"Unknown Area Type","lnduse":"R2","name":"","objectid_1":"5087","parcel_id":"104767000","story_ht_":"2"},"type":"Feature"}
,{"geometry":{"coordinates":[[[-71.03463000000001,42.3662330],[-71.0346670,42.3661880],[-71.03474199999999,42.366220],[-71.03470400000001,42.3662660]]],"type":"Polygon"},"id":1143,"properties":{"bra_use":"R1","foots_1003":"4592","gm_layer":"Unknown Area Type","gm_type":"Unknown Area Type","layer":"Unknown Area Type","lnduse":"R1","name":"","objectid_1":"5088","parcel_id":"104768000","story_ht_":"2"},"type":"Feature"}
,{"geometry":{"coordinates":[[[-71.03456199999999,42.3663230],[-71.0345830,42.3662950],[-71.03456900000001,42.3662880],[-71.0345940,42.3662530],[-71.0346320,42.366270],[-71.0346180,42.3662860],[-71.0346730,42.3663090],[-71.0346370,42.3663550]]],"type":"Polygon"},"id":1144,"properties":{"bra_use":"R1","foots_1003":"4593","gm_layer":"Unknown Area Type","gm_type":"Unknown Area Type","layer":"Unknown Area Type","lnduse":"R1","name":"","objectid_1":"5089","parcel_id":"104770000","story_ht_":"2"},"type":"Feature"}
,{"geometry":{"coordinates":[[[-71.0346030,42.3663990],[-71.0345280,42.3663670],[-71.03456199999999,42.3663230],[-71.0346370,42.3663550]]],"type":"Polygon"},"id":1145,"properties":{"bra_use":"R1","foots_1003":"4594","gm_layer":"Unknown Area Type","gm_type":"Unknown Area Type","layer":"Unknown Area Type","lnduse":"R1","name":"","objectid_1":"5090","parcel_id":"104771000","story_ht_":"2"},"type":"Feature"}
,{"geometry":{"coordinates":[[[-71.0341090,42.366240],[-71.0341340,42.3662110],[-71.0341660,42.3662250],[-71.0341610,42.3662310],[-71.0342160,42.3662560],[-71.03419700000001,42.366280],[-71.03420,42.366280],[-71.0341480,42.3663460],[-71.03403299999999,42.3662960],[-71.03408500000001,42.366230]]],"type":"Polygon"},"id":1150,"properties":{"bra_use":"R2","foots_1003":"4599","gm_layer":"Unknown Area Type","gm_type":"Unknown Area Type","layer":"Unknown Area Type","lnduse":"R2","name":"","objectid_1":"5095","parcel_id":"104781000","story_ht_":"2"},"type":"Feature"}
,{"geometry":{"coordinates":[[[-71.03313300000001,42.3667070],[-71.0331510,42.3667150],[-71.0331910,42.3666610],[-71.0332640,42.3666930],[-71.033270,42.3666850],[-71.033250,42.3666760],[-71.0332750,42.3666420],[-71.0333060,42.3666550],[-71.0333120,42.3666470],[-71.0333460,42.3666620],[-71.0332470,42.3667920],[-71.03317800000001,42.3667610],[-71.0331260,42.366740],[-71.0331310,42.3667330],[-71.0330450,42.3666960],[-71.03308300000001,42.3666450],[-71.0331530,42.3666790]]],"type":"Polygon"},"id":1316,"properties":{"bra_use":"R1","foots_1003":"4765","gm_layer":"Unknown Area Type","gm_type":"Unknown Area Type","layer":"Unknown Area Type","lnduse":"R1","name":"","objectid_1":"5261","parcel_id":"104982000","story_ht_":"2"},"type":"Feature"}
,{"geometry":{"coordinates":[[[-71.03308300000001,42.3665910],[-71.03306499999999,42.3666120],[-71.0330910,42.3666240],[-71.0330280,42.3666990],[-71.0329660,42.366670],[-71.0330130,42.3666130],[-71.0330460,42.3665740]]],"type":"Polygon"},"id":1318,"properties":{"bra_use":"R1","foots_1003":"4767","gm_layer":"Unknown Area Type","gm_type":"Unknown Area Type","layer":"Unknown Area Type","lnduse":"R1","name":"","objectid_1":"5263","parcel_id":"104984000","story_ht_":"2"},"type":"Feature"}
,{"geometry":{"coordinates":[[[-71.03290200000001,42.3666410],[-71.0329650,42.3665650],[-71.03298700000001,42.3665750],[-71.03300400000001,42.3665540],[-71.0330460,42.3665740],[-71.0330130,42.3666130],[-71.0329660,42.366670]]],"type":"Polygon"},"id":1319,"properties":{"bra_use":"R1","foots_1003":"4768","gm_layer":"Unknown Area Type","gm_type":"Unknown Area Type","layer":"Unknown Area Type","lnduse":"R1","name":"","objectid_1":"5264","parcel_id":"104985000","story_ht_":"2"},"type":"Feature"}
,{"geometry":{"coordinates":[[[-71.0328480,42.3664370],[-71.03290200000001,42.3663620],[-71.0329610,42.366390],[-71.0329040,42.366460]]],"type":"Polygon"},"id":1323,"properties":{"bra_use":"R1","foots_1003":"4772","gm_layer":"Unknown Area Type","gm_type":"Unknown Area Type","layer":"Unknown Area Type","lnduse":"R1","name":"","objectid_1":"5268","parcel_id":"104992000","story_ht_":"2"},"type":"Feature"}
,{"geometry":{"coordinates":[[[-71.03327299999999,42.3665290],[-71.0333370,42.3665580],[-71.0332810,42.3666240],[-71.0332210,42.3665960],[-71.0332250,42.3665910]]],"type":"Polygon"},"id":1329,"properties":{"bra_use":"R1","foots_1003":"4778","gm_layer":"Unknown Area Type","gm_type":"Unknown Area Type","layer":"Unknown Area Type","lnduse":"R1","name":"","objectid_1":"5274","parcel_id":"104998000","story_ht_":"2"},"type":"Feature"}
,{"geometry":{"coordinates":[[[-71.03292399999999,42.3662830],[-71.0328260,42.3662410],[-71.0328670,42.3661890],[-71.03296400000001,42.3662320]]],"type":"Polygon"},"id":1332,"properties":{"bra_use":"R2","foots_1003":"4781","gm_layer":"Unknown Area Type","gm_type":"Unknown Area Type","layer":"Unknown Area Type","lnduse":"R2","name":"","objectid_1":"5277","parcel_id":"105004000","story_ht_":"2"},"type":"Feature"}
,{"geometry":{"coordinates":[[[-71.03306000000001,42.3661690],[-71.0329340,42.366110],[-71.0329970,42.3660360],[-71.03301399999999,42.3660350],[-71.0330270,42.3660410],[-71.0330340,42.3660540],[-71.0330580,42.3660660],[-71.033070,42.3660650],[-71.03309299999999,42.3660740],[-71.0330970,42.3660830],[-71.0331230,42.3660950]]],"type":"Polygon"},"id":1333,"properties":{"bra_use":"R2","foots_1003":"4782","gm_layer":"Unknown Area Type","gm_type":"Unknown Area Type","layer":"Unknown Area Type","lnduse":"R2","name":"","objectid_1":"5278","parcel_id":"105006000","story_ht_":"2"},"type":"Feature"}
,{"geometry":{"coordinates":[[[-71.03348699999999,42.3663960],[-71.0335710,42.3662940],[-71.03366200000001,42.3663360],[-71.03362900000001,42.3663760],[-71.03366699999999,42.3663930],[-71.0336360,42.3664340],[-71.0336250,42.366430],[-71.0336090,42.3664520]]],"type":"Polygon"},"id":1340,"properties":{"bra_use":"E","foots_1003":"4789","gm_layer":"Unknown Area Type","gm_type":"Unknown Area Type","layer":"Unknown Area Type","lnduse":"E","name":"","objectid_1":"5285","parcel_id":"105013000","story_ht_":"2"},"type":"Feature"}
,{"geometry":{"coordinates":[[[-71.034150,42.3666380],[-71.0340810,42.3666080],[-71.0341390,42.3665340],[-71.03420300000001,42.3665620]]],"type":"Polygon"},"id":1342,"properties":{"bra_use":"R1","foots_1003":"4791","gm_layer":"Unknown Area Type","gm_type":"Unknown Area Type","layer":"Unknown Area Type","lnduse":"R1","name":"","objectid_1":"5287","parcel_id":"105015000","story_ht_":"2"},"type":"Feature"}
,{"geometry":{"coordinates":[[[-71.0343950,42.3666440],[-71.0343360,42.3667170],[-71.03427499999999,42.3666910],[-71.0343350,42.3666190]]],"type":"Polygon"},"id":1345,"properties":{"bra_use":"R1","foots_1003":"4794","gm_layer":"Unknown Area Type","gm_type":"Unknown Area Type","layer":"Unknown Area Type","lnduse":"R1","name":"","objectid_1":"5290","parcel_id":"105018000","story_ht_":"2"},"type":"Feature"}
,{"geometry":{"coordinates":[[[-71.0344990,42.366830],[-71.03445000000001,42.366810],[-71.0344770,42.3667750],[-71.03446200000001,42.366770],[-71.03452400000001,42.3666970],[-71.0345840,42.3667230]]],"type":"Polygon"},"id":1347,"properties":{"bra_use":"R2","foots_1003":"4796","gm_layer":"Unknown Area Type","gm_type":"Unknown Area Type","layer":"Unknown Area Type","lnduse":"R2","name":"","objectid_1":"5292","parcel_id":"105020000","story_ht_":"2"},"type":"Feature"}
,{"geometry":{"coordinates":[[[-71.0347270,42.3668790],[-71.03467000000001,42.3668510],[-71.034730,42.3667810],[-71.03478699999999,42.3668080]]],"type":"Polygon"},"id":1349,"properties":{"bra_use":"R1","foots_1003":"4798","gm_layer":"Unknown Area Type","gm_type":"Unknown Area Type","layer":"Unknown Area Type","lnduse":"R1","name":"","objectid_1":"5294","parcel_id":"105022000","story_ht_":"2"},"type":"Feature"}
,{"geometry":{"coordinates":[[[-71.0347730,42.3669270],[-71.0347110,42.3668960],[-71.0347270,42.3668790],[-71.03478699999999,42.3668080],[-71.0348510,42.3668390]]],"type":"Polygon"},"id":1350,"properties":{"bra_use":"R1","foots_1003":"4799","gm_layer":"Unknown Area Type","gm_type":"Unknown Area Type","layer":"Unknown Area Type","lnduse":"R1","name":"","objectid_1":"5295","parcel_id":"105023000","story_ht_":"2"},"type":"Feature"}
,{"geometry":{"coordinates":[[[-71.0349980,42.3669060],[-71.03494600000001,42.3669720],[-71.0348850,42.3669460],[-71.0348590,42.3669810],[-71.0347910,42.3669520],[-71.0348710,42.3668520]]],"type":"Polygon"},"id":1351,"properties":{"bra_use":"R2","foots_1003":"4800","gm_layer":"Unknown Area Type","gm_type":"Unknown Area Type","layer":"Unknown Area Type","lnduse":"R2","name":"","objectid_1":"5296","parcel_id":"105024000","story_ht_":"2"},"type":"Feature"}
,{"geometry":{"coordinates":[[[-71.0319640,42.3659710],[-71.0319750,42.3659580],[-71.03195700000001,42.365950],[-71.0319860,42.3659130],[-71.0321060,42.3659650],[-71.0320670,42.3660150]]],"type":"Polygon"},"id":1372,"properties":{"bra_use":"R1","foots_1003":"4821","gm_layer":"Unknown Area Type","gm_type":"Unknown Area Type","layer":"Unknown Area Type","lnduse":"R1","name":"","objectid_1":"5317","parcel_id":"105054000","story_ht_":"2"},"type":"Feature"}
,{"geometry":{"coordinates":[[[-71.0319980,42.3661060],[-71.0319090,42.3660720],[-71.0319420,42.3660260],[-71.03203000000001,42.3660610]]],"type":"Polygon"},"id":1373,"properties":{"bra_use":"R1","foots_1003":"4822","gm_layer":"Unknown Area Type","gm_type":"Unknown Area Type","layer":"Unknown Area Type","lnduse":"R1","name":"","objectid_1":"5318","parcel_id":"105056000","story_ht_":"2"},"type":"Feature"}
,{"geometry":{"coordinates":[[[-71.03195599999999,42.3661550],[-71.03192300000001,42.3661980],[-71.0318260,42.3661590],[-71.0318590,42.3661150]]],"type":"Polygon"},"id":1374,"properties":{"bra_use":"R1","foots_1003":"4823","gm_layer":"Unknown Area Type","gm_type":"Unknown Area Type","layer":"Unknown Area Type","lnduse":"R1","name":"","objectid_1":"5319","parcel_id":"105058000","story_ht_":"2"},"type":"Feature"}
,{"geometry":{"coordinates":[[[-71.0314790,42.3659770],[-71.0314140,42.3659480],[-71.0314710,42.3658720],[-71.0315390,42.3659020]]],"type":"Polygon"},"id":1375,"properties":{"bra_use":"R2","foots_1003":"4824","gm_layer":"Unknown Area Type","gm_type":"Unknown Area Type","layer":"Unknown Area Type","lnduse":"R2","name":"","objectid_1":"5320","parcel_id":"105061000","story_ht_":"2"},"type":"Feature"}
,{"geometry":{"coordinates":[[[-71.03136600000001,42.3659040],[-71.03140999999999,42.3658460],[-71.0314710,42.3658720],[-71.0314140,42.3659480],[-71.0313670,42.3659270]]],"type":"Polygon"},"id":1376,"properties":{"bra_use":"R1","foots_1003":"4825","gm_layer":"Unknown Area Type","gm_type":"Unknown Area Type","layer":"Unknown Area Type","lnduse":"R1","name":"","objectid_1":"5321","parcel_id":"105062000","story_ht_":"2"},"type":"Feature"}
,{"geometry":{"coordinates":[[[-71.0313630,42.3658180],[-71.0313870,42.3657880],[-71.0314230,42.3658030],[-71.0313950,42.3658390],[-71.03140999999999,42.3658460],[-71.03136600000001,42.3659040]]],"type":"Polygon"},"id":1377,"properties":{"bra_use":"R2","foots_1003":"4826","gm_layer":"Unknown Area Type","gm_type":"Unknown Area Type","layer":"Unknown Area Type","lnduse":"R2","name":"","objectid_1":"5322","parcel_id":"105063000","story_ht_":"2"},"type":"Feature"}
,{"geometry":{"coordinates":[[[-71.03147300000001,42.3653780],[-71.03148899999999,42.3653780],[-71.03151200000001,42.3653860],[-71.0315150,42.3653990],[-71.0315440,42.3654120],[-71.0314650,42.3655140],[-71.0313920,42.3654830]]],"type":"Polygon"},"id":1380,"properties":{"bra_use":"R2","foots_1003":"4874","gm_layer":"Unknown Area Type","gm_type":"Unknown Area Type","layer":"Unknown Area Type","lnduse":"R2","name":"","objectid_1":"5370","parcel_id":"105114000","story_ht_":"2"},"type":"Feature"}
,{"geometry":{"coordinates":[[[-71.0315540,42.3654170],[-71.0315720,42.3654150],[-71.0315920,42.3654240],[-71.0315940,42.3654330],[-71.0316210,42.3654440],[-71.0315420,42.3655470],[-71.0314740,42.3655190]]],"type":"Polygon"},"id":1381,"properties":{"bra_use":"R2","foots_1003":"4875","gm_layer":"Unknown Area Type","gm_type":"Unknown Area Type","layer":"Unknown Area Type","lnduse":"R2","name":"","objectid_1":"5371","parcel_id":"105115000","story_ht_":"2"},"type":"Feature"}
,{"geometry":{"coordinates":[[[-71.032180,42.3668080],[-71.032140,42.3668630],[-71.032040,42.3668240],[-71.0320610,42.3667940],[-71.0320490,42.366790],[-71.0320680,42.3667640]]],"type":"Polygon"},"id":1387,"properties":{"bra_use":"R1","foots_1003":"4908","gm_layer":"Unknown Area Type","gm_type":"Unknown Area Type","layer":"Unknown Area Type","lnduse":"R1","name":"","objectid_1":"5430","parcel_id":"105200000","story_ht_":"2"},"type":"Feature"}
,{"geometry":{"coordinates":[[[-71.0321340,42.3668720],[-71.03209699999999,42.366920],[-71.0319410,42.3668550],[-71.0319770,42.3668060]]],"type":"Polygon"},"id":1388,"properties":{"bra_use":"R1","foots_1003":"4909","gm_layer":"Unknown Area Type","gm_type":"Unknown Area Type","layer":"Unknown Area Type","lnduse":"R1","name":"","objectid_1":"5431","parcel_id":"105201000","story_ht_":"2"},"type":"Feature"}
,{"geometry":{"coordinates":[[[-71.0320890,42.3669310],[-71.0320480,42.3669810],[-71.03194499999999,42.3669350],[-71.0319660,42.3669090],[-71.03195100000001,42.3669030],[-71.0319720,42.3668790]]],"type":"Polygon"},"id":1389,"properties":{"bra_use":"R2","foots_1003":"4910","gm_layer":"Unknown Area Type","gm_type":"Unknown Area Type","layer":"Unknown Area Type","lnduse":"R2","name":"","objectid_1":"5432","parcel_id":"105202000","story_ht_":"2"},"type":"Feature"}
,{"geometry":{"coordinates":[[[-71.0320430,42.366990],[-71.0319990,42.3670430],[-71.0318750,42.3669870],[-71.0319190,42.3669340]]],"type":"Polygon"},"id":1390,"properties":{"bra_use":"R2","foots_1003":"4911","gm_layer":"Unknown Area Type","gm_type":"Unknown Area Type","layer":"Unknown Area Type","lnduse":"R2","name":"","objectid_1":"5433","parcel_id":"105203000","story_ht_":"2"},"type":"Feature"}
,{"geometry":{"coordinates":[[[-71.0313920,42.3666950],[-71.0314210,42.3666610],[-71.0314710,42.3666860],[-71.031430,42.3667320],[-71.031440,42.3667380],[-71.0314020,42.3667810],[-71.03139400000001,42.3667780]]],"type":"Polygon"},"id":1394,"properties":{"bra_use":"R1","foots_1003":"4915","gm_layer":"Unknown Area Type","gm_type":"Unknown Area Type","layer":"Unknown Area Type","lnduse":"R1","name":"","objectid_1":"5437","parcel_id":"105209000","story_ht_":"2"},"type":"Feature"}
,{"geometry":{"coordinates":[[[-71.03340799999999,42.3670140],[-71.03334700000001,42.3670890],[-71.03321800000001,42.3670320],[-71.0332770,42.3669570]]],"type":"Polygon"},"id":1401,"properties":{"bra_use":"R2","foots_1003":"4924","gm_layer":"Unknown Area Type","gm_type":"Unknown Area Type","layer":"Unknown Area Type","lnduse":"R2","name":"","objectid_1":"5446","parcel_id":"105225000","story_ht_":"2"},"type":"Feature"}
,{"geometry":{"coordinates":[[[-71.0345020,42.3674930],[-71.0344520,42.3675580],[-71.0343740,42.3675250],[-71.03436000000001,42.3675440],[-71.0343190,42.3675250],[-71.0343310,42.367510],[-71.03432599999999,42.3675070],[-71.0343780,42.367440]]],"type":"Polygon"},"id":1413,"properties":{"bra_use":"R2","foots_1003":"4936","gm_layer":"Unknown Area Type","gm_type":"Unknown Area Type","layer":"Unknown Area Type","lnduse":"R2","name":"","objectid_1":"5458","parcel_id":"105238000","story_ht_":"2"},"type":"Feature"}
,{"geometry":{"coordinates":[[[-71.0345390,42.3675140],[-71.0346060,42.3675430],[-71.0345130,42.3676610],[-71.0344460,42.3676310]]],"type":"Polygon"},"id":1414,"properties":{"bra_use":"R1","foots_1003":"4937","gm_layer":"Unknown Area Type","gm_type":"Unknown Area Type","layer":"Unknown Area Type","lnduse":"R1","name":"","objectid_1":"5459","parcel_id":"105246000","story_ht_":"2"},"type":"Feature"}
,{"geometry":{"coordinates":[[[-71.03213700000001,42.3671040],[-71.03218699999999,42.3670430],[-71.03233299999999,42.3671080],[-71.03230000000001,42.3671470],[-71.0322680,42.3671330],[-71.03225000000001,42.3671550]]],"type":"Polygon"},"id":1439,"properties":{"bra_use":"R2","foots_1003":"4962","gm_layer":"Unknown Area Type","gm_type":"Unknown Area Type","layer":"Unknown Area Type","lnduse":"R2","name":"","objectid_1":"5484","parcel_id":"105275000","story_ht_":"2"},"type":"Feature"}
,{"geometry":{"coordinates":[[[-71.03437200000001,42.3662170],[-71.0343740,42.3662130],[-71.03446099999999,42.3662520],[-71.0344430,42.3662740],[-71.0345110,42.3663050],[-71.0344880,42.3663320],[-71.0343140,42.3662550],[-71.0343510,42.3662080]]],"type":"Polygon"},"id":1148,"properties":{"bra_use":"R1","foots_1003":"4597","gm_layer":"Unknown Area Type","gm_type":"Unknown Area Type","layer":"Unknown Area Type","lnduse":"R1","name":"","objectid_1":"5093","parcel_id":"104775000","story_ht_":"1.5"},"type":"Feature"}
,{"geometry":{"coordinates":[[[-71.0329040,42.366460],[-71.0329610,42.366390],[-71.0330240,42.3664170],[-71.0329710,42.3664860]]],"type":"Polygon"},"id":1324,"properties":{"bra_use":"R1","foots_1003":"4773","gm_layer":"Unknown Area Type","gm_type":"Unknown Area Type","layer":"Unknown Area Type","lnduse":"R1","name":"","objectid_1":"5269","parcel_id":"104993000","story_ht_":"1.5"},"type":"Feature"}
,{"geometry":{"coordinates":[[[-71.0332550,42.3664350],[-71.0332050,42.366410],[-71.03326300000001,42.3663420],[-71.0333140,42.3663670]]],"type":"Polygon"},"id":1330,"properties":{"bra_use":"R1","foots_1003":"4779","gm_layer":"Unknown Area Type","gm_type":"Unknown Area Type","layer":"Unknown Area Type","lnduse":"R1","name":"","objectid_1":"5275","parcel_id":"105000000","story_ht_":"1.5"},"type":"Feature"}
,{"geometry":{"coordinates":[[[-71.0323930,42.3662570],[-71.03230600000001,42.3663780],[-71.0322460,42.3663540],[-71.0323130,42.3662590],[-71.0323030,42.3662560],[-71.0322410,42.3663420],[-71.0321890,42.3663210],[-71.0322480,42.3662370],[-71.0322540,42.3662390],[-71.03227200000001,42.366210]]],"type":"Polygon"},"id":1370,"properties":{"bra_use":"RC","foots_1003":"4819","gm_layer":"Unknown Area Type","gm_type":"Unknown Area Type","layer":"Unknown Area Type","lnduse":"RC","name":"","objectid_1":"5315","parcel_id":"105048000","story_ht_":"1.5"},"type":"Feature"}
,{"geometry":{"coordinates":[[[-71.0343580,42.3684060],[-71.0344360,42.3684390],[-71.0344030,42.368470],[-71.03433200000001,42.3684410]]],"type":"Polygon"},"id":847,"properties":{"bra_use":"C","foots_1003":"3991","gm_layer":"Unknown Area Type","gm_type":"Unknown Area Type","layer":"Unknown Area Type","lnduse":"C","name":"","objectid_1":"4461","parcel_id":"104064001","story_ht_":"1"},"type":"Feature"}
,{"geometry":{"coordinates":[[[-71.03169200000001,42.3672160],[-71.0317390,42.3672390],[-71.0316490,42.3673260],[-71.0316740,42.3673380],[-71.03165300000001,42.3673620],[-71.0316260,42.367350],[-71.03142200000001,42.3672550],[-71.03149000000001,42.3671750],[-71.0316560,42.3672570]]],"type":"Polygon"},"id":898,"properties":{"bra_use":"C","foots_1003":"4150","gm_layer":"Unknown Area Type","gm_type":"Unknown Area Type","layer":"Unknown Area Type","lnduse":"C","name":"","objectid_1":"4620","parcel_id":"104128000","story_ht_":"1"},"type":"Feature"}
,{"geometry":{"coordinates":[[[-71.03357699999999,42.3682820],[-71.03348699999999,42.3683650],[-71.03338599999999,42.3683060],[-71.03347599999999,42.3682240]]],"type":"Polygon"},"id":915,"properties":{"bra_use":"C","foots_1003":"4167","gm_layer":"Unknown Area Type","gm_type":"Unknown Area Type","layer":"Unknown Area Type","lnduse":"C","name":"","objectid_1":"4637","parcel_id":"104156000","story_ht_":"1"},"type":"Feature"}
,{"geometry":{"coordinates":[[[-71.03330099999999,42.368470],[-71.0332150,42.3684130],[-71.0333320,42.3683140],[-71.0334180,42.368370]]],"type":"Polygon"},"id":916,"properties":{"bra_use":"R1","foots_1003":"4168","gm_layer":"Unknown Area Type","gm_type":"Unknown Area Type","layer":"Unknown Area Type","lnduse":"R1","name":"","objectid_1":"4638","parcel_id":"104158000","story_ht_":"1"},"type":"Feature"}
,{"geometry":{"coordinates":[[[-71.0327760,42.3653920],[-71.032740,42.3654390],[-71.0328160,42.3654720],[-71.0327710,42.3655290],[-71.0326930,42.3654950],[-71.03258700000001,42.3656310],[-71.03239000000001,42.3655460],[-71.0325780,42.3653060]]],"type":"Polygon"},"id":1085,"properties":{"bra_use":"E","foots_1003":"4533","gm_layer":"Unknown Area Type","gm_type":"Unknown Area Type","layer":"Unknown Area Type","lnduse":"E","name":"","objectid_1":"5029","parcel_id":"104712000","story_ht_":"1"},"type":"Feature"}
,{"geometry":{"coordinates":[[[-71.0348450,42.3674750],[-71.03477100000001,42.3674460],[-71.0348810,42.36730],[-71.0349040,42.3673090],[-71.03489399999999,42.3673210],[-71.0349480,42.3673430],[-71.03494499999999,42.3673480],[-71.0349440,42.3673490]]],"type":"Polygon"},"id":1300,"properties":{"bra_use":"I","foots_1003":"4749","gm_layer":"Unknown Area Type","gm_type":"Unknown Area Type","layer":"Unknown Area Type","lnduse":"I","name":"","objectid_1":"5245","parcel_id":"104964000","story_ht_":"1"},"type":"Feature"}
,{"geometry":{"coordinates":[[[-71.03303699999999,42.3665160],[-71.03302600000001,42.366530],[-71.03295900000001,42.3665030],[-71.0329710,42.3664860],[-71.0330240,42.3664170],[-71.0330890,42.3664470]]],"type":"Polygon"},"id":1325,"properties":{"bra_use":"R1","foots_1003":"4774","gm_layer":"Unknown Area Type","gm_type":"Unknown Area Type","layer":"Unknown Area Type","lnduse":"R1","name":"","objectid_1":"5270","parcel_id":"104994000","story_ht_":"1"},"type":"Feature"}
,{"geometry":{"coordinates":[[[-71.0331010,42.3665470],[-71.03303699999999,42.3665160],[-71.0330890,42.3664470],[-71.0331540,42.3664760]]],"type":"Polygon"},"id":1326,"properties":{"bra_use":"R1","foots_1003":"4775","gm_layer":"Unknown Area Type","gm_type":"Unknown Area Type","layer":"Unknown Area Type","lnduse":"R1","name":"","objectid_1":"5271","parcel_id":"104995000","story_ht_":"1"},"type":"Feature"}
,{"geometry":{"coordinates":[[[-71.0331650,42.3665770],[-71.0331010,42.3665470],[-71.0331540,42.3664760],[-71.03321699999999,42.3665060]]],"type":"Polygon"},"id":1327,"properties":{"bra_use":"R1","foots_1003":"4776","gm_layer":"Unknown Area Type","gm_type":"Unknown Area Type","layer":"Unknown Area Type","lnduse":"R1","name":"","objectid_1":"5272","parcel_id":"104996000","story_ht_":"1"},"type":"Feature"}
,{"geometry":{"coordinates":[[[-71.03317800000001,42.366570],[-71.03322900000001,42.3665090],[-71.03327299999999,42.3665290],[-71.0332250,42.3665910]]],"type":"Polygon"},"id":1328,"properties":{"bra_use":"R1","foots_1003":"4777","gm_layer":"Unknown Area Type","gm_type":"Unknown Area Type","layer":"Unknown Area Type","lnduse":"R1","name":"","objectid_1":"5273","parcel_id":"104997000","story_ht_":"1"},"type":"Feature"}
,{"geometry":{"coordinates":[[[-71.0337080,42.3664110],[-71.0337140,42.3664040],[-71.0340270,42.3665460],[-71.0340550,42.3665120],[-71.0341170,42.366540],[-71.0339470,42.3667450],[-71.0335750,42.3665740],[-71.03357800000001,42.3665720],[-71.0335280,42.3665480],[-71.0336090,42.3664520],[-71.0336250,42.366430],[-71.0336360,42.3664340],[-71.03366699999999,42.3663930]]],"type":"Polygon"},"id":1341,"properties":{"bra_use":"E","foots_1003":"4790","gm_layer":"Unknown Area Type","gm_type":"Unknown Area Type","layer":"Unknown Area Type","lnduse":"E","name":"","objectid_1":"5286","parcel_id":"105014000","story_ht_":"1"},"type":"Feature"}
,{"geometry":{"coordinates":[[[-71.03185000000001,42.3666530],[-71.0317860,42.366740],[-71.03169200000001,42.3667030],[-71.0317560,42.3666150]]],"type":"Polygon"},"id":1391,"properties":{"bra_use":"C","foots_1003":"4912","gm_layer":"Unknown Area Type","gm_type":"Unknown Area Type","layer":"Unknown Area Type","lnduse":"C","name":"","objectid_1":"5434","parcel_id":"105206000","story_ht_":"1"},"type":"Feature"}
,{"geometry":{"coordinates":[[[-71.0315730,42.3668360],[-71.0315150,42.366810],[-71.0315840,42.366720],[-71.0316440,42.3667450]]],"type":"Polygon"},"id":1392,"properties":{"bra_use":"R1","foots_1003":"4913","gm_layer":"Unknown Area Type","gm_type":"Unknown Area Type","layer":"Unknown Area Type","lnduse":"R1","name":"","objectid_1":"5435","parcel_id":"105207000","story_ht_":"1"},"type":"Feature"}
,{"geometry":{"coordinates":[[[-71.0342840,42.3680230],[-71.03416799999999,42.3679730],[-71.03433800000001,42.3677610],[-71.0344530,42.3678110]]],"type":"Polygon"},"id":1429,"properties":{"bra_use":"I","foots_1003":"4952","gm_layer":"Unknown Area Type","gm_type":"Unknown Area Type","layer":"Unknown Area Type","lnduse":"I","name":"","objectid_1":"5474","parcel_id":"105264000","story_ht_":"1"},"type":"Feature"}
,{"geometry":{"coordinates":[[[-71.03414100000001,42.3677940],[-71.034080,42.3677680],[-71.0341190,42.367720],[-71.0340350,42.3676820],[-71.0340710,42.3676390],[-71.034210,42.36770],[-71.0342150,42.3676940],[-71.0343310,42.3677460],[-71.03415200000001,42.3679690],[-71.03403900000001,42.3679190]]],"type":"Polygon"},"id":1430,"properties":{"bra_use":"I","foots_1003":"4953","gm_layer":"Unknown Area Type","gm_type":"Unknown Area Type","layer":"Unknown Area Type","lnduse":"I","name":"","objectid_1":"5475","parcel_id":"105265000","story_ht_":"1"},"type":"Feature"}
,{"geometry":{"coordinates":[[[-71.03404999999999,42.3676150],[-71.0338660,42.3678490],[-71.0335520,42.3677120],[-71.03373600000001,42.3674790]]],"type":"Polygon"},"id":1431,"properties":{"bra_use":"C","foots_1003":"4954","gm_layer":"Unknown Area Type","gm_type":"Unknown Area Type","layer":"Unknown Area Type","lnduse":"C","name":"","objectid_1":"5476","parcel_id":"105266000","story_ht_":"1"},"type":"Feature"}
,{"geometry":{"coordinates":[[[-71.0331010,42.3672050],[-71.03318299999999,42.3672390],[-71.03317800000001,42.3672460],[-71.0329990,42.3674720],[-71.03286300000001,42.3674130],[-71.0329120,42.3673520],[-71.0329650,42.3673770],[-71.03299800000001,42.3673340]]],"type":"Polygon"},"id":1433,"properties":{"bra_use":"I","foots_1003":"4956","gm_layer":"Unknown Area Type","gm_type":"Unknown Area Type","layer":"Unknown Area Type","lnduse":"I","name":"","objectid_1":"5478","parcel_id":"105269000","story_ht_":"1"},"type":"Feature"}
,{"geometry":{"coordinates":[[[-71.0328980,42.367290],[-71.0328150,42.3673940],[-71.0327320,42.3673580],[-71.0329210,42.3671210],[-71.032910,42.3671160],[-71.0329610,42.3670510],[-71.0330530,42.3670920],[-71.0330360,42.3671130],[-71.03313900000001,42.3671580],[-71.0331010,42.3672050],[-71.03299800000001,42.3673340]]],"type":"Polygon"},"id":1434,"properties":{"bra_use":"I","foots_1003":"4957","gm_layer":"Unknown Area Type","gm_type":"Unknown Area Type","layer":"Unknown Area Type","lnduse":"I","name":"","objectid_1":"5479","parcel_id":"105269000","story_ht_":"1"},"type":"Feature"}
,{"geometry":{"coordinates":[[[-71.0319080,42.3664540],[-71.031870,42.3665060],[-71.0318140,42.3664840],[-71.0318520,42.3664310]]],"type":"Polygon"},"id":116,"properties":{"bra_use":"RL","foots_1003":"1068","gm_layer":"Unknown Area Type","gm_type":"Unknown Area Type","layer":"Unknown Area Type","lnduse":"RL","name":"","objectid_1":"5421","parcel_id":"105189000","story_ht_":"0"},"type":"Feature"}
,{"geometry":{"coordinates":[[[-71.034890,42.3687110],[-71.03487199999999,42.3687030],[-71.0348760,42.3686990],[-71.03477100000001,42.3686520],[-71.0348880,42.3685090],[-71.035010,42.3685640]]],"type":"Polygon"},"id":774,"properties":{"bra_use":"C","foots_1003":"3918","gm_layer":"Unknown Area Type","gm_type":"Unknown Area Type","layer":"Unknown Area Type","lnduse":"","name":"","objectid_1":"4388","parcel_id":"103994000","story_ht_":"0"},"type":"Feature"}
,{"geometry":{"coordinates":[[[-71.03325599999999,42.3688020],[-71.03332500000001,42.3687440],[-71.0333910,42.3687870],[-71.0333220,42.3688450]]],"type":"Polygon"},"id":873,"properties":{"bra_use":"RL","foots_1003":"4017","gm_layer":"Unknown Area Type","gm_type":"Unknown Area Type","layer":"Unknown Area Type","lnduse":"RL","name":"","objectid_1":"4487","parcel_id":"104086000","story_ht_":"0"},"type":"Feature"}
,{"geometry":{"coordinates":[[[-71.03349900000001,42.3687440],[-71.0334570,42.3687810],[-71.0334230,42.3687610],[-71.03339699999999,42.3687840],[-71.0333340,42.3687440],[-71.0334010,42.3686830]]],"type":"Polygon"},"id":874,"properties":{"bra_use":"RL","foots_1003":"4018","gm_layer":"Unknown Area Type","gm_type":"Unknown Area Type","layer":"Unknown Area Type","lnduse":"RL","name":"","objectid_1":"4488","parcel_id":"104087000","story_ht_":"0"},"type":"Feature"}
,{"geometry":{"coordinates":[[[-71.0334730,42.3686430],[-71.0334920,42.3686260],[-71.03355500000001,42.3686660],[-71.0335350,42.3686830]]],"type":"Polygon"},"id":875,"properties":{"bra_use":"RL","foots_1003":"4019","gm_layer":"Unknown Area Type","gm_type":"Unknown Area Type","layer":"Unknown Area Type","lnduse":"RL","name":"","objectid_1":"4489","parcel_id":"104088000","story_ht_":"0"},"type":"Feature"}
,{"geometry":{"coordinates":[[[-71.0334270,42.3686770],[-71.0334640,42.3686460],[-71.033540,42.3686960],[-71.0335020,42.3687270]]],"type":"Polygon"},"id":876,"properties":{"bra_use":"RL","foots_1003":"4020","gm_layer":"Unknown Area Type","gm_type":"Unknown Area Type","layer":"Unknown Area Type","lnduse":"RL","name":"","objectid_1":"4490","parcel_id":"104088000","story_ht_":"0"},"type":"Feature"}
,{"geometry":{"coordinates":[[[-71.0334780,42.3686080],[-71.0335310,42.3685630],[-71.0335880,42.3686010],[-71.0335340,42.3686450]]],"type":"Polygon"},"id":877,"properties":{"bra_use":"RL","foots_1003":"4021","gm_layer":"Unknown Area Type","gm_type":"Unknown Area Type","layer":"Unknown Area Type","lnduse":"RL","name":"","objectid_1":"4491","parcel_id":"104089000","story_ht_":"0"},"type":"Feature"}
,{"geometry":{"coordinates":[[[-71.03364999999999,42.368450],[-71.033680,42.3684270],[-71.0337490,42.3684770],[-71.03371799999999,42.3684990]]],"type":"Polygon"},"id":878,"properties":{"bra_use":"RL","foots_1003":"4022","gm_layer":"Unknown Area Type","gm_type":"Unknown Area Type","layer":"Unknown Area Type","lnduse":"RL","name":"","objectid_1":"4492","parcel_id":"104091000","story_ht_":"0"},"type":"Feature"}
,{"geometry":{"coordinates":[[[-71.0336470,42.3682210],[-71.03357800000001,42.3681930],[-71.0336160,42.3681440],[-71.0336830,42.3681710]]],"type":"Polygon"},"id":913,"properties":{"bra_use":"C","foots_1003":"4165","gm_layer":"Unknown Area Type","gm_type":"Unknown Area Type","layer":"Unknown Area Type","lnduse":"","name":"","objectid_1":"4635","parcel_id":"104154000","story_ht_":"0"},"type":"Feature"}
,{"geometry":{"coordinates":[[[-71.0336250,42.3682340],[-71.033580,42.3682780],[-71.03347100000001,42.3682190],[-71.03351499999999,42.3681750]]],"type":"Polygon"},"id":914,"properties":{"bra_use":"C","foots_1003":"4166","gm_layer":"Unknown Area Type","gm_type":"Unknown Area Type","layer":"Unknown Area Type","lnduse":"","name":"","objectid_1":"4636","parcel_id":"104155000","story_ht_":"0"},"type":"Feature"}
,{"geometry":{"coordinates":[[[-71.0340210,42.3656970],[-71.03405600000001,42.3656510],[-71.03403299999999,42.3656420],[-71.03410,42.3655550],[-71.03417500000001,42.3655880],[-71.0340710,42.3657180],[-71.0340640,42.3657160]]],"type":"Polygon"},"id":1096,"properties":{"bra_use":"CM","foots_1003":"4545","gm_layer":"Unknown Area Type","gm_type":"Unknown Area Type","layer":"Unknown Area Type","lnduse":"CM","name":"","objectid_1":"5041","parcel_id":"104725000","story_ht_":"0"},"type":"Feature"}
,{"geometry":{"coordinates":[[[-71.0343460,42.3671670],[-71.0343620,42.3671480],[-71.0343970,42.3671630],[-71.0343810,42.3671840],[-71.0343960,42.3671910],[-71.0343350,42.3672640],[-71.03420199999999,42.3672130],[-71.0342830,42.3671070],[-71.0343530,42.3671350],[-71.03433200000001,42.367160]]],"type":"Polygon"},"id":1307,"properties":{"bra_use":"RL","foots_1003":"4756","gm_layer":"Unknown Area Type","gm_type":"Unknown Area Type","layer":"Unknown Area Type","lnduse":"RL","name":"","objectid_1":"5252","parcel_id":"104972000","story_ht_":"0"},"type":"Feature"}
,{"geometry":{"coordinates":[[[-71.0330950,42.366630],[-71.0330980,42.366630],[-71.0331020,42.3666260],[-71.0331320,42.3665940],[-71.0331980,42.3666210],[-71.0331530,42.3666790],[-71.03308300000001,42.3666450]]],"type":"Polygon"},"id":1317,"properties":{"bra_use":"RL","foots_1003":"4766","gm_layer":"Unknown Area Type","gm_type":"Unknown Area Type","layer":"Unknown Area Type","lnduse":"RL","name":"","objectid_1":"5262","parcel_id":"104983000","story_ht_":"0"},"type":"Feature"}
,{"geometry":{"coordinates":[[[-71.0333950,42.3663050],[-71.0334120,42.3662810],[-71.03339800000001,42.3662740],[-71.03342499999999,42.3662410],[-71.0334330,42.3662440],[-71.0334450,42.3662270],[-71.033490,42.3662470],[-71.03343200000001,42.3663210]]],"type":"Polygon"},"id":1338,"properties":{"bra_use":"CM","foots_1003":"4787","gm_layer":"Unknown Area Type","gm_type":"Unknown Area Type","layer":"Unknown Area Type","lnduse":"CM","name":"","objectid_1":"5283","parcel_id":"105011000","story_ht_":"0"},"type":"Feature"}
,{"geometry":{"coordinates":[[[-71.0346570,42.3675720],[-71.0346170,42.367620],[-71.03457400000001,42.3676010],[-71.03461400000001,42.3675530]]],"type":"Polygon"},"id":1415,"properties":{"bra_use":"RL","foots_1003":"4938","gm_layer":"Unknown Area Type","gm_type":"Unknown Area Type","layer":"Unknown Area Type","lnduse":"RL","name":"","objectid_1":"5460","parcel_id":"105247000","story_ht_":"0"},"type":"Feature"}
,{"geometry":{"coordinates":[[[-71.032310,42.3670340],[-71.03227699999999,42.3670760],[-71.0322090,42.3670470],[-71.0322410,42.3670060]]],"type":"Polygon"},"id":1440,"properties":{"bra_use":"RL","foots_1003":"4963","gm_layer":"Unknown Area Type","gm_type":"Unknown Area Type","layer":"Unknown Area Type","lnduse":"RL","name":"","objectid_1":"5485","parcel_id":"105276000","story_ht_":"0"},"type":"Feature"}
]}