{"type": "FeatureCollection", "features": [{"geometry":{"coordinates":[[[-71.0342670,42.3700670],[-71.0343850,42.3701180],[-71.0343690,42.3701290],[-71.0344040,42.3701530],[-71.03441700000001,42.3701410],[-71.0344920,42.3701910],[-71.0344770,42.3702050],[-71.0345110,42.3702280],[-71.034290,42.3704110],[-71.0343220,42.3704340],[-71.0342740,42.3704740],[-71.0340630,42.3703340],[-71.03411199999999,42.3702950],[-71.0341450,42.3703170],[-71.0343230,42.370170],[-71.03429199999999,42.3701490],[-71.0341920,42.370230],[-71.03416799999999,42.3702140],[-71.0341560,42.3702250],[-71.0341310,42.3702080],[-71.0341440,42.3701960],[-71.0341260,42.3701850]]],"type":"Polygon"},"id":790,"properties":{"bra_use":"E","foots_1003":"3934","gm_layer":"Unknown Area Type","gm_type":"Unknown Area Type","layer":"Unknown Area Type","lnduse":"E","name":"","objectid_1":"4404","parcel_id":"104015000","story_ht_":"2.5"},"type":"Feature"}
,{"geometry":{"coordinates":[[[-71.0348290,42.3712650],[-71.0349210,42.3713250],[-71.0348630,42.3713760],[-71.03483900000001,42.3713630],[-71.0347630,42.3714280],[-71.0347010,42.3713810]]],"type":"Polygon"},"id":705,"properties":{"bra_use":"I","foots_1003":"3848","gm_layer":"Unknown Area Type","gm_type":"Unknown Area Type","layer":"Unknown Area Type","lnduse":"I","name":"","objectid_1":"4318","parcel_id":"103920001","story_ht_":"2"},"type":"Feature"}
,{"geometry":{"coordinates":[[[-71.0348090,42.3710630],[-71.03464200000001,42.3709530],[-71.0347570,42.3708570],[-71.0349220,42.3709660],[-71.0349240,42.3709680],[-71.03480999999999,42.3710640]]],"type":"Polygon"},"id":709,"properties":{"bra_use":"C","foots_1003":"3853","gm_layer":"Unknown Area Type","gm_type":"Unknown Area Type","layer":"Unknown Area Type","lnduse":"C","name":"","objectid_1":"4323","parcel_id":"103924000","story_ht_":"2"},"type":"Feature"}
,{"geometry":{"coordinates":[[[-71.0339840,42.3707050],[-71.03398900000001,42.3707210],[-71.0339730,42.3707350],[-71.0339580,42.3707350],[-71.0339360,42.3707550],[-71.0337820,42.3706580],[-71.0338380,42.3706110]]],"type":"Polygon"},"id":795,"properties":{"bra_use":"R2","foots_1003":"3939","gm_layer":"Unknown Area Type","gm_type":"Unknown Area Type","layer":"Unknown Area Type","lnduse":"R2","name":"","objectid_1":"4409","parcel_id":"104020000","story_ht_":"2"},"type":"Feature"}
,{"geometry":{"coordinates":[[[-71.034520,42.3720980],[-71.0345040,42.3720860],[-71.03434300000001,42.3719730],[-71.0347280,42.3716760],[-71.0347340,42.3716710],[-71.034910,42.3717970]]],"type":"Polygon"},"id":704,"properties":{"bra_use":"I","foots_1003":"3847","gm_layer":"Unknown Area Type","gm_type":"Unknown Area Type","layer":"Unknown Area Type","lnduse":"I","name":"","objectid_1":"4317","parcel_id":"103919002","story_ht_":"1"},"type":"Feature"}
,{"geometry":{"coordinates":[[[-71.0340910,42.3723260],[-71.0341640,42.3722620],[-71.03429800000001,42.3723440],[-71.03422500000001,42.3724090]]],"type":"Polygon"},"id":706,"properties":{"bra_use":"I","foots_1003":"3849","gm_layer":"Unknown Area Type","gm_type":"Unknown Area Type","layer":"Unknown Area Type","lnduse":"I","name":"","objectid_1":"4319","parcel_id":"103921001","story_ht_":"1"},"type":"Feature"}
,{"geometry":{"coordinates":[[[-71.0349040,42.3705770],[-71.0351730,42.3707480],[-71.03492900000001,42.3709590],[-71.034660,42.3707870]]],"type":"Polygon"},"id":708,"properties":{"bra_use":"I","foots_1003":"3852","gm_layer":"Unknown Area Type","gm_type":"Unknown Area Type","layer":"Unknown Area Type","lnduse":"I","name":"","objectid_1":"4322","parcel_id":"103923000","story_ht_":"1"},"type":"Feature"}
,{"geometry":{"coordinates":[[[-71.0333840,42.3704020],[-71.0333390,42.370440],[-71.033170,42.3703320],[-71.0332160,42.3702930]]],"type":"Polygon"},"id":805,"properties":{"bra_use":"I","foots_1003":"3949","gm_layer":"Unknown Area Type","gm_type":"Unknown Area Type","layer":"Unknown Area Type","lnduse":"I","name":"","objectid_1":"4419","parcel_id":"104029000","story_ht_":"1"},"type":"Feature"}
,{"geometry":{"coordinates":[[[-71.0333280,42.3689740],[-71.03338700000001,42.3690120],[-71.03322300000001,42.3691550],[-71.0331650,42.3691180]]],"type":"Polygon"},"id":871,"properties":{"bra_use":"I","foots_1003":"4015","gm_layer":"Unknown Area Type","gm_type":"Unknown Area Type","layer":"Unknown Area Type","lnduse":"I","name":"","objectid_1":"4485","parcel_id":"104084000","story_ht_":"1"},"type":"Feature"}
,{"geometry":{"coordinates":[[[-71.0324790,42.3692410],[-71.0323410,42.3693640],[-71.0321170,42.3692240],[-71.0322570,42.3691010]]],"type":"Polygon"},"id":918,"properties":{"bra_use":"C","foots_1003":"4170","gm_layer":"Unknown Area Type","gm_type":"Unknown Area Type","layer":"Unknown Area Type","lnduse":"C","name":"","objectid_1":"4640","parcel_id":"104162000","story_ht_":"1"},"type":"Feature"}
,{"geometry":{"coordinates":[[[-71.0333050,42.3707440],[-71.0332820,42.3707290],[-71.0333460,42.3706710],[-71.033480,42.3707560],[-71.0334690,42.3707650],[-71.03355500000001,42.3708190],[-71.0334850,42.370880],[-71.0334630,42.3708640],[-71.0333610,42.3709540],[-71.03327400000001,42.371030],[-71.0333050,42.371050],[-71.0332390,42.3711070],[-71.0331410,42.3710460],[-71.0331310,42.3710560],[-71.0329950,42.3709710],[-71.0329970,42.3709710],[-71.0330610,42.3709140],[-71.0330890,42.3709310]]],"type":"Polygon"},"id":784,"properties":{"bra_use":"CM","foots_1003":"3928","gm_layer":"Unknown Area Type","gm_type":"Unknown Area Type","layer":"Unknown Area Type","lnduse":"CM","name":"","objectid_1":"4398","parcel_id":"104004000","story_ht_":"0"},"type":"Feature"}
,{"geometry":{"coordinates":[[[-71.03389199999999,42.3704160],[-71.0338780,42.3704290],[-71.0338910,42.3704370],[-71.0338450,42.3704760],[-71.03366800000001,42.370360],[-71.0337270,42.370310]]],"type":"Polygon"},"id":786,"properties":{"bra_use":"CM","foots_1003":"3930","gm_layer":"Unknown Area Type","gm_type":"Unknown Area Type","layer":"Unknown Area Type","lnduse":"CM","name":"","objectid_1":"4400","parcel_id":"104007000","story_ht_":"0"},"type":"Feature"}
,{"geometry":{"coordinates":[[[-71.03412400000001,42.3706130],[-71.03406200000001,42.3706650],[-71.0339030,42.370560],[-71.0339250,42.3705430],[-71.0339020,42.3705280],[-71.0339350,42.3705020],[-71.0339570,42.3705160],[-71.0339650,42.3705090]]],"type":"Polygon"},"id":793,"properties":{"bra_use":"CM","foots_1003":"3937","gm_layer":"Unknown Area Type","gm_type":"Unknown Area Type","layer":"Unknown Area Type","lnduse":"CM","name":"","objectid_1":"4407","parcel_id":"104018000","story_ht_":"0"},"type":"Feature"}
,{"geometry":{"coordinates":[[[-71.0335710,42.3702450],[-71.0335070,42.3703010],[-71.033390,42.3702290],[-71.0333840,42.3702340],[-71.0333380,42.3702040],[-71.033390,42.3701580],[-71.0334220,42.3701780],[-71.0334410,42.3701760],[-71.03347100000001,42.3701940],[-71.0334790,42.3701860]]],"type":"Polygon"},"id":803,"properties":{"bra_use":"CM","foots_1003":"3947","gm_layer":"Unknown Area Type","gm_type":"Unknown Area Type","layer":"Unknown Area Type","lnduse":"CM","name":"","objectid_1":"4417","parcel_id":"104027000","story_ht_":"0"},"type":"Feature"}
,{"geometry":{"coordinates":[[[-71.03253100000001,42.3702960],[-71.0327630,42.3704470],[-71.0327070,42.3704940],[-71.0324720,42.3703450]]],"type":"Polygon"},"id":825,"properties":{"bra_use":"CM","foots_1003":"3969","gm_layer":"Unknown Area Type","gm_type":"Unknown Area Type","layer":"Unknown Area Type","lnduse":"CM","name":"","objectid_1":"4439","parcel_id":"104046000","story_ht_":"0"},"type":"Feature"}
,{"geometry":{"coordinates":[[[-71.03279600000001,42.3703490],[-71.03281200000001,42.3703590],[-71.0327650,42.37040],[-71.0325550,42.3702680],[-71.0326170,42.3702130],[-71.032810,42.3703360]]],"type":"Polygon"},"id":826,"properties":{"bra_use":"CM","foots_1003":"3970","gm_layer":"Unknown Area Type","gm_type":"Unknown Area Type","layer":"Unknown Area Type","lnduse":"CM","name":"","objectid_1":"4440","parcel_id":"104047000","story_ht_":"0"},"type":"Feature"}
,{"geometry":{"coordinates":[[[-71.0329380,42.3701410],[-71.0328920,42.3701120],[-71.0329120,42.3700950],[-71.03292999999999,42.370080],[-71.0329770,42.3701090],[-71.03295799999999,42.3701260]]],"type":"Polygon"},"id":829,"properties":{"bra_use":"CM","foots_1003":"3973","gm_layer":"Unknown Area Type","gm_type":"Unknown Area Type","layer":"Unknown Area Type","lnduse":"CM","name":"","objectid_1":"4443","parcel_id":"104050000","story_ht_":"0"},"type":"Feature"}
,{"geometry":{"coordinates":[[[-71.03297600000001,42.370210],[-71.03296400000001,42.3702040],[-71.032770,42.3700820],[-71.0328210,42.3700370],[-71.0329120,42.3700950],[-71.0328920,42.3701120],[-71.0329380,42.3701410],[-71.03295799999999,42.3701260],[-71.0330240,42.3701660]]],"type":"Polygon"},"id":830,"properties":{"bra_use":"CM","foots_1003":"3974","gm_layer":"Unknown Area Type","gm_type":"Unknown Area Type","layer":"Unknown Area Type","lnduse":"CM","name":"","objectid_1":"4444","parcel_id":"104050000","story_ht_":"0"},"type":"Feature"}
,{"geometry":{"coordinates":[[[-71.0330680,42.3701330],[-71.0330860,42.3701430],[-71.03304900000001,42.3701760],[-71.0330280,42.3701620],[-71.0330240,42.3701660],[-71.03295799999999,42.3701260],[-71.0329770,42.3701090],[-71.03292999999999,42.370080],[-71.0329120,42.3700950],[-71.0328210,42.3700370],[-71.0328730,42.3699940],[-71.03307599999999,42.3701260]]],"type":"Polygon"},"id":831,"properties":{"bra_use":"CM","foots_1003":"3975","gm_layer":"Unknown Area Type","gm_type":"Unknown Area Type","layer":"Unknown Area Type","lnduse":"CM","name":"","objectid_1":"4445","parcel_id":"104051000","story_ht_":"0"},"type":"Feature"}
,{"geometry":{"coordinates":[[[-71.0331150,42.369920],[-71.0330970,42.3699360],[-71.033140,42.3699640],[-71.0331590,42.3699480],[-71.0332310,42.3699950],[-71.03317800000001,42.3700390],[-71.0329740,42.3699060],[-71.0330270,42.3698630]]],"type":"Polygon"},"id":835,"properties":{"bra_use":"CM","foots_1003":"3979","gm_layer":"Unknown Area Type","gm_type":"Unknown Area Type","layer":"Unknown Area Type","lnduse":"CM","name":"","objectid_1":"4449","parcel_id":"104054000","story_ht_":"0"},"type":"Feature"}
,{"geometry":{"coordinates":[[[-71.033140,42.3699640],[-71.0330970,42.3699360],[-71.0331150,42.369920],[-71.03313300000001,42.3699050],[-71.0331760,42.3699330],[-71.0331590,42.3699480]]],"type":"Polygon"},"id":836,"properties":{"bra_use":"CM","foots_1003":"3980","gm_layer":"Unknown Area Type","gm_type":"Unknown Area Type","layer":"Unknown Area Type","lnduse":"CM","name":"","objectid_1":"4450","parcel_id":"104054000","story_ht_":"0"},"type":"Feature"}
,{"geometry":{"coordinates":[[[-71.03307700000001,42.369820],[-71.033140,42.3697660],[-71.0332820,42.3698610],[-71.03329600000001,42.3698490],[-71.03333499999999,42.3698730],[-71.0333390,42.3698750],[-71.0332830,42.3699250],[-71.0332440,42.3699010],[-71.0332270,42.3699160]]],"type":"Polygon"},"id":838,"properties":{"bra_use":"CM","foots_1003":"3982","gm_layer":"Unknown Area Type","gm_type":"Unknown Area Type","layer":"Unknown Area Type","lnduse":"CM","name":"","objectid_1":"4452","parcel_id":"104056000","story_ht_":"0"},"type":"Feature"}
,{"geometry":{"coordinates":[[[-71.0329910,42.3690370],[-71.0330440,42.369070],[-71.0330,42.369110],[-71.0329460,42.3690770]]],"type":"Polygon"},"id":870,"properties":{"bra_use":"RL","foots_1003":"4014","gm_layer":"Unknown Area Type","gm_type":"Unknown Area Type","layer":"Unknown Area Type","lnduse":"RL","name":"","objectid_1":"4484","parcel_id":"104083000","story_ht_":"0"},"type":"Feature"}
,{"geometry":{"coordinates":[[[-71.0331880,42.3688660],[-71.033260,42.3688090],[-71.0333160,42.3688490],[-71.03329100000001,42.3688690],[-71.0332840,42.3688640],[-71.0332370,42.3689010]]],"type":"Polygon"},"id":872,"properties":{"bra_use":"RL","foots_1003":"4016","gm_layer":"Unknown Area Type","gm_type":"Unknown Area Type","layer":"Unknown Area Type","lnduse":"RL","name":"","objectid_1":"4486","parcel_id":"104085000","story_ht_":"0"},"type":"Feature"}
,{"geometry":{"coordinates":[[[-71.0328820,42.3695840],[-71.032820,42.3695440],[-71.0328920,42.3694840],[-71.0329540,42.3695240]]],"type":"Polygon"},"id":880,"properties":{"bra_use":"RL","foots_1003":"4024","gm_layer":"Unknown Area Type","gm_type":"Unknown Area Type","layer":"Unknown Area Type","lnduse":"RL","name":"","objectid_1":"4494","parcel_id":"104095001","story_ht_":"0"},"type":"Feature"}
,{"geometry":{"coordinates":[[[-71.0326230,42.3696670],[-71.0328480,42.3698120],[-71.0327870,42.3698640],[-71.0327020,42.369810],[-71.0327210,42.3697950],[-71.0326780,42.3697680],[-71.03266000000001,42.3697830],[-71.0325610,42.3697190]]],"type":"Polygon"},"id":883,"properties":{"bra_use":"CM","foots_1003":"4027","gm_layer":"Unknown Area Type","gm_type":"Unknown Area Type","layer":"Unknown Area Type","lnduse":"CM","name":"","objectid_1":"4497","parcel_id":"104098000","story_ht_":"0"},"type":"Feature"}
,{"geometry":{"coordinates":[[[-71.0326780,42.3697680],[-71.0327210,42.3697950],[-71.0327020,42.369810],[-71.0326840,42.3698270],[-71.0326420,42.36980],[-71.03266000000001,42.3697830]]],"type":"Polygon"},"id":884,"properties":{"bra_use":"CM","foots_1003":"4028","gm_layer":"Unknown Area Type","gm_type":"Unknown Area Type","layer":"Unknown Area Type","lnduse":"CM","name":"","objectid_1":"4498","parcel_id":"104098000","story_ht_":"0"},"type":"Feature"}
,{"geometry":{"coordinates":[[[-71.032150,42.3697360],[-71.0321750,42.3697160],[-71.032240,42.3697590],[-71.03221499999999,42.3697790]]],"type":"Polygon"},"id":888,"properties":{"bra_use":"RL","foots_1003":"4032","gm_layer":"Unknown Area Type","gm_type":"Unknown Area Type","layer":"Unknown Area Type","lnduse":"RL","name":"","objectid_1":"4502","parcel_id":"104118000","story_ht_":"0"},"type":"Feature"}
,{"geometry":{"coordinates":[[[-71.0321070,42.3697780],[-71.0321490,42.3697420],[-71.0321830,42.3697640],[-71.032180,42.369770],[-71.03222100000001,42.3697950],[-71.03218200000001,42.3698280]]],"type":"Polygon"},"id":889,"properties":{"bra_use":"RL","foots_1003":"4033","gm_layer":"Unknown Area Type","gm_type":"Unknown Area Type","layer":"Unknown Area Type","lnduse":"RL","name":"","objectid_1":"4503","parcel_id":"104118000","story_ht_":"0"},"type":"Feature"}
,{"geometry":{"coordinates":[[[-71.0322140,42.3697020],[-71.0322620,42.3696630],[-71.0323250,42.3697020],[-71.0322750,42.3697430]]],"type":"Polygon"},"id":890,"properties":{"bra_use":"RL","foots_1003":"4034","gm_layer":"Unknown Area Type","gm_type":"Unknown Area Type","layer":"Unknown Area Type","lnduse":"RL","name":"","objectid_1":"4504","parcel_id":"104119000","story_ht_":"0"},"type":"Feature"}
,{"geometry":{"coordinates":[[[-71.0323610,42.3696720],[-71.03233400000001,42.3696960],[-71.0322730,42.3696560],[-71.0323010,42.3696320]]],"type":"Polygon"},"id":891,"properties":{"bra_use":"RL","foots_1003":"4035","gm_layer":"Unknown Area Type","gm_type":"Unknown Area Type","layer":"Unknown Area Type","lnduse":"RL","name":"","objectid_1":"4505","parcel_id":"104120000","story_ht_":"0"},"type":"Feature"}
]}