{"type": "FeatureCollection", "features": [{"geometry":{"coordinates":[[[-71.05648100000001,42.3323950],[-71.0565550,42.3323090],[-71.056720,42.3323680],[-71.0566470,42.3324730]]],"type":"Polygon"},"id":14732,"properties":{"bra_use":"C","foots_1003":"20358","gm_layer":"Unknown Area Type","gm_type":"Unknown Area Type","layer":"Unknown Area Type","lnduse":"C","name":"","objectid_1":"20703","parcel_id":"700235000","story_ht_":"1"},"type":"Feature"}
,{"geometry":{"coordinates":[[[-71.056720,42.3323680],[-71.0568810,42.3324240],[-71.05680099999999,42.3325450],[-71.0566470,42.3324730]]],"type":"Polygon"},"id":14733,"properties":{"bra_use":"C","foots_1003":"20359","gm_layer":"Unknown Area Type","gm_type":"Unknown Area Type","layer":"Unknown Area Type","lnduse":"C","name":"","objectid_1":"20704","parcel_id":"700235000","story_ht_":"1"},"type":"Feature"}
,{"geometry":{"coordinates":[[[-71.0562960,42.3297070],[-71.05645199999999,42.3296930],[-71.05649200000001,42.3297520],[-71.0563720,42.3298090]]],"type":"Polygon"},"id":14977,"properties":{"bra_use":"C","foots_1003":"20604","gm_layer":"Unknown Area Type","gm_type":"Unknown Area Type","layer":"Unknown Area Type","lnduse":"C","name":"","objectid_1":"21027","parcel_id":"700687000","story_ht_":"1"},"type":"Feature"}
,{"geometry":{"coordinates":[[[-71.0560790,42.3307040],[-71.0561330,42.3306760],[-71.0561970,42.3307430],[-71.05614199999999,42.3307720]]],"type":"Polygon"},"id":11,"properties":{"bra_use":"R1","foots_1003":"12","gm_layer":"Unknown Area Type","gm_type":"Unknown Area Type","layer":"Unknown Area Type","lnduse":"","name":"","objectid_1":"15","parcel_id":"0","story_ht_":"0"},"type":"Feature"}
,{"geometry":{"coordinates":[[[-71.05925499999999,42.3311960],[-71.0592870,42.3311950],[-71.05928900000001,42.3312490],[-71.0592570,42.331250]]],"type":"Polygon"},"id":14592,"properties":{"bra_use":"I","foots_1003":"20218","gm_layer":"Unknown Area Type","gm_type":"Unknown Area Type","layer":"Unknown Area Type","lnduse":"E","name":"","objectid_1":"20563","parcel_id":"700071000","story_ht_":"0"},"type":"Feature"}
,{"geometry":{"coordinates":[[[-71.05735900000001,42.3296890],[-71.0574980,42.329690],[-71.0574980,42.3298310],[-71.0574390,42.3298310],[-71.057440,42.329810],[-71.05735799999999,42.3298090]]],"type":"Polygon"},"id":14612,"properties":{"bra_use":"CL","foots_1003":"20238","gm_layer":"Unknown Area Type","gm_type":"Unknown Area Type","layer":"Unknown Area Type","lnduse":"CL","name":"","objectid_1":"20583","parcel_id":"700080000","story_ht_":"0"},"type":"Feature"}
,{"geometry":{"coordinates":[[[-71.0561950,42.3307290],[-71.05612600000001,42.3306570],[-71.0561720,42.3306320],[-71.0562430,42.3307050]]],"type":"Polygon"},"id":14633,"properties":{"bra_use":"CM","foots_1003":"20259","gm_layer":"Unknown Area Type","gm_type":"Unknown Area Type","layer":"Unknown Area Type","lnduse":"CM","name":"","objectid_1":"20604","parcel_id":"700112000","story_ht_":"0"},"type":"Feature"}
,{"geometry":{"coordinates":[[[-71.0562980,42.3306770],[-71.0562430,42.3307050],[-71.0561720,42.3306320],[-71.0562280,42.3306030]]],"type":"Polygon"},"id":14634,"properties":{"bra_use":"CM","foots_1003":"20260","gm_layer":"Unknown Area Type","gm_type":"Unknown Area Type","layer":"Unknown Area Type","lnduse":"CM","name":"","objectid_1":"20605","parcel_id":"700113000","story_ht_":"0"},"type":"Feature"}
,{"geometry":{"coordinates":[[[-71.0560730,42.3310850],[-71.0559810,42.3311350],[-71.0559090,42.3310630],[-71.0560030,42.3310120],[-71.05607500000001,42.3310850]]],"type":"Polygon"},"id":14663,"properties":{"bra_use":"CM","foots_1003":"20289","gm_layer":"Unknown Area Type","gm_type":"Unknown Area Type","layer":"Unknown Area Type","lnduse":"CM","name":"","objectid_1":"20634","parcel_id":"700151000","story_ht_":"0"},"type":"Feature"}
,{"geometry":{"coordinates":[[[-71.055260,42.3307620],[-71.0552410,42.3307390],[-71.0553640,42.3306810],[-71.0554190,42.3307440],[-71.05524699999999,42.3308270],[-71.0552110,42.3307860]]],"type":"Polygon"},"id":14667,"properties":{"bra_use":"CM","foots_1003":"20293","gm_layer":"Unknown Area Type","gm_type":"Unknown Area Type","layer":"Unknown Area Type","lnduse":"CM","name":"","objectid_1":"20638","parcel_id":"700159000","story_ht_":"0"},"type":"Feature"}
,{"geometry":{"coordinates":[[[-71.0558860,42.3312510],[-71.0558990,42.3312640],[-71.0558940,42.3312740],[-71.0559110,42.3312910],[-71.0559250,42.3312930],[-71.05593500000001,42.3313050],[-71.05592900000001,42.3313190],[-71.0558240,42.3313750],[-71.0557610,42.3313120],[-71.0558690,42.3312520]]],"type":"Polygon"},"id":14676,"properties":{"bra_use":"CM","foots_1003":"20302","gm_layer":"Unknown Area Type","gm_type":"Unknown Area Type","layer":"Unknown Area Type","lnduse":"CM","name":"","objectid_1":"20647","parcel_id":"700168010","story_ht_":"0"},"type":"Feature"}
,{"geometry":{"coordinates":[[[-71.05471799999999,42.3314050],[-71.05470,42.3313860],[-71.05470800000001,42.3313840],[-71.0547210,42.3313540],[-71.05470,42.331330],[-71.0548410,42.3312640],[-71.0548940,42.3313270]]],"type":"Polygon"},"id":14707,"properties":{"bra_use":"CM","foots_1003":"20333","gm_layer":"Unknown Area Type","gm_type":"Unknown Area Type","layer":"Unknown Area Type","lnduse":"CM","name":"","objectid_1":"20678","parcel_id":"700202000","story_ht_":"0"},"type":"Feature"}
,{"geometry":{"coordinates":[[[-71.0549470,42.3313880],[-71.05480,42.3314540],[-71.0547710,42.3314140],[-71.0547380,42.3314270],[-71.05471799999999,42.3314050],[-71.0548940,42.3313270]]],"type":"Polygon"},"id":14708,"properties":{"bra_use":"CM","foots_1003":"20334","gm_layer":"Unknown Area Type","gm_type":"Unknown Area Type","layer":"Unknown Area Type","lnduse":"CM","name":"","objectid_1":"20679","parcel_id":"700202100","story_ht_":"0"},"type":"Feature"}
,{"geometry":{"coordinates":[[[-71.0556390,42.329540],[-71.0556780,42.3295840],[-71.0559270,42.3298750],[-71.0559260,42.3298750],[-71.0558920,42.3298910],[-71.05591699999999,42.329920],[-71.05619400000001,42.329790],[-71.0562470,42.3298510],[-71.0562450,42.3298620],[-71.05623199999999,42.329870],[-71.0562190,42.3298670],[-71.0561910,42.329880],[-71.056190,42.329890],[-71.05617700000001,42.3298970],[-71.0561630,42.3298940],[-71.0561170,42.3299170],[-71.05611399999999,42.3299260],[-71.0561010,42.3299340],[-71.0560890,42.3299320],[-71.05607999999999,42.3299350],[-71.0560780,42.3299460],[-71.0560680,42.329950],[-71.0560540,42.3299490],[-71.0560050,42.3299740],[-71.05600200000001,42.3299820],[-71.05598999999999,42.3299890],[-71.0559780,42.3299870],[-71.0559490,42.3300020],[-71.05594499999999,42.330010],[-71.0559310,42.3300170],[-71.05590599999999,42.3300140],[-71.05589500000001,42.3300040],[-71.0558980,42.3299950],[-71.05582699999999,42.3299160],[-71.05581599999999,42.3299150],[-71.0558070,42.3299040],[-71.0558090,42.3298960],[-71.055790,42.3298740],[-71.0557780,42.3298730],[-71.055770,42.3298630],[-71.05577099999999,42.3298540],[-71.0557410,42.3298160],[-71.0557290,42.3298150],[-71.0557220,42.3298070],[-71.0557250,42.3297990],[-71.05572100000001,42.3297920],[-71.05570400000001,42.3297890],[-71.05569800000001,42.3297810],[-71.0557010,42.3297720],[-71.05567000000001,42.3297320],[-71.05565799999999,42.3297320],[-71.0556510,42.3297230],[-71.05565300000001,42.3297150],[-71.055650,42.329710],[-71.0556340,42.3297050],[-71.0556260,42.3296950],[-71.0556290,42.3296870],[-71.0555990,42.3296480],[-71.05558499999999,42.3296480],[-71.0555780,42.329640],[-71.0555820,42.3296310],[-71.0555620,42.3296050],[-71.05555099999999,42.3296080],[-71.05554100000001,42.3295960],[-71.0555440,42.3295830]]],"type":"Polygon"},"id":14980,"properties":{"bra_use":"CM","foots_1003":"20607","gm_layer":"Unknown Area Type","gm_type":"Unknown Area Type","layer":"Unknown Area Type","lnduse":"CM","name":"","objectid_1":"21030","parcel_id":"700689000","story_ht_":"0"},"type":"Feature"}
]}