{"type": "FeatureCollection", "features": [{"geometry":{"coordinates":[[[-71.0560340,42.3358180],[-71.0560310,42.3357710],[-71.05593500000001,42.3357750],[-71.05592300000001,42.3356240],[-71.05608700000001,42.335620],[-71.05608700000001,42.3356090],[-71.0562340,42.3356040],[-71.05623799999999,42.3356450],[-71.0566170,42.3356330],[-71.0566180,42.3356540],[-71.0566190,42.3357430],[-71.0562910,42.3357540],[-71.05629399999999,42.335810]]],"type":"Polygon"},"id":11973,"properties":{"bra_use":"I","foots_1003":"16996","gm_layer":"Unknown Area Type","gm_type":"Unknown Area Type","layer":"Unknown Area Type","lnduse":"","name":"","objectid_1":"17410","parcel_id":"600273005","story_ht_":"0"},"type":"Feature"}
,{"geometry":{"coordinates":[[[-71.05695299999999,42.3359430],[-71.05627200000001,42.3359670],[-71.0562630,42.3358620],[-71.0562980,42.3358590],[-71.0569520,42.335840]]],"type":"Polygon"},"id":11974,"properties":{"bra_use":"I","foots_1003":"16997","gm_layer":"Unknown Area Type","gm_type":"Unknown Area Type","layer":"Unknown Area Type","lnduse":"","name":"","objectid_1":"17411","parcel_id":"600273005","story_ht_":"0"},"type":"Feature"}
,{"geometry":{"coordinates":[[[-71.05629399999999,42.335810],[-71.0562910,42.3357540],[-71.0566190,42.3357430],[-71.0566180,42.3356540],[-71.0568380,42.3356480],[-71.0568390,42.3356540],[-71.05694800000001,42.3356510],[-71.0569520,42.335840],[-71.0562980,42.3358590]]],"type":"Polygon"},"id":11975,"properties":{"bra_use":"I","foots_1003":"16998","gm_layer":"Unknown Area Type","gm_type":"Unknown Area Type","layer":"Unknown Area Type","lnduse":"","name":"","objectid_1":"17412","parcel_id":"600273005","story_ht_":"0"},"type":"Feature"}
,{"geometry":{"coordinates":[[[-71.054790,42.3358190],[-71.0547560,42.3357970],[-71.0548060,42.3357550],[-71.0548390,42.3357740]]],"type":"Polygon"},"id":12028,"properties":{"bra_use":"RL","foots_1003":"17051","gm_layer":"Unknown Area Type","gm_type":"Unknown Area Type","layer":"Unknown Area Type","lnduse":"RL","name":"","objectid_1":"17465","parcel_id":"600339000","story_ht_":"0"},"type":"Feature"}
,{"geometry":{"coordinates":[[[-71.05477500000001,42.3362370],[-71.05483099999999,42.3362740],[-71.0548280,42.3362770],[-71.05489799999999,42.3363240],[-71.0548160,42.336390],[-71.054750,42.3363390],[-71.0547440,42.3363450],[-71.0546880,42.3363080]]],"type":"Polygon"},"id":12052,"properties":{"bra_use":"C","foots_1003":"17075","gm_layer":"Unknown Area Type","gm_type":"Unknown Area Type","layer":"Unknown Area Type","lnduse":"C","name":"","objectid_1":"17489","parcel_id":"600404000","story_ht_":"0"},"type":"Feature"}
,{"geometry":{"coordinates":[[[-71.0567140,42.3330510],[-71.0568150,42.3330890],[-71.0567470,42.3331860],[-71.05677799999999,42.3331970],[-71.05671100000001,42.3332950],[-71.056580,42.3332450],[-71.0566460,42.3331490]]],"type":"Polygon"},"id":14509,"properties":{"bra_use":"CL","foots_1003":"20135","gm_layer":"Unknown Area Type","gm_type":"Unknown Area Type","layer":"Unknown Area Type","lnduse":"CL","name":"","objectid_1":"20707","parcel_id":"700240001","story_ht_":"0"},"type":"Feature"}
,{"geometry":{"coordinates":[[[-71.0553870,42.3345060],[-71.0554550,42.334480],[-71.05551300000001,42.3345630],[-71.05544399999999,42.3345880]]],"type":"Polygon"},"id":14533,"properties":{"bra_use":"C","foots_1003":"20159","gm_layer":"Unknown Area Type","gm_type":"Unknown Area Type","layer":"Unknown Area Type","lnduse":"C","name":"","objectid_1":"20731","parcel_id":"700266000","story_ht_":"0"},"type":"Feature"}
]}