{"type": "FeatureCollection", "features": [{"geometry":{"coordinates":[[[-71.0482220,42.3261250],[-71.0482580,42.3260110],[-71.04828500000001,42.3260160],[-71.0483010,42.3259590],[-71.0482760,42.3259550],[-71.0483090,42.325850],[-71.0485430,42.3258910],[-71.0484550,42.3261680]]],"type":"Polygon"},"id":15540,"properties":{"bra_use":"XG","foots_1003":"21167","gm_layer":"Unknown Area Type","gm_type":"Unknown Area Type","layer":"Unknown Area Type","lnduse":"E","name":"","objectid_1":"21615","parcel_id":"701421000","story_ht_":"0"},"type":"Feature"}
,{"geometry":{"coordinates":[[[-71.0482870,42.3266850],[-71.0483030,42.3266870],[-71.0482760,42.3267730],[-71.0480340,42.3267320],[-71.048030,42.3267450],[-71.04794200000001,42.3267310],[-71.0479740,42.3266280],[-71.0480610,42.3266440]]],"type":"Polygon"},"id":15541,"properties":{"bra_use":"XG","foots_1003":"21168","gm_layer":"Unknown Area Type","gm_type":"Unknown Area Type","layer":"Unknown Area Type","lnduse":"E","name":"","objectid_1":"21616","parcel_id":"701421000","story_ht_":"0"},"type":"Feature"}
,{"geometry":{"coordinates":[[[-71.0483010,42.3259590],[-71.04828500000001,42.3260160],[-71.0482580,42.3260110],[-71.0482030,42.3260010],[-71.0482190,42.3259450],[-71.0482760,42.3259550]]],"type":"Polygon"},"id":15542,"properties":{"bra_use":"XG","foots_1003":"21169","gm_layer":"Unknown Area Type","gm_type":"Unknown Area Type","layer":"Unknown Area Type","lnduse":"E","name":"","objectid_1":"21617","parcel_id":"701421000","story_ht_":"0"},"type":"Feature"}
,{"geometry":{"coordinates":[[[-71.0483090,42.325850],[-71.0482250,42.3258350],[-71.04825200000001,42.3257450],[-71.0485850,42.3258030],[-71.0485570,42.3258920],[-71.0485430,42.3258910]]],"type":"Polygon"},"id":15543,"properties":{"bra_use":"XG","foots_1003":"21170","gm_layer":"Unknown Area Type","gm_type":"Unknown Area Type","layer":"Unknown Area Type","lnduse":"E","name":"","objectid_1":"21618","parcel_id":"701421000","story_ht_":"0"},"type":"Feature"}
,{"geometry":{"coordinates":[[[-71.0481460,42.3264450],[-71.04812800000001,42.3265020],[-71.0481070,42.3264990],[-71.048050,42.326490],[-71.0480680,42.3264340],[-71.0481230,42.3264430]]],"type":"Polygon"},"id":15544,"properties":{"bra_use":"XG","foots_1003":"21171","gm_layer":"Unknown Area Type","gm_type":"Unknown Area Type","layer":"Unknown Area Type","lnduse":"E","name":"","objectid_1":"21619","parcel_id":"701421000","story_ht_":"0"},"type":"Feature"}
,{"geometry":{"coordinates":[[[-71.0482870,42.3266850],[-71.0480610,42.3266440],[-71.0481070,42.3264990],[-71.04812800000001,42.3265020],[-71.0481460,42.3264450],[-71.0481230,42.3264430],[-71.0481740,42.3262840],[-71.04840,42.3263230]]],"type":"Polygon"},"id":15545,"properties":{"bra_use":"XG","foots_1003":"21172","gm_layer":"Unknown Area Type","gm_type":"Unknown Area Type","layer":"Unknown Area Type","lnduse":"E","name":"","objectid_1":"21620","parcel_id":"701421000","story_ht_":"0"},"type":"Feature"}
,{"geometry":{"coordinates":[[[-71.0481590,42.3262820],[-71.04820700000001,42.3261240],[-71.0482220,42.3261250],[-71.0484550,42.3261680],[-71.048470,42.326170],[-71.04842100000001,42.3263270],[-71.04840,42.3263230],[-71.0481740,42.3262840]]],"type":"Polygon"},"id":15546,"properties":{"bra_use":"XG","foots_1003":"21173","gm_layer":"Unknown Area Type","gm_type":"Unknown Area Type","layer":"Unknown Area Type","lnduse":"E","name":"McCormack Bathhouse","objectid_1":"21621","parcel_id":"701421000","story_ht_":"0"},"type":"Feature"}
]}