{"type": "FeatureCollection", "features": [{"geometry":{"coordinates":[[[-71.09812100000001,42.3284910],[-71.0980150,42.3284670],[-71.0980290,42.3284320],[-71.0978870,42.32840],[-71.09791900000001,42.3283230],[-71.09808700000001,42.3283620],[-71.0981280,42.3282050],[-71.0982090,42.3282160],[-71.09815999999999,42.3284010]]],"type":"Polygon"},"id":19851,"properties":{"bra_use":"C","foots_1003":"26733","gm_layer":"Unknown Area Type","gm_type":"Unknown Area Type","layer":"Unknown Area Type","lnduse":"C","name":"","objectid_1":"27102","parcel_id":"1000371000","story_ht_":"1"},"type":"Feature"}
,{"geometry":{"coordinates":[[[-71.09799099999999,42.3290250],[-71.0980340,42.3289550],[-71.09815399999999,42.3289940],[-71.0981120,42.3290630]]],"type":"Polygon"},"id":19857,"properties":{"bra_use":"I","foots_1003":"26739","gm_layer":"Unknown Area Type","gm_type":"Unknown Area Type","layer":"Unknown Area Type","lnduse":"I","name":"","objectid_1":"27108","parcel_id":"1000396001","story_ht_":"1"},"type":"Feature"}
,{"geometry":{"coordinates":[[[-71.0980430,42.3291810],[-71.09792299999999,42.3291420],[-71.09799099999999,42.3290250],[-71.0981120,42.3290630]]],"type":"Polygon"},"id":19858,"properties":{"bra_use":"I","foots_1003":"26740","gm_layer":"Unknown Area Type","gm_type":"Unknown Area Type","layer":"Unknown Area Type","lnduse":"I","name":"","objectid_1":"27109","parcel_id":"1000396001","story_ht_":"1"},"type":"Feature"}
,{"geometry":{"coordinates":[[[-71.0985780,42.3281610],[-71.09852100000001,42.3283820],[-71.0984610,42.3283730],[-71.098490,42.3282640],[-71.0983660,42.3282460],[-71.09839599999999,42.3281330]]],"type":"Polygon"},"id":19861,"properties":{"bra_use":"C","foots_1003":"26743","gm_layer":"Unknown Area Type","gm_type":"Unknown Area Type","layer":"Unknown Area Type","lnduse":"C","name":"","objectid_1":"27112","parcel_id":"1000401000","story_ht_":"1"},"type":"Feature"}
,{"geometry":{"coordinates":[[[-71.0984340,42.3279120],[-71.09847000000001,42.3277780],[-71.0986170,42.3277990],[-71.09858300000001,42.3279350]]],"type":"Polygon"},"id":19862,"properties":{"bra_use":"C","foots_1003":"26744","gm_layer":"Unknown Area Type","gm_type":"Unknown Area Type","layer":"Unknown Area Type","lnduse":"C","name":"","objectid_1":"27113","parcel_id":"1000401000","story_ht_":"1"},"type":"Feature"}
,{"geometry":{"coordinates":[[[-71.09839599999999,42.3281330],[-71.0983770,42.3281310],[-71.0984340,42.3279120],[-71.09858300000001,42.3279350],[-71.0986360,42.3279430],[-71.0985780,42.3281610]]],"type":"Polygon"},"id":19863,"properties":{"bra_use":"C","foots_1003":"26745","gm_layer":"Unknown Area Type","gm_type":"Unknown Area Type","layer":"Unknown Area Type","lnduse":"C","name":"","objectid_1":"27114","parcel_id":"1000401000","story_ht_":"1"},"type":"Feature"}
,{"geometry":{"coordinates":[[[-71.099080,42.3258890],[-71.0990880,42.3258670],[-71.099130,42.3258770],[-71.09912300000001,42.3258990],[-71.09936399999999,42.3259590],[-71.0993750,42.3259620],[-71.09925800000001,42.3262220],[-71.0990240,42.3261650],[-71.09890799999999,42.3261370],[-71.0989780,42.3259840],[-71.098890,42.3259630],[-71.0989210,42.325850]]],"type":"Polygon"},"id":20658,"properties":{"bra_use":"XG","foots_1003":"28074","gm_layer":"Unknown Area Type","gm_type":"Unknown Area Type","layer":"Unknown Area Type","lnduse":"E","name":"MDC Southwest Corridor Office","objectid_1":"28550","parcel_id":"1002475000","story_ht_":"1"},"type":"Feature"}
,{"geometry":{"coordinates":[[[-71.09551399999999,42.3285190],[-71.0955130,42.3285210],[-71.09550299999999,42.3285190],[-71.09530,42.3284590],[-71.0953430,42.328410],[-71.095540,42.3284670]]],"type":"Polygon"},"id":20699,"properties":{"bra_use":"C","foots_1003":"28266","gm_layer":"Unknown Area Type","gm_type":"Unknown Area Type","layer":"Unknown Area Type","lnduse":"C","name":"","objectid_1":"28768","parcel_id":"1100069000","story_ht_":"1"},"type":"Feature"}
,{"geometry":{"coordinates":[[[-71.09537400000001,42.3267510],[-71.0954380,42.3267850],[-71.0953590,42.3268710],[-71.0952940,42.3268370]]],"type":"Polygon"},"id":21005,"properties":{"bra_use":"R1","foots_1003":"28637","gm_layer":"Unknown Area Type","gm_type":"Unknown Area Type","layer":"Unknown Area Type","lnduse":"R1","name":"","objectid_1":"29088","parcel_id":"1100667000","story_ht_":"1"},"type":"Feature"}
,{"geometry":{"coordinates":[[[-71.09768800000001,42.3287150],[-71.09770,42.3286590],[-71.0977310,42.3286630],[-71.09775000000001,42.3285620],[-71.0978430,42.3285720],[-71.0978480,42.3285470],[-71.0978690,42.3285490],[-71.0978640,42.3285760],[-71.0979510,42.3285850],[-71.0979210,42.3287410]]],"type":"Polygon"},"id":19852,"properties":{"bra_use":"CM","foots_1003":"26734","gm_layer":"Unknown Area Type","gm_type":"Unknown Area Type","layer":"Unknown Area Type","lnduse":"CM","name":"","objectid_1":"27103","parcel_id":"1000373000","story_ht_":"0"},"type":"Feature"}
,{"geometry":{"coordinates":[[[-71.0953330,42.3286520],[-71.09532299999999,42.3286680],[-71.09537899999999,42.3286850],[-71.0953560,42.3287280],[-71.0951690,42.3286720],[-71.0952010,42.3286130]]],"type":"Polygon"},"id":20698,"properties":{"bra_use":"CM","foots_1003":"28265","gm_layer":"Unknown Area Type","gm_type":"Unknown Area Type","layer":"Unknown Area Type","lnduse":"CM","name":"","objectid_1":"28767","parcel_id":"1100067000","story_ht_":"0"},"type":"Feature"}
,{"geometry":{"coordinates":[[[-71.0953430,42.3262190],[-71.09536199999999,42.3262180],[-71.09537899999999,42.3262280],[-71.0953820,42.326240],[-71.0953840,42.3262410],[-71.0953050,42.3263250],[-71.0952430,42.3262930],[-71.0953210,42.3262090]]],"type":"Polygon"},"id":20985,"properties":{"bra_use":"CM","foots_1003":"28617","gm_layer":"Unknown Area Type","gm_type":"Unknown Area Type","layer":"Unknown Area Type","lnduse":"CM","name":"","objectid_1":"29068","parcel_id":"1100624000","story_ht_":"0"},"type":"Feature"}
,{"geometry":{"coordinates":[[[-71.0954490,42.3262740],[-71.0954740,42.3262880],[-71.0954910,42.3262840],[-71.095510,42.3262930],[-71.0955110,42.3263060],[-71.09551500000001,42.3263080],[-71.0954350,42.3263930],[-71.095370,42.3263590]]],"type":"Polygon"},"id":20987,"properties":{"bra_use":"CM","foots_1003":"28619","gm_layer":"Unknown Area Type","gm_type":"Unknown Area Type","layer":"Unknown Area Type","lnduse":"CM","name":"","objectid_1":"29070","parcel_id":"1100626000","story_ht_":"0"},"type":"Feature"}
,{"geometry":{"coordinates":[[[-71.0957160,42.3266580],[-71.095640,42.326740],[-71.09562200000001,42.3267440],[-71.09560399999999,42.3267360],[-71.0956030,42.3267220],[-71.09557700000001,42.3267080],[-71.0956540,42.3266270]]],"type":"Polygon"},"id":20990,"properties":{"bra_use":"CM","foots_1003":"28622","gm_layer":"Unknown Area Type","gm_type":"Unknown Area Type","layer":"Unknown Area Type","lnduse":"CM","name":"","objectid_1":"29073","parcel_id":"1100637000","story_ht_":"0"},"type":"Feature"}
,{"geometry":{"coordinates":[[[-71.09531800000001,42.3265750],[-71.09530,42.3265790],[-71.09528400000001,42.326570],[-71.0952850,42.3265550],[-71.095260,42.3265420],[-71.0953310,42.3264620],[-71.09539700000001,42.3264960],[-71.0953220,42.3265770]]],"type":"Polygon"},"id":20995,"properties":{"bra_use":"CM","foots_1003":"28627","gm_layer":"Unknown Area Type","gm_type":"Unknown Area Type","layer":"Unknown Area Type","lnduse":"CM","name":"","objectid_1":"29078","parcel_id":"1100642000","story_ht_":"0"},"type":"Feature"}
,{"geometry":{"coordinates":[[[-71.095260,42.3265420],[-71.0952550,42.3265450],[-71.0952430,42.326540],[-71.0952320,42.3265440],[-71.0952250,42.326540],[-71.0952240,42.3265310],[-71.0951930,42.3265140],[-71.09527900000001,42.3264210],[-71.0953390,42.3264530],[-71.0953310,42.3264620]]],"type":"Polygon"},"id":20996,"properties":{"bra_use":"CM","foots_1003":"28628","gm_layer":"Unknown Area Type","gm_type":"Unknown Area Type","layer":"Unknown Area Type","lnduse":"CM","name":"","objectid_1":"29079","parcel_id":"1100643000","story_ht_":"0"},"type":"Feature"}
,{"geometry":{"coordinates":[[[-71.0950220,42.3288530],[-71.0950570,42.3288230],[-71.09509900000001,42.3288450],[-71.0951170,42.3288290],[-71.0951870,42.3288670],[-71.0951330,42.3289190]]],"type":"Polygon"},"id":22143,"properties":{"bra_use":"E","foots_1003":"91106","gm_layer":"Unknown Area Type","gm_type":"Unknown Area Type","layer":"Unknown Area Type","lnduse":"","name":"","objectid_1":"91747","parcel_id":"0","story_ht_":"0"},"type":"Feature"}
]}